INSERT INTO `user_type` (`id`, `name`) VALUES (2, 'частное лицо');
INSERT INTO `user_type` (`id`, `name`) VALUES (1, 'юр.лицоб представитель');

INSERT INTO `users` (`id`, `login`, `password`, `first_name`, `second_name`, `phone`, `email`, `user_type_id`, `created_at`, `updated_at`) VALUES (1, 'illo', 'dsche7804', 'Lisette', 'Kris', '32415301653', 'greta.johns@hilpert.biz', 1, '1982-06-27 22:26:01', '1978-04-21 06:15:43');
INSERT INTO `users` (`id`, `login`, `password`, `first_name`, `second_name`, `phone`, `email`, `user_type_id`, `created_at`, `updated_at`) VALUES (2, 'libero', 'tsels3255', 'Reymundo', 'DuBuque', '33989657404', 'elenor.smitham@gmail.com', 1, '2010-10-25 23:15:41', '1974-06-14 02:59:47');
INSERT INTO `users` (`id`, `login`, `password`, `first_name`, `second_name`, `phone`, `email`, `user_type_id`, `created_at`, `updated_at`) VALUES (3, 'porro', 'blhuy6052', 'Bell', 'McClure', '58623522108', 'upton.maida@hotmail.com', 2, '2015-03-18 06:17:02', '2009-03-12 03:37:44');
INSERT INTO `users` (`id`, `login`, `password`, `first_name`, `second_name`, `phone`, `email`, `user_type_id`, `created_at`, `updated_at`) VALUES (4, 'rerum', 'bvikj7525', 'Christelle', 'Leannon', '54276783463', 'goodwin.madalyn@yahoo.com', 2, '2021-03-29 21:32:32', '1999-05-03 09:02:05');
INSERT INTO `users` (`id`, `login`, `password`, `first_name`, `second_name`, `phone`, `email`, `user_type_id`, `created_at`, `updated_at`) VALUES (5, 'architecto', 'qqldh1199', 'Enid', 'Turner', '00877668340', 'rryan@hotmail.com', 2, '1985-06-20 06:32:49', '2003-06-08 06:26:58');
INSERT INTO `users` (`id`, `login`, `password`, `first_name`, `second_name`, `phone`, `email`, `user_type_id`, `created_at`, `updated_at`) VALUES (6, 'voluptatibus', 'wqnkj6112', 'Cheyanne', 'Luettgen', '17475918771', 'altenwerth.bella@yahoo.com', 2, '2018-04-09 22:28:55', '1989-09-16 02:39:40');
INSERT INTO `users` (`id`, `login`, `password`, `first_name`, `second_name`, `phone`, `email`, `user_type_id`, `created_at`, `updated_at`) VALUES (7, 'doloremque', 'agkix9463', 'Chandler', 'Hessel', '12750814546', 'lori03@yahoo.com', 1, '2000-01-23 03:16:53', '1982-03-25 00:38:08');
INSERT INTO `users` (`id`, `login`, `password`, `first_name`, `second_name`, `phone`, `email`, `user_type_id`, `created_at`, `updated_at`) VALUES (8, 'dolore', 'vhfts8346', 'Michele', 'Erdman', '35064719948', 'xturner@hotmail.com', 1, '1975-09-05 23:00:03', '2017-09-17 18:12:14');
INSERT INTO `users` (`id`, `login`, `password`, `first_name`, `second_name`, `phone`, `email`, `user_type_id`, `created_at`, `updated_at`) VALUES (9, 'occaecati', 'robgt0880', 'Christy', 'Ondricka', '00128129704', 'jennifer78@bailey.org', 1, '1993-07-02 06:18:33', '1986-11-27 10:57:13');
INSERT INTO `users` (`id`, `login`, `password`, `first_name`, `second_name`, `phone`, `email`, `user_type_id`, `created_at`, `updated_at`) VALUES (10, 'ut', 'nftad2844', 'Karina', 'DuBuque', '07395414633', 'dschuppe@yahoo.com', 1, '1982-02-22 19:03:15', '2007-07-17 13:54:45');
INSERT INTO `users` (`id`, `login`, `password`, `first_name`, `second_name`, `phone`, `email`, `user_type_id`, `created_at`, `updated_at`) VALUES (11, 'eius', 'zduwl0460', 'Candido', 'Rath', '28046727551', 'hickle.judy@yahoo.com', 1, '2020-07-08 15:42:39', '2016-03-23 07:03:46');
INSERT INTO `users` (`id`, `login`, `password`, `first_name`, `second_name`, `phone`, `email`, `user_type_id`, `created_at`, `updated_at`) VALUES (12, 'commodi', 'jjccr2990', 'Duncan', 'Kunze', '26705037993', 'ilind@hotmail.com', 1, '1987-09-22 10:13:40', '1998-02-19 10:24:59');
INSERT INTO `users` (`id`, `login`, `password`, `first_name`, `second_name`, `phone`, `email`, `user_type_id`, `created_at`, `updated_at`) VALUES (13, 'a', 'swcor7608', 'Lucie', 'Lynch', '45380371704', 'shields.rowan@ornlegros.org', 1, '1977-09-03 09:08:57', '2017-08-03 11:45:53');
INSERT INTO `users` (`id`, `login`, `password`, `first_name`, `second_name`, `phone`, `email`, `user_type_id`, `created_at`, `updated_at`) VALUES (14, 'at', 'ieota1779', 'Darion', 'Mayert', '26910293314', 'keshawn76@frami.com', 1, '1976-12-13 12:19:09', '1997-07-31 06:00:37');
INSERT INTO `users` (`id`, `login`, `password`, `first_name`, `second_name`, `phone`, `email`, `user_type_id`, `created_at`, `updated_at`) VALUES (15, 'non', 'qyaaw9427', 'Trace', 'Keebler', '66506847588', 'destany28@beiermacejkovic.com', 1, '1988-09-18 08:43:10', '2006-02-13 04:07:13');
INSERT INTO `users` (`id`, `login`, `password`, `first_name`, `second_name`, `phone`, `email`, `user_type_id`, `created_at`, `updated_at`) VALUES (16, 'eum', 'oerur3192', 'Kiley', 'Kutch', '29495890193', 'xwaelchi@hotmail.com', 1, '1992-09-03 20:44:38', '2017-02-17 06:18:37');
INSERT INTO `users` (`id`, `login`, `password`, `first_name`, `second_name`, `phone`, `email`, `user_type_id`, `created_at`, `updated_at`) VALUES (17, 'consequuntur', 'hsboq3306', 'Antonio', 'Gislason', '78604103798', 'junius.dare@gmail.com', 1, '1981-08-27 17:17:10', '2018-07-28 14:11:34');
INSERT INTO `users` (`id`, `login`, `password`, `first_name`, `second_name`, `phone`, `email`, `user_type_id`, `created_at`, `updated_at`) VALUES (18, 'et', 'wkutz8964', 'Christina', 'King', '02767462702', 'sonny.heller@gmail.com', 1, '1972-05-26 15:00:51', '2017-10-19 01:05:42');
INSERT INTO `users` (`id`, `login`, `password`, `first_name`, `second_name`, `phone`, `email`, `user_type_id`, `created_at`, `updated_at`) VALUES (19, 'omnis', 'lpqve3294', 'Brenna', 'Deckow', '44844411566', 'dtrantow@hotmail.com', 1, '1997-03-30 04:55:33', '1990-02-09 00:32:26');
INSERT INTO `users` (`id`, `login`, `password`, `first_name`, `second_name`, `phone`, `email`, `user_type_id`, `created_at`, `updated_at`) VALUES (20, 'veritatis', 'elasx6888', 'Moshe', 'Daugherty', '50012039258', 'jnicolas@gmail.com', 1, '1976-09-03 01:10:16', '1975-12-03 18:39:07');
INSERT INTO `users` (`id`, `login`, `password`, `first_name`, `second_name`, `phone`, `email`, `user_type_id`, `created_at`, `updated_at`) VALUES (21, 'placeat', 'kxcxq6722', 'Mariam', 'Yost', '50058924706', 'davin.gibson@kiehnhickle.net', 1, '1996-07-28 12:50:12', '1991-06-14 05:25:32');
INSERT INTO `users` (`id`, `login`, `password`, `first_name`, `second_name`, `phone`, `email`, `user_type_id`, `created_at`, `updated_at`) VALUES (22, 'voluptates', 'hhozc2168', 'Harry', 'Schumm', '65297226713', 'ygrimes@gmail.com', 1, '2012-02-25 02:53:35', '1996-10-03 11:11:36');
INSERT INTO `users` (`id`, `login`, `password`, `first_name`, `second_name`, `phone`, `email`, `user_type_id`, `created_at`, `updated_at`) VALUES (23, 'ab', 'cexwk6530', 'Judson', 'Quigley', '95672935484', 'braden.reynolds@becker.com', 1, '1975-06-08 14:25:24', '2011-08-22 11:52:12');
INSERT INTO `users` (`id`, `login`, `password`, `first_name`, `second_name`, `phone`, `email`, `user_type_id`, `created_at`, `updated_at`) VALUES (24, 'ea', 'kledk8512', 'Isidro', 'Morar', '58220034872', 'mking@pagacabshire.com', 1, '2020-03-05 16:16:17', '2011-07-23 07:30:59');
INSERT INTO `users` (`id`, `login`, `password`, `first_name`, `second_name`, `phone`, `email`, `user_type_id`, `created_at`, `updated_at`) VALUES (25, 'enim', 'aenas5922', 'Kay', 'Mayer', '11295236952', 'darrin.kilback@gmail.com', 1, '2012-08-22 15:17:34', '1984-01-18 23:54:56');
INSERT INTO `users` (`id`, `login`, `password`, `first_name`, `second_name`, `phone`, `email`, `user_type_id`, `created_at`, `updated_at`) VALUES (26, 'tenetur', 'rssil0977', 'Burdette', 'Kuhn', '65249622676', 'qemard@christiansenzemlak.com', 1, '1978-01-26 18:22:24', '1972-04-07 00:33:45');
INSERT INTO `users` (`id`, `login`, `password`, `first_name`, `second_name`, `phone`, `email`, `user_type_id`, `created_at`, `updated_at`) VALUES (27, 'quasi', 'slsex7740', 'Jo', 'Pouros', '51998927123', 'o\'hara.marilie@hotmail.com', 1, '1996-03-03 17:44:48', '1972-05-28 14:57:51');
INSERT INTO `users` (`id`, `login`, `password`, `first_name`, `second_name`, `phone`, `email`, `user_type_id`, `created_at`, `updated_at`) VALUES (28, 'magnam', 'qyoat6508', 'Estell', 'Brown', '51887035612', 'glemke@gmail.com', 1, '1987-08-30 02:33:20', '1975-09-14 00:21:27');
INSERT INTO `users` (`id`, `login`, `password`, `first_name`, `second_name`, `phone`, `email`, `user_type_id`, `created_at`, `updated_at`) VALUES (29, 'dolorem', 'frqgs7125', 'Alva', 'Maggio', '99563247983', 'imogene76@hotmail.com', 1, '1971-11-05 15:33:09', '2016-01-06 17:52:09');
INSERT INTO `users` (`id`, `login`, `password`, `first_name`, `second_name`, `phone`, `email`, `user_type_id`, `created_at`, `updated_at`) VALUES (30, 'vitae', 'qrgfb8407', 'Haven', 'Adams', '22887102381', 'armando.kuhlman@okunevaconroy.com', 1, '1990-05-24 19:06:59', '1990-10-24 06:01:29');
INSERT INTO `users` (`id`, `login`, `password`, `first_name`, `second_name`, `phone`, `email`, `user_type_id`, `created_at`, `updated_at`) VALUES (31, 'voluptas', 'hugwu2266', 'Werner', 'Franecki', '76734880896', 'smith.shea@gmail.com', 1, '1989-10-14 20:34:04', '1995-01-31 10:23:16');
INSERT INTO `users` (`id`, `login`, `password`, `first_name`, `second_name`, `phone`, `email`, `user_type_id`, `created_at`, `updated_at`) VALUES (32, 'adipisci', 'pjnbc6445', 'Delores', 'Pfeffer', '68411864408', 'llang@batz.com', 1, '2017-05-22 10:25:37', '2013-11-28 20:52:23');
INSERT INTO `users` (`id`, `login`, `password`, `first_name`, `second_name`, `phone`, `email`, `user_type_id`, `created_at`, `updated_at`) VALUES (33, 'quis', 'ybkim7618', 'Myrna', 'Schuppe', '26539823404', 'barrett06@yahoo.com', 1, '1973-04-13 09:50:34', '1996-11-03 05:37:22');
INSERT INTO `users` (`id`, `login`, `password`, `first_name`, `second_name`, `phone`, `email`, `user_type_id`, `created_at`, `updated_at`) VALUES (34, 'repudiandae', 'kllna4340', 'Ruth', 'Ebert', '30714222677', 'lemke.ruby@dooley.net', 1, '2016-06-27 03:21:55', '1995-08-19 11:13:29');
INSERT INTO `users` (`id`, `login`, `password`, `first_name`, `second_name`, `phone`, `email`, `user_type_id`, `created_at`, `updated_at`) VALUES (35, 'qui', 'jwggi6614', 'Darby', 'Gusikowski', '93307002436', 'lauriane52@smith.com', 1, '1999-11-08 13:48:55', '1978-05-27 15:33:09');
INSERT INTO `users` (`id`, `login`, `password`, `first_name`, `second_name`, `phone`, `email`, `user_type_id`, `created_at`, `updated_at`) VALUES (36, 'quam', 'fqbux5734', 'Adolphus', 'Hagenes', '32139245274', 'ehansen@gmail.com', 1, '1971-04-20 19:55:24', '1981-10-19 04:41:39');
INSERT INTO `users` (`id`, `login`, `password`, `first_name`, `second_name`, `phone`, `email`, `user_type_id`, `created_at`, `updated_at`) VALUES (37, 'eos', 'hdlmo5371', 'Phoebe', 'Armstrong', '87166074100', 'davion.lindgren@yahoo.com', 1, '1980-11-16 00:04:19', '2009-08-09 09:57:34');
INSERT INTO `users` (`id`, `login`, `password`, `first_name`, `second_name`, `phone`, `email`, `user_type_id`, `created_at`, `updated_at`) VALUES (38, 'cum', 'hsjmj1828', 'Friedrich', 'Osinski', '41849353233', 'rosemary.sporer@medhurst.com', 1, '1986-05-04 21:37:03', '2009-12-06 09:44:07');
INSERT INTO `users` (`id`, `login`, `password`, `first_name`, `second_name`, `phone`, `email`, `user_type_id`, `created_at`, `updated_at`) VALUES (39, 'debitis', 'gksbn2472', 'Hertha', 'Dickinson', '66195950001', 'lorine.ledner@rathzieme.org', 1, '2008-05-08 02:31:31', '1974-09-26 17:16:46');
INSERT INTO `users` (`id`, `login`, `password`, `first_name`, `second_name`, `phone`, `email`, `user_type_id`, `created_at`, `updated_at`) VALUES (40, 'aut', 'zkzte0123', 'Demario', 'Dare', '34318885809', 'weimann.valentine@romaguera.com', 1, '2015-10-16 16:59:54', '2002-03-18 07:59:10');
INSERT INTO `users` (`id`, `login`, `password`, `first_name`, `second_name`, `phone`, `email`, `user_type_id`, `created_at`, `updated_at`) VALUES (41, 'sunt', 'yvdvr4292', 'Shaun', 'Larson', '23119011151', 'torp.hosea@legrosfriesen.com', 1, '2003-12-28 14:48:56', '2015-07-18 23:21:37');
INSERT INTO `users` (`id`, `login`, `password`, `first_name`, `second_name`, `phone`, `email`, `user_type_id`, `created_at`, `updated_at`) VALUES (42, 'assumenda', 'ccoir7733', 'Jordan', 'Schiller', '66803453400', 'brad.leuschke@carroll.com', 1, '1981-03-03 23:12:25', '1985-06-18 00:04:00');
INSERT INTO `users` (`id`, `login`, `password`, `first_name`, `second_name`, `phone`, `email`, `user_type_id`, `created_at`, `updated_at`) VALUES (43, 'odio', 'pkgkw6966', 'Iva', 'Stark', '81745581215', 'gino.bode@moenadams.com', 1, '1979-02-04 12:38:35', '2010-03-09 17:00:39');
INSERT INTO `users` (`id`, `login`, `password`, `first_name`, `second_name`, `phone`, `email`, `user_type_id`, `created_at`, `updated_at`) VALUES (44, 'dolores', 'erdyu3947', 'Domenic', 'McCullough', '82695678235', 'camila40@hotmail.com', 1, '1979-03-31 21:20:16', '1986-12-01 18:01:39');
INSERT INTO `users` (`id`, `login`, `password`, `first_name`, `second_name`, `phone`, `email`, `user_type_id`, `created_at`, `updated_at`) VALUES (45, 'aperiam', 'bmooi0709', 'Faustino', 'Shanahan', '76969555385', 'kihn.kenneth@hotmail.com', 1, '1971-09-18 21:00:23', '1987-06-12 16:19:48');
INSERT INTO `users` (`id`, `login`, `password`, `first_name`, `second_name`, `phone`, `email`, `user_type_id`, `created_at`, `updated_at`) VALUES (46, 'soluta', 'brycv4151', 'Pink', 'Herman', '40171728534', 'efunk@yahoo.com', 1, '1979-10-04 04:39:15', '1971-01-09 04:38:01');
INSERT INTO `users` (`id`, `login`, `password`, `first_name`, `second_name`, `phone`, `email`, `user_type_id`, `created_at`, `updated_at`) VALUES (47, 'exercitationem', 'wtdpx1477', 'Bonita', 'Rogahn', '11149128912', 'friesen.elian@gmail.com', 1, '1982-09-01 03:22:00', '2002-04-24 05:04:38');
INSERT INTO `users` (`id`, `login`, `password`, `first_name`, `second_name`, `phone`, `email`, `user_type_id`, `created_at`, `updated_at`) VALUES (48, 'labore', 'geiwi1003', 'Geraldine', 'Kuhic', '67062648897', 'wilfrid45@yahoo.com', 1, '1997-07-25 11:24:20', '1976-07-20 01:35:50');
INSERT INTO `users` (`id`, `login`, `password`, `first_name`, `second_name`, `phone`, `email`, `user_type_id`, `created_at`, `updated_at`) VALUES (49, 'dolor', 'yvndn8228', 'Rick', 'Zboncak', '64258343230', 'geovanny.swaniawski@ratke.com', 1, '2013-11-12 22:04:15', '1983-07-28 09:17:47');
INSERT INTO `users` (`id`, `login`, `password`, `first_name`, `second_name`, `phone`, `email`, `user_type_id`, `created_at`, `updated_at`) VALUES (50, 'laboriosam', 'oqrvq4800', 'Christ', 'Rice', '71825052062', 'juliet30@reingerbashirian.org', 1, '1994-12-04 20:47:33', '1980-02-22 05:13:33');
INSERT INTO `users` (`id`, `login`, `password`, `first_name`, `second_name`, `phone`, `email`, `user_type_id`, `created_at`, `updated_at`) VALUES (51, 'nam', 'jeeui6589', 'Beau', 'Turcotte', '79028422164', 'koch.oleta@yahoo.com',1, '1990-02-08 10:44:55', '1983-02-02 10:17:38');
INSERT INTO `users` (`id`, `login`, `password`, `first_name`, `second_name`, `phone`, `email`, `user_type_id`, `created_at`, `updated_at`) VALUES (52, 'voluptate', 'kbkzu2420', 'Annabell', 'Lehner', '49803639911', 'bailey.nannie@blanda.info', 1, '2002-12-03 01:42:41', '1979-02-18 22:43:42');
INSERT INTO `users` (`id`, `login`, `password`, `first_name`, `second_name`, `phone`, `email`, `user_type_id`, `created_at`, `updated_at`) VALUES (53, 'sed', 'hcgfu1150', 'Fausto', 'Leuschke', '62055453735', 'franecki.tyrese@greenrempel.info', 1, '1981-07-06 19:11:31', '1973-06-15 11:28:51');
INSERT INTO `users` (`id`, `login`, `password`, `first_name`, `second_name`, `phone`, `email`, `user_type_id`, `created_at`, `updated_at`) VALUES (54, 'autem', 'wxlus0962', 'Palma', 'Abshire', '50093507829', 'tevin.russel@hotmail.com', 1, '1977-07-02 23:53:01', '2013-01-22 19:02:53');
INSERT INTO `users` (`id`, `login`, `password`, `first_name`, `second_name`, `phone`, `email`, `user_type_id`, `created_at`, `updated_at`) VALUES (55, 'suscipit', 'suuyu4288', 'Kaden', 'Effertz', '19213035154', 'alvena54@weimann.info', 1, '1975-01-29 09:34:35', '1980-01-10 10:12:21');
INSERT INTO `users` (`id`, `login`, `password`, `first_name`, `second_name`, `phone`, `email`, `user_type_id`, `created_at`, `updated_at`) VALUES (56, 'quisquam', 'vbony7918', 'Daniela', 'Kuphal', '10386928815', 'upredovic@hotmail.com', 1, '1980-04-06 10:31:57', '2021-04-08 18:38:36');
INSERT INTO `users` (`id`, `login`, `password`, `first_name`, `second_name`, `phone`, `email`, `user_type_id`, `created_at`, `updated_at`) VALUES (57, 'sapiente', 'vbzzq5466', 'Angie', 'Parker', '38099487455', 'nhermiston@collier.com', 1, '2016-02-19 13:24:45', '2019-01-03 19:30:11');
INSERT INTO `users` (`id`, `login`, `password`, `first_name`, `second_name`, `phone`, `email`, `user_type_id`, `created_at`, `updated_at`) VALUES (58, 'quibusdam', 'qovnl7131', 'Kelton', 'McClure', '02530912063', 'jeanette.kohler@walsh.info', 1, '1984-10-06 18:52:25', '1990-11-19 21:02:11');
INSERT INTO `users` (`id`, `login`, `password`, `first_name`, `second_name`, `phone`, `email`, `user_type_id`, `created_at`, `updated_at`) VALUES (59, 'numquam', 'tjbui6182', 'Jasmin', 'Rippin', '17861111597', 'stehr.mariam@hotmail.com', 1, '2000-12-12 15:56:16', '2011-03-10 05:32:36');
INSERT INTO `users` (`id`, `login`, `password`, `first_name`, `second_name`, `phone`, `email`, `user_type_id`, `created_at`, `updated_at`) VALUES (60, 'recusandae', 'xprgr6726', 'Nelson', 'Mraz', '63115932547', 'simonis.evans@gmail.com', 1, '1971-03-02 12:44:30', '2000-10-20 17:40:20');
INSERT INTO `users` (`id`, `login`, `password`, `first_name`, `second_name`, `phone`, `email`, `user_type_id`, `created_at`, `updated_at`) VALUES (61, 'voluptatem', 'aiuib2711', 'Shaun', 'Reichel', '14456058315', 'lwalsh@cassin.com', 1, '1984-08-18 17:44:59', '1981-11-17 02:06:11');
INSERT INTO `users` (`id`, `login`, `password`, `first_name`, `second_name`, `phone`, `email`, `user_type_id`, `created_at`, `updated_at`) VALUES (62, 'quod', 'zvcsc7177', 'Elinor', 'Batz', '89747854193', 'breitenberg.myrtle@hotmail.com', 1, '2006-11-08 21:25:39', '2000-08-24 14:14:26');
INSERT INTO `users` (`id`, `login`, `password`, `first_name`, `second_name`, `phone`, `email`, `user_type_id`, `created_at`, `updated_at`) VALUES (63, 'ipsum', 'qpuny3487', 'Tyra', 'Keebler', '27291543590', 'zzieme@haley.com', 1, '2013-01-12 17:29:29', '1977-03-12 02:34:01');
INSERT INTO `users` (`id`, `login`, `password`, `first_name`, `second_name`, `phone`, `email`, `user_type_id`, `created_at`, `updated_at`) VALUES (64, 'natus', 'cfpjq3175', 'Bettye', 'Reilly', '42386180887', 'lauryn78@hotmail.com', 1, '2018-05-29 19:10:46', '2015-01-19 14:53:44');
INSERT INTO `users` (`id`, `login`, `password`, `first_name`, `second_name`, `phone`, `email`, `user_type_id`, `created_at`, `updated_at`) VALUES (65, 'fugit', 'utqqu5283', 'Torey', 'Stracke', '66301125651', 'tsauer@gmail.com', 1, '2014-01-01 03:08:33', '1975-11-16 16:41:27');
INSERT INTO `users` (`id`, `login`, `password`, `first_name`, `second_name`, `phone`, `email`, `user_type_id`, `created_at`, `updated_at`) VALUES (66, 'unde', 'ilrrj1392', 'Mariane', 'Beer', '48835192086', 'wgutkowski@deckow.com', 1, '2008-12-23 07:12:03', '1972-06-03 09:30:03');
INSERT INTO `users` (`id`, `login`, `password`, `first_name`, `second_name`, `phone`, `email`, `user_type_id`, `created_at`, `updated_at`) VALUES (67, 'dicta', 'wzxvz7509', 'Ebba', 'Rippin', '37626280447', 'vgusikowski@hotmail.com', 1, '1972-06-18 04:28:14', '1992-05-04 15:13:59');
INSERT INTO `users` (`id`, `login`, `password`, `first_name`, `second_name`, `phone`, `email`, `user_type_id`, `created_at`, `updated_at`) VALUES (68, 'sit', 'qhske2496', 'Art', 'Rutherford', '13689815032', 'dietrich.emmett@dare.info', 1, '1990-12-26 05:04:00', '2016-02-24 16:44:02');
INSERT INTO `users` (`id`, `login`, `password`, `first_name`, `second_name`, `phone`, `email`, `user_type_id`, `created_at`, `updated_at`) VALUES (69, 'quidem', 'akttb2398', 'Katlynn', 'O\'Connell', '49730609227', 'ajast@gmail.com', 1, '1986-12-12 17:54:30', '2008-07-29 02:44:14');
INSERT INTO `users` (`id`, `login`, `password`, `first_name`, `second_name`, `phone`, `email`, `user_type_id`, `created_at`, `updated_at`) VALUES (70, 'rem', 'okuob5087', 'Emil', 'Mayert', '19658198605', 'elmer.nikolaus@bayermiller.com', 1, '1973-09-24 18:46:04', '1992-12-15 23:42:54');
INSERT INTO `users` (`id`, `login`, `password`, `first_name`, `second_name`, `phone`, `email`, `user_type_id`, `created_at`, `updated_at`) VALUES (71, 'beatae', 'bxdez3827', 'Brant', 'Volkman', '01815036935', 'connelly.rollin@hotmail.com', 1, '2000-01-26 16:00:53', '1974-10-08 09:20:39');
INSERT INTO `users` (`id`, `login`, `password`, `first_name`, `second_name`, `phone`, `email`, `user_type_id`, `created_at`, `updated_at`) VALUES (72, 'consectetur', 'dzoxd6105', 'Charity', 'Zemlak', '36454274547', 'maximillia29@hotmail.com', 1, '2019-11-10 21:27:52', '1991-01-30 22:41:23');
INSERT INTO `users` (`id`, `login`, `password`, `first_name`, `second_name`, `phone`, `email`, `user_type_id`, `created_at`, `updated_at`) VALUES (73, 'quia', 'cshpy7806', 'Harmony', 'Pagac', '10922398995', 'bpagac@yahoo.com', 1, '1982-07-20 01:43:09', '2005-05-02 02:24:02');
INSERT INTO `users` (`id`, `login`, `password`, `first_name`, `second_name`, `phone`, `email`, `user_type_id`, `created_at`, `updated_at`) VALUES (74, 'cupiditate', 'neacl8462', 'Chaz', 'Schaden', '46593947665', 'xwolf@gmail.com', 1, '1972-10-29 20:27:05', '1970-12-24 08:39:19');
INSERT INTO `users` (`id`, `login`, `password`, `first_name`, `second_name`, `phone`, `email`, `user_type_id`, `created_at`, `updated_at`) VALUES (75, 'accusantium', 'khbys4497', 'Spencer', 'Tromp', '85914967618', 'della02@yahoo.com', 1, '2011-05-22 14:29:55', '2017-01-14 19:29:08');
INSERT INTO `users` (`id`, `login`, `password`, `first_name`, `second_name`, `phone`, `email`, `user_type_id`, `created_at`, `updated_at`) VALUES (76, 'molestias', 'jalkd8030', 'Lou', 'Mante', '16364489571', 'allen.walker@wehner.com', 1, '1973-04-02 20:26:37', '2006-04-13 03:01:53');
INSERT INTO `users` (`id`, `login`, `password`, `first_name`, `second_name`, `phone`, `email`, `user_type_id`, `created_at`, `updated_at`) VALUES (77, 'nemo', 'vaptq2296', 'Gloria', 'Fadel', '20790113142', 'hellen55@wisozk.com', 1, '1974-01-04 13:54:07', '1983-03-06 12:37:28');
INSERT INTO `users` (`id`, `login`, `password`, `first_name`, `second_name`, `phone`, `email`, `user_type_id`, `created_at`, `updated_at`) VALUES (78, 'molestiae', 'kqyxt7280', 'Keenan', 'Ryan', '70703620085', 'cummings.jarrod@walter.com', 1, '1994-03-11 18:23:29', '1985-10-06 16:41:12');
INSERT INTO `users` (`id`, `login`, `password`, `first_name`, `second_name`, `phone`, `email`, `user_type_id`, `created_at`, `updated_at`) VALUES (79, 'velit', 'ncglb2310', 'Vanessa', 'Brown', '51956456562', 'boyle.zoey@yahoo.com', 1, '2012-09-09 13:00:35', '1981-10-03 07:49:43');
INSERT INTO `users` (`id`, `login`, `password`, `first_name`, `second_name`, `phone`, `email`, `user_type_id`, `created_at`, `updated_at`) VALUES (80, 'ducimus', 'zlmmg5565', 'Susie', 'Frami', '93194897786', 'fschuster@gmail.com', 1, '2006-03-04 20:43:08', '2009-08-31 11:45:41');
INSERT INTO `users` (`id`, `login`, `password`, `first_name`, `second_name`, `phone`, `email`, `user_type_id`, `created_at`, `updated_at`) VALUES (81, 'id', 'gbdtg7066', 'Rickey', 'Kuhn', '54369347660', 'qraynor@oconnell.com', 1, '2000-06-25 05:16:25', '1995-01-12 12:16:09');
INSERT INTO `users` (`id`, `login`, `password`, `first_name`, `second_name`, `phone`, `email`, `user_type_id`, `created_at`, `updated_at`) VALUES (82, 'laborum', 'yrien7153', 'Meredith', 'Kozey', '50002843488', 'hturner@gmail.com', 1, '1998-08-28 08:34:19', '1996-10-29 22:10:40');
INSERT INTO `users` (`id`, `login`, `password`, `first_name`, `second_name`, `phone`, `email`, `user_type_id`, `created_at`, `updated_at`) VALUES (83, 'modi', 'apsbs8146', 'Karine', 'Fadel', '28431535596', 'katrina15@yahoo.com', 1, '1987-10-07 09:48:42', '1994-06-26 19:46:29');
INSERT INTO `users` (`id`, `login`, `password`, `first_name`, `second_name`, `phone`, `email`, `user_type_id`, `created_at`, `updated_at`) VALUES (84, 'minima', 'sygwp4235', 'Devan', 'Franecki', '20634759085', 'ufahey@mraz.com', 1, '1987-12-30 04:10:21', '1992-03-15 14:32:33');
INSERT INTO `users` (`id`, `login`, `password`, `first_name`, `second_name`, `phone`, `email`, `user_type_id`, `created_at`, `updated_at`) VALUES (85, 'corrupti', 'fqehj1841', 'Gust', 'Nitzsche', '90330221296', 'dparisian@hotmail.com', 1, '2014-06-16 02:05:03', '1996-03-27 03:58:38');
INSERT INTO `users` (`id`, `login`, `password`, `first_name`, `second_name`, `phone`, `email`, `user_type_id`, `created_at`, `updated_at`) VALUES (86, 'explicabo', 'bixlt7250', 'Jaime', 'Beahan', '52678924998', 'robel.reymundo@yahoo.com', 1, '1982-01-23 14:35:21', '1970-11-17 22:40:42');
INSERT INTO `users` (`id`, `login`, `password`, `first_name`, `second_name`, `phone`, `email`, `user_type_id`, `created_at`, `updated_at`) VALUES (87, 'eaque', 'iunej3476', 'Jaquan', 'Prohaska', '20682747537', 'ullrich.porter@gmail.com', 1, '1984-06-09 16:07:22', '2014-05-02 15:30:07');
INSERT INTO `users` (`id`, `login`, `password`, `first_name`, `second_name`, `phone`, `email`, `user_type_id`, `created_at`, `updated_at`) VALUES (88, 'est', 'hcdde6198', 'Helmer', 'Beer', '06791136966', 'dbeahan@gmail.com', 1, '1985-06-16 04:25:34', '2011-01-31 19:26:58');
INSERT INTO `users` (`id`, `login`, `password`, `first_name`, `second_name`, `phone`, `email`, `user_type_id`, `created_at`, `updated_at`) VALUES (89, 'sint', 'wfleq3266', 'Kaitlyn', 'Hammes', '79673896683', 'assunta.weimann@gmail.com', 1, '2009-06-20 11:21:46', '2002-02-06 14:14:27');
INSERT INTO `users` (`id`, `login`, `password`, `first_name`, `second_name`, `phone`, `email`, `user_type_id`, `created_at`, `updated_at`) VALUES (90, 'vel', 'eovix7462', 'Hannah', 'O\'Reilly', '59248082927', 'vhoeger@larson.com', 1, '2011-03-07 03:20:21', '1985-10-16 13:28:22');
INSERT INTO `users` (`id`, `login`, `password`, `first_name`, `second_name`, `phone`, `email`, `user_type_id`, `created_at`, `updated_at`) VALUES (91, 'accusamus', 'ihemv2277', 'Kelley', 'Nicolas', '24776618407', 'west.roslyn@rohan.net', 1, '1987-02-26 02:04:19', '1985-12-12 19:07:43');
INSERT INTO `users` (`id`, `login`, `password`, `first_name`, `second_name`, `phone`, `email`, `user_type_id`, `created_at`, `updated_at`) VALUES (92, 'maxime', 'xolrv3326', 'Alycia', 'Gerhold', '80435426457', 'hahn.vicenta@hotmail.com', 1, '2009-12-28 20:32:23', '2009-05-19 10:19:21');
INSERT INTO `users` (`id`, `login`, `password`, `first_name`, `second_name`, `phone`, `email`, `user_type_id`, `created_at`, `updated_at`) VALUES (93, 'pariatur', 'ditmx5041', 'Tierra', 'Lakin', '06433529756', 'ahmad.goldner@hotmail.com', 1, '2021-04-01 06:06:01', '1993-12-12 10:47:26');
INSERT INTO `users` (`id`, `login`, `password`, `first_name`, `second_name`, `phone`, `email`, `user_type_id`, `created_at`, `updated_at`) VALUES (94, 'animi', 'hlahm5943', 'Precious', 'Mayer', '75366774421', 'lawrence82@metz.biz', 1, '2007-03-06 11:40:28', '2007-09-24 17:55:44');
INSERT INTO `users` (`id`, `login`, `password`, `first_name`, `second_name`, `phone`, `email`, `user_type_id`, `created_at`, `updated_at`) VALUES (95, 'consequatur', 'bqusg4660', 'Dawson', 'McClure', '98547406884', 'nbergstrom@zemlak.com', 1, '1985-08-22 09:10:49', '1980-04-10 13:49:28');
INSERT INTO `users` (`id`, `login`, `password`, `first_name`, `second_name`, `phone`, `email`, `user_type_id`, `created_at`, `updated_at`) VALUES (96, 'officia', 'lwqsj8122', 'Ismael', 'Strosin', '64254005576', 'hills.everett@hirthe.com', 1, '2004-11-08 04:28:34', '1988-01-31 05:32:05');
INSERT INTO `users` (`id`, `login`, `password`, `first_name`, `second_name`, `phone`, `email`, `user_type_id`, `created_at`, `updated_at`) VALUES (97, 'aspernatur', 'ygsev9226', 'Verner', 'Bruen', '58077368334', 'langworth.noemi@donnelly.com', 1, '1980-07-27 01:20:27', '1980-01-21 10:27:10');
INSERT INTO `users` (`id`, `login`, `password`, `first_name`, `second_name`, `phone`, `email`, `user_type_id`, `created_at`, `updated_at`) VALUES (98, 'corporis', 'vrxda9198', 'Hailie', 'Pollich', '45441340108', 'keenan.rogahn@howe.com', 1, '2008-09-08 06:18:44', '2002-06-27 04:49:02');
INSERT INTO `users` (`id`, `login`, `password`, `first_name`, `second_name`, `phone`, `email`, `user_type_id`, `created_at`, `updated_at`) VALUES (99, 'reiciendis', 'zrdfe2794', 'Jacynthe', 'Cole', '26863643160', 'laurine.murazik@yahoo.com', 1, '2019-05-10 18:47:57', '2019-02-19 19:33:08');
INSERT INTO `users` (`id`, `login`, `password`, `first_name`, `second_name`, `phone`, `email`, `user_type_id`, `created_at`, `updated_at`) VALUES (100, 'aliquid', 'jxnfi9739', 'Lia', 'Kozey', '70754968602', 'ecruickshank@gutmann.org', 1, '2017-09-01 04:24:33', '2005-05-19 22:36:10');


INSERT INTO `companies` (`id`, `name`, `inn`, `phone`, `email`, `adress`, `post_code`, `created_at`, `updated_at`) VALUES (1, 'sapiente', '611651389633', 610425721, 'iherman@durgandickinson.com', '70435 Renner Terrace Suite 632\nIsomport, IL 62566-4799', 68212, '1974-01-01 14:16:36', '2014-07-12 08:22:27');
INSERT INTO `companies` (`id`, `name`, `inn`, `phone`, `email`, `adress`, `post_code`, `created_at`, `updated_at`) VALUES (2, 'eum', '784043771079', 2147483647, 'dooley.rebeka@yahoo.com', '934 Lakin Ferry\nRylanhaven, FL 38272', 72307, '1997-02-17 05:59:09', '1975-05-24 01:09:51');
INSERT INTO `companies` (`id`, `name`, `inn`, `phone`, `email`, `adress`, `post_code`, `created_at`, `updated_at`) VALUES (3, 'esse', '634158533986', 1414617793, 'pfeil@mcclureprohaska.com', '60264 Lester Terrace Apt. 411\nOralborough, OH 53280', 8282, '2009-01-14 23:29:11', '1997-04-24 23:09:12');
INSERT INTO `companies` (`id`, `name`, `inn`, `phone`, `email`, `adress`, `post_code`, `created_at`, `updated_at`) VALUES (4, 'ea', '585197876452', 2094578848, 'leonard73@hotmail.com', '44390 Weissnat Crest\nLake Alexysburgh, MS 19853', 7730, '2014-07-31 00:42:24', '1976-05-27 15:20:34');


INSERT INTO `profiles` (`id`, `user_id`, `gender`, `birthday`, `country`, `city`, `created_at`, `updated_at`) VALUES (1, 1, 'male', '1982-05-14 12:35:48', 'Somalia', 'East Harveyhaven',  '2008-03-13 12:43:47', '2000-02-23 08:57:32');
INSERT INTO `profiles` (`id`, `user_id`, `gender`, `birthday`, `country`, `city`, `created_at`, `updated_at`) VALUES (2, 2, 'female', '1977-11-14 12:51:26', 'Greece', 'Giovannibury', '1987-03-26 08:05:52', '1999-12-01 15:41:39');
INSERT INTO `profiles` (`id`, `user_id`, `gender`, `birthday`, `country`, `city`, `company_id`, `created_at`, `updated_at`) VALUES (3, 3, 'other', '1970-10-24 21:34:59', 'Nigeria', 'South Hayleemouth', 1, '2015-11-18 19:34:27', '2003-09-13 14:54:24');
INSERT INTO `profiles` (`id`, `user_id`, `gender`, `birthday`, `country`, `city`, `company_id`, `created_at`, `updated_at`) VALUES (4, 4, 'male', '1992-11-28 04:01:50', 'Argentina', 'Lake Lourdes', 2, '1990-03-23 02:10:30', '2000-02-18 18:52:34');
INSERT INTO `profiles` (`id`, `user_id`, `gender`, `birthday`, `country`, `city`, `company_id`, `created_at`, `updated_at`) VALUES (5, 5, 'male', '1971-05-12 14:00:41', 'Falkland Islands (Malvinas)', 'Katrinaside', 3, '1993-10-07 00:58:44', '2008-02-24 01:33:54');
INSERT INTO `profiles` (`id`, `user_id`, `gender`, `birthday`, `country`, `city`, `created_at`, `updated_at`) VALUES (6, 6, 'male', '1990-02-24 19:30:33', 'Cambodia', 'Halvorsonton',  '1982-02-08 18:30:01', '2014-12-11 02:00:52');
INSERT INTO `profiles` (`id`, `user_id`, `gender`, `birthday`, `country`, `city`, `created_at`, `updated_at`) VALUES (7, 7, 'other', '1970-10-13 11:37:32', 'Martinique', 'Corkeryville',  '1972-10-15 02:27:48', '1979-09-18 08:08:31');
INSERT INTO `profiles` (`id`, `user_id`, `gender`, `birthday`, `country`, `city`, `created_at`, `updated_at`) VALUES (8, 8, 'female', '1989-01-13 02:37:49', 'Azerbaijan', 'South Marquise',  '2003-02-25 17:22:08', '1992-09-21 08:33:23');
INSERT INTO `profiles` (`id`, `user_id`, `gender`, `birthday`, `country`, `city`, `created_at`, `updated_at`) VALUES (9, 9, 'male', '1997-11-24 09:06:43', 'Pakistan', 'East Lionel', '2008-09-24 18:47:35', '1977-04-25 10:11:54');
INSERT INTO `profiles` (`id`, `user_id`, `gender`, `birthday`, `country`, `city`, `created_at`, `updated_at`) VALUES (10, 10, 'female', '2003-07-18 22:12:20', 'Portugal', 'New Micahfort',  '1970-04-21 22:26:41', '1985-01-03 02:04:16');
INSERT INTO `profiles` (`id`, `user_id`, `gender`, `birthday`, `country`, `city`, `created_at`, `updated_at`) VALUES (11, 11, 'female', '2006-09-18 06:00:11', 'Cambodia', 'Pollichton',  '2012-10-12 11:16:22', '2005-07-07 12:33:55');
INSERT INTO `profiles` (`id`, `user_id`, `gender`, `birthday`, `country`, `city`, `created_at`, `updated_at`) VALUES (12, 12, 'male', '1993-07-28 16:28:57', 'Japan', 'Dareville',  '1990-09-20 11:44:50', '1975-01-18 04:07:01');
INSERT INTO `profiles` (`id`, `user_id`, `gender`, `birthday`, `country`, `city`, `created_at`, `updated_at`) VALUES (13, 13, 'other', '1994-08-02 02:46:21', 'China', 'Babybury', '2003-04-19 01:22:20', '2005-03-31 18:26:28');
INSERT INTO `profiles` (`id`, `user_id`, `gender`, `birthday`, `country`, `city`, `created_at`, `updated_at`) VALUES (14, 14, 'male', '2013-10-02 15:37:19', 'Korea', 'Everardoview',  '1997-05-24 11:55:26', '1999-04-26 15:27:57');
INSERT INTO `profiles` (`id`, `user_id`, `gender`, `birthday`, `country`, `city`, `created_at`, `updated_at`) VALUES (15, 15, 'male', '1996-11-25 18:46:18', 'San Marino', 'Nathanaelton',  '1995-02-19 09:50:31', '2015-06-02 03:40:40');
INSERT INTO `profiles` (`id`, `user_id`, `gender`, `birthday`, `country`, `city`, `created_at`, `updated_at`) VALUES (16, 16, 'male', '2014-11-09 13:14:16', 'Tokelau', 'New Berneice',  '1999-04-20 16:47:18', '1981-02-17 09:07:20');
INSERT INTO `profiles` (`id`, `user_id`, `gender`, `birthday`, `country`, `city`, `created_at`, `updated_at`) VALUES (17, 17, 'male', '1999-05-07 10:42:12', 'Yemen', 'Gibsonhaven',  '2015-02-24 03:41:41', '1973-11-21 14:26:17');
INSERT INTO `profiles` (`id`, `user_id`, `gender`, `birthday`, `country`, `city`, `created_at`, `updated_at`) VALUES (18, 18, 'other', '2001-09-18 15:03:34', 'Macedonia', 'South Henryton',  '1981-01-04 00:26:51', '2019-01-04 06:55:26');
INSERT INTO `profiles` (`id`, `user_id`, `gender`, `birthday`, `country`, `city`, `created_at`, `updated_at`) VALUES (19, 19, 'female', '1983-05-26 07:08:01', 'Chad', 'Muhammadton',  '1978-01-04 00:02:39', '2017-03-06 03:37:00');
INSERT INTO `profiles` (`id`, `user_id`, `gender`, `birthday`, `country`, `city`, `created_at`, `updated_at`) VALUES (20, 20, 'female', '1970-08-30 05:59:13', 'Svalbard & Jan Mayen Islands', 'New Stefanieview',  '2020-07-17 09:44:35', '2012-05-08 12:11:08');
INSERT INTO `profiles` (`id`, `user_id`, `gender`, `birthday`, `country`, `city`, `created_at`, `updated_at`) VALUES (21, 21, 'female', '2009-11-21 16:52:05', 'Chad', 'South Ubaldohaven',  '1989-01-21 22:53:19', '2006-10-21 17:29:37');
INSERT INTO `profiles` (`id`, `user_id`, `gender`, `birthday`, `country`, `city`, `created_at`, `updated_at`) VALUES (22, 22, 'other', '1983-05-22 02:40:40', 'Reunion', 'Weberport',  '1976-07-12 16:27:04', '1977-02-16 04:58:40');
INSERT INTO `profiles` (`id`, `user_id`, `gender`, `birthday`, `country`, `city`, `created_at`, `updated_at`) VALUES (23, 23, 'male', '1973-04-06 10:06:27', 'Mali', 'Connside',  '1996-03-19 03:13:27', '2006-12-29 18:49:24');
INSERT INTO `profiles` (`id`, `user_id`, `gender`, `birthday`, `country`, `city`, `created_at`, `updated_at`) VALUES (24, 24, 'other', '2014-10-19 14:37:45', 'Heard Island and McDonald Islands', 'East Giovanny', '1986-08-03 15:34:24', '1976-10-14 08:35:22');
INSERT INTO `profiles` (`id`, `user_id`, `gender`, `birthday`, `country`, `city`, `created_at`, `updated_at`) VALUES (25, 25, 'male', '2007-04-16 11:55:24', 'Sweden', 'Mertieside',  '1977-03-23 00:21:24', '2004-07-09 20:12:20');
INSERT INTO `profiles` (`id`, `user_id`, `gender`, `birthday`, `country`, `city`, `created_at`, `updated_at`) VALUES (26, 26, 'female', '2002-05-20 03:22:27', 'Togo', 'East Amayatown',  '2019-09-22 12:32:41', '2018-04-29 14:44:49');
INSERT INTO `profiles` (`id`, `user_id`, `gender`, `birthday`, `country`, `city`, `created_at`, `updated_at`) VALUES (27, 27, 'male', '2015-10-07 10:18:40', 'Tuvalu', 'Port Magdalena',  '1992-06-07 13:39:37', '2000-08-09 13:44:09');
INSERT INTO `profiles` (`id`, `user_id`, `gender`, `birthday`, `country`, `city`, `created_at`, `updated_at`) VALUES (28, 28, 'male', '2013-02-01 09:40:56', 'China', 'Lake Simeon',  '1981-04-08 08:17:12', '2008-02-10 12:25:11');
INSERT INTO `profiles` (`id`, `user_id`, `gender`, `birthday`, `country`, `city`, `created_at`, `updated_at`) VALUES (29, 29, 'female', '1970-12-12 21:49:11', 'Portugal', 'Port Lucieside',  '2004-12-05 03:54:21', '2008-02-28 07:24:14');
INSERT INTO `profiles` (`id`, `user_id`, `gender`, `birthday`, `country`, `city`, `created_at`, `updated_at`) VALUES (30, 30, 'male', '2015-09-10 01:53:06', 'Isle of Man', 'Grahamside',  '1993-02-09 01:07:13', '2006-04-28 12:07:02');
INSERT INTO `profiles` (`id`, `user_id`, `gender`, `birthday`, `country`, `city`, `created_at`, `updated_at`) VALUES (31, 31, 'female', '2020-02-03 10:59:25', 'South Africa', 'Daphnemouth', '1981-07-16 04:32:57', '1987-01-21 11:23:53');
INSERT INTO `profiles` (`id`, `user_id`, `gender`, `birthday`, `country`, `city`, `created_at`, `updated_at`) VALUES (32, 32, 'male', '2008-10-25 12:45:28', 'Bosnia and Herzegovina', 'Cordeliabury',  '1996-03-21 10:51:43', '1970-06-16 13:55:45');
INSERT INTO `profiles` (`id`, `user_id`, `gender`, `birthday`, `country`, `city`, `created_at`, `updated_at`) VALUES (33, 33, 'other', '1970-12-17 16:38:32', 'Cote d\'Ivoire', 'Bayleeport',  '1981-02-02 21:50:48', '2003-10-11 11:11:06');
INSERT INTO `profiles` (`id`, `user_id`, `gender`, `birthday`, `country`, `city`, `created_at`, `updated_at`) VALUES (34, 34, 'male', '2010-08-14 16:10:17', 'South Georgia and the South Sandwich Islands', 'Lake Nya',  '2000-07-19 10:55:25', '2010-05-29 21:51:15');
INSERT INTO `profiles` (`id`, `user_id`, `gender`, `birthday`, `country`, `city`, `created_at`, `updated_at`) VALUES (35, 35, 'male', '1980-09-11 14:23:59', 'Monaco', 'New Brodyville', '1977-11-30 07:19:42', '2012-12-29 12:34:48');
INSERT INTO `profiles` (`id`, `user_id`, `gender`, `birthday`, `country`, `city`, `created_at`, `updated_at`) VALUES (36, 36, 'female', '1971-01-24 06:43:20', 'Puerto Rico', 'Heaneyfurt', '1980-09-17 11:58:19', '1998-11-12 10:20:51');
INSERT INTO `profiles` (`id`, `user_id`, `gender`, `birthday`, `country`, `city`, `created_at`, `updated_at`) VALUES (37, 37, 'male', '2020-01-17 21:21:55', 'Antigua and Barbuda', 'Lake Libbie',  '2003-08-25 12:02:12', '2007-09-14 14:30:03');
INSERT INTO `profiles` (`id`, `user_id`, `gender`, `birthday`, `country`, `city`, `created_at`, `updated_at`) VALUES (38, 38, 'female', '1984-11-15 13:55:21', 'Mexico', 'Funkfort',  '2011-05-19 06:40:35', '2020-07-30 14:54:42');
INSERT INTO `profiles` (`id`, `user_id`, `gender`, `birthday`, `country`, `city`, `created_at`, `updated_at`) VALUES (39, 39, 'male', '1994-03-10 08:02:05', 'Saint Lucia', 'Wymanshire',  '2002-12-09 00:45:28', '2000-06-14 14:27:37');
INSERT INTO `profiles` (`id`, `user_id`, `gender`, `birthday`, `country`, `city`, `created_at`, `updated_at`) VALUES (40, 40, 'male', '1992-07-20 15:36:23', 'Jamaica', 'Daniellatown',  '1971-04-27 19:37:39', '1991-10-07 13:43:02');
INSERT INTO `profiles` (`id`, `user_id`, `gender`, `birthday`, `country`, `city`, `created_at`, `updated_at`) VALUES (41, 41, 'female', '1979-07-23 04:03:32', 'Rwanda', 'Jacobimouth',  '1981-09-09 14:12:32', '1997-12-11 05:14:41');
INSERT INTO `profiles` (`id`, `user_id`, `gender`, `birthday`, `country`, `city`, `created_at`, `updated_at`) VALUES (42, 42, 'male', '1994-04-16 18:17:02', 'Switzerland', 'North Bulahland', '1970-07-19 08:50:52', '1994-05-06 11:32:14');
INSERT INTO `profiles` (`id`, `user_id`, `gender`, `birthday`, `country`, `city`, `created_at`, `updated_at`) VALUES (43, 43, 'other', '2008-12-05 14:58:40', 'China', 'Yasminburgh',  '1983-02-28 05:51:24', '2012-03-24 13:13:39');
INSERT INTO `profiles` (`id`, `user_id`, `gender`, `birthday`, `country`, `city`, `created_at`, `updated_at`) VALUES (44, 44, 'male', '1997-06-09 00:02:20', 'Libyan Arab Jamahiriya', 'Rautown', '2016-04-28 19:25:29', '2009-03-11 06:11:18');
INSERT INTO `profiles` (`id`, `user_id`, `gender`, `birthday`, `country`, `city`, `created_at`, `updated_at`) VALUES (45, 45, 'female', '1993-09-24 20:26:41', 'Micronesia', 'Port Adeliabury', '1977-01-13 06:21:30', '2011-11-15 08:41:27');
INSERT INTO `profiles` (`id`, `user_id`, `gender`, `birthday`, `country`, `city`, `created_at`, `updated_at`) VALUES (46, 46, 'other', '2007-11-25 17:48:36', 'Bolivia', 'Quinnberg', '1974-05-30 15:20:36', '2018-10-07 01:41:03');
INSERT INTO `profiles` (`id`, `user_id`, `gender`, `birthday`, `country`, `city`, `created_at`, `updated_at`) VALUES (47, 47, 'other', '1978-09-06 09:56:35', 'Palestinian Territory', 'South Samson',  '2005-02-09 06:38:58', '1996-11-12 13:07:32');
INSERT INTO `profiles` (`id`, `user_id`, `gender`, `birthday`, `country`, `city`, `created_at`, `updated_at`) VALUES (48, 48, 'female', '2004-04-11 15:52:14', 'Venezuela', 'East Ashlee',  '2007-02-08 07:43:27', '1981-11-20 22:47:42');
INSERT INTO `profiles` (`id`, `user_id`, `gender`, `birthday`, `country`, `city`, `created_at`, `updated_at`) VALUES (49, 49, 'male', '2008-08-13 18:36:47', 'Wallis and Futuna', 'North Kadenberg', '1987-11-16 02:28:13', '1981-07-20 08:06:54');
INSERT INTO `profiles` (`id`, `user_id`, `gender`, `birthday`, `country`, `city`, `created_at`, `updated_at`) VALUES (50, 50, 'male', '1988-04-07 07:02:26', 'Bermuda', 'Welchchester',  '1988-07-30 07:26:33', '1990-10-23 00:43:24');
INSERT INTO `profiles` (`id`, `user_id`, `gender`, `birthday`, `country`, `city`, `created_at`, `updated_at`) VALUES (51, 51, 'other', '1987-10-02 00:25:03', 'Holy See (Vatican City State)', 'East Vanessa',  '1990-10-21 22:12:36', '1986-10-11 03:11:20');
INSERT INTO `profiles` (`id`, `user_id`, `gender`, `birthday`, `country`, `city`, `created_at`, `updated_at`) VALUES (52, 52, 'other', '1996-02-02 21:35:44', 'Lao People\'s Democratic Republic', 'Harberhaven',  '1996-11-12 07:33:39', '2012-05-09 08:43:35');
INSERT INTO `profiles` (`id`, `user_id`, `gender`, `birthday`, `country`, `city`, `created_at`, `updated_at`) VALUES (53, 53, 'female', '1987-08-11 13:09:28', 'Bosnia and Herzegovina', 'Leuschkemouth',  '2009-12-05 09:03:21', '2004-09-28 22:54:25');
INSERT INTO `profiles` (`id`, `user_id`, `gender`, `birthday`, `country`, `city`, `created_at`, `updated_at`) VALUES (54, 54, 'female', '2004-09-20 13:59:22', 'Burundi', 'Corrineville',  '1973-06-17 03:14:34', '1970-06-13 10:40:18');
INSERT INTO `profiles` (`id`, `user_id`, `gender`, `birthday`, `country`, `city`, `created_at`, `updated_at`) VALUES (55, 55, 'female', '1983-04-22 07:12:29', 'Kiribati', 'Cristmouth', '2010-01-04 20:11:29', '2005-07-23 04:22:13');
INSERT INTO `profiles` (`id`, `user_id`, `gender`, `birthday`, `country`, `city`, `created_at`, `updated_at`) VALUES (56, 56, 'male', '2012-10-07 12:55:39', 'Heard Island and McDonald Islands', 'New Khalilborough',  '2021-03-13 06:49:43', '1970-07-25 10:01:35');
INSERT INTO `profiles` (`id`, `user_id`, `gender`, `birthday`, `country`, `city`, `created_at`, `updated_at`) VALUES (57, 57, 'male', '1991-06-05 18:19:26', 'British Virgin Islands', 'Kuphalfort',  '2009-09-21 14:19:29', '2014-02-24 23:12:35');
INSERT INTO `profiles` (`id`, `user_id`, `gender`, `birthday`, `country`, `city`, `created_at`, `updated_at`) VALUES (58, 58, 'female', '1971-09-12 16:02:16', 'Tuvalu', 'Helenside',  '1973-01-21 02:16:23', '2004-03-20 08:51:08');
INSERT INTO `profiles` (`id`, `user_id`, `gender`, `birthday`, `country`, `city`, `created_at`, `updated_at`) VALUES (59, 59, 'other', '1986-07-09 05:05:58', 'Sri Lanka', 'North Juliatown', '1985-08-02 23:27:36', '2006-08-13 09:28:41');
INSERT INTO `profiles` (`id`, `user_id`, `gender`, `birthday`, `country`, `city`, `created_at`, `updated_at`) VALUES (60, 60, 'female', '1991-02-25 00:24:51', 'Botswana', 'Kathrynside',  '1973-12-10 18:34:51', '2010-06-23 12:41:16');
INSERT INTO `profiles` (`id`, `user_id`, `gender`, `birthday`, `country`, `city`, `created_at`, `updated_at`) VALUES (61, 61, 'male', '1990-01-31 07:12:32', 'United States Virgin Islands', 'Darronside',  '1986-04-21 13:14:58', '2014-03-31 03:36:34');
INSERT INTO `profiles` (`id`, `user_id`, `gender`, `birthday`, `country`, `city`, `created_at`, `updated_at`) VALUES (62, 62, 'other', '2001-11-10 00:35:27', 'Korea', 'New Ibrahim', '2008-05-10 03:19:59', '1996-12-19 23:56:33');
INSERT INTO `profiles` (`id`, `user_id`, `gender`, `birthday`, `country`, `city`, `created_at`, `updated_at`) VALUES (63, 63, 'male', '1985-06-15 16:21:35', 'El Salvador', 'Carterbury',  '1984-06-01 13:48:24', '1996-07-17 06:34:36');
INSERT INTO `profiles` (`id`, `user_id`, `gender`, `birthday`, `country`, `city`, `created_at`, `updated_at`) VALUES (64, 64, 'male', '1993-05-06 12:54:12', 'Liechtenstein', 'New Rico',  '2019-07-06 02:56:03', '1977-04-08 21:27:12');
INSERT INTO `profiles` (`id`, `user_id`, `gender`, `birthday`, `country`, `city`, `created_at`, `updated_at`) VALUES (65, 65, 'female', '1980-01-30 09:08:53', 'United Arab Emirates', 'North Kamille', '2010-07-06 06:18:59', '2020-02-21 09:20:45');
INSERT INTO `profiles` (`id`, `user_id`, `gender`, `birthday`, `country`, `city`, `created_at`, `updated_at`) VALUES (66, 66, 'other', '1980-10-18 16:26:36', 'Bangladesh', 'New Elliot',  '1988-01-05 07:02:18', '1987-06-18 05:39:48');
INSERT INTO `profiles` (`id`, `user_id`, `gender`, `birthday`, `country`, `city`, `created_at`, `updated_at`) VALUES (67, 67, 'male', '2012-07-22 04:02:25', 'Barbados', 'Lake Shawnport',  '1998-01-24 12:10:59', '1993-04-22 14:56:45');
INSERT INTO `profiles` (`id`, `user_id`, `gender`, `birthday`, `country`, `city`, `created_at`, `updated_at`) VALUES (68, 68, 'male', '1972-10-29 15:09:08', 'Thailand', 'Jevonmouth', '1990-07-30 02:52:10', '1971-10-30 17:47:31');
INSERT INTO `profiles` (`id`, `user_id`, `gender`, `birthday`, `country`, `city`, `created_at`, `updated_at`) VALUES (69, 69, 'male', '2012-10-15 06:42:34', 'Yemen', 'Roweport',  '1981-03-20 07:05:23', '2004-06-28 23:49:07');
INSERT INTO `profiles` (`id`, `user_id`, `gender`, `birthday`, `country`, `city`, `created_at`, `updated_at`) VALUES (70, 70, 'male', '1988-06-25 10:17:48', 'Saint Barthelemy', 'West Tom',  '2020-12-20 16:19:20', '1997-03-12 04:02:39');
INSERT INTO `profiles` (`id`, `user_id`, `gender`, `birthday`, `country`, `city`, `created_at`, `updated_at`) VALUES (71, 71, 'female', '1979-01-29 15:57:58', 'Namibia', 'Mikaylatown',  '2011-04-26 00:38:47', '2005-10-21 11:32:44');
INSERT INTO `profiles` (`id`, `user_id`, `gender`, `birthday`, `country`, `city`, `created_at`, `updated_at`) VALUES (72, 72, 'other', '2014-02-16 17:02:11', 'Marshall Islands', 'Heidenreichberg',  '1993-09-11 13:24:14', '2020-05-31 02:37:57');
INSERT INTO `profiles` (`id`, `user_id`, `gender`, `birthday`, `country`, `city`, `created_at`, `updated_at`) VALUES (73, 73, 'male', '1979-09-22 04:42:55', 'Netherlands', 'Cordieport',  '2010-12-07 01:50:27', '2020-02-03 00:13:45');
INSERT INTO `profiles` (`id`, `user_id`, `gender`, `birthday`, `country`, `city`, `created_at`, `updated_at`) VALUES (74, 74, 'other', '1993-03-16 08:48:05', 'Algeria', 'South Monicashire', '1982-02-04 17:24:52', '1989-11-15 04:44:13');
INSERT INTO `profiles` (`id`, `user_id`, `gender`, `birthday`, `country`, `city`, `created_at`, `updated_at`) VALUES (75, 75, 'female', '1987-02-19 20:50:53', 'Latvia', 'Elijahmouth',  '1984-04-22 04:45:13', '2000-05-01 00:32:06');
INSERT INTO `profiles` (`id`, `user_id`, `gender`, `birthday`, `country`, `city`, `created_at`, `updated_at`) VALUES (76, 76, 'female', '2017-06-28 15:35:45', 'Thailand', 'Jerdeville',  '1999-08-26 23:34:00', '2020-06-15 21:29:01');
INSERT INTO `profiles` (`id`, `user_id`, `gender`, `birthday`, `country`, `city`, `created_at`, `updated_at`) VALUES (77, 77, 'male', '2006-07-30 13:32:06', 'Norfolk Island', 'Lessiemouth',  '1977-02-22 22:15:51', '1990-01-23 02:17:29');
INSERT INTO `profiles` (`id`, `user_id`, `gender`, `birthday`, `country`, `city`, `created_at`, `updated_at`) VALUES (78, 78, 'male', '1999-03-24 21:41:52', 'Belarus', 'Bayerchester',  '2009-07-02 08:48:14', '1996-03-21 22:14:13');
INSERT INTO `profiles` (`id`, `user_id`, `gender`, `birthday`, `country`, `city`, `created_at`, `updated_at`) VALUES (79, 79, 'male', '2017-04-06 20:44:41', 'Guam', 'Dewayneport',  '2014-10-08 22:35:49', '2020-03-31 05:35:50');
INSERT INTO `profiles` (`id`, `user_id`, `gender`, `birthday`, `country`, `city`, `created_at`, `updated_at`) VALUES (80, 80, 'other', '2009-07-02 14:54:00', 'British Indian Ocean Territory (Chagos Archipelago)', 'Janessaview',  '2014-10-29 09:53:20', '2008-11-21 23:20:07');
INSERT INTO `profiles` (`id`, `user_id`, `gender`, `birthday`, `country`, `city`, `created_at`, `updated_at`) VALUES (81, 81, 'female', '1984-11-30 12:31:20', 'Serbia', 'East Dustinmouth',  '1987-08-15 16:56:29', '1977-10-16 11:39:40');
INSERT INTO `profiles` (`id`, `user_id`, `gender`, `birthday`, `country`, `city`, `created_at`, `updated_at`) VALUES (82, 82, 'female', '1973-07-11 09:56:07', 'Jamaica', 'Marjoryton',  '1975-07-06 20:51:34', '1998-03-31 22:40:06');
INSERT INTO `profiles` (`id`, `user_id`, `gender`, `birthday`, `country`, `city`, `created_at`, `updated_at`) VALUES (83, 83, 'male', '2001-03-14 22:07:58', 'Israel', 'Nicholasville', '1972-07-24 01:36:27', '2010-11-10 21:26:55');
INSERT INTO `profiles` (`id`, `user_id`, `gender`, `birthday`, `country`, `city`, `created_at`, `updated_at`) VALUES (84, 84, 'male', '1991-04-20 17:44:04', 'Gabon', 'Lakinton',  '2004-07-17 11:14:38', '1990-05-15 11:44:52');
INSERT INTO `profiles` (`id`, `user_id`, `gender`, `birthday`, `country`, `city`, `created_at`, `updated_at`) VALUES (85, 85, 'female', '1989-07-13 16:59:54', 'Barbados', 'Hillsburgh', '1998-01-13 05:04:10', '1985-02-04 18:05:38');
INSERT INTO `profiles` (`id`, `user_id`, `gender`, `birthday`, `country`, `city`, `created_at`, `updated_at`) VALUES (86, 86, 'female', '1985-01-24 23:29:48', 'Guadeloupe', 'North Lucy',  '1980-10-15 03:05:32', '1986-09-27 06:09:32');
INSERT INTO `profiles` (`id`, `user_id`, `gender`, `birthday`, `country`, `city`, `created_at`, `updated_at`) VALUES (87, 87, 'male', '1978-09-28 03:38:20', 'Belgium', 'New Gregorioton',  '2007-12-29 16:07:13', '2017-11-28 16:54:18');
INSERT INTO `profiles` (`id`, `user_id`, `gender`, `birthday`, `country`, `city`, `created_at`, `updated_at`) VALUES (88, 88, 'other', '2013-06-15 11:28:12', 'Lebanon', 'West Whitneyton', '1983-05-27 17:29:49', '1974-06-14 21:14:27');
INSERT INTO `profiles` (`id`, `user_id`, `gender`, `birthday`, `country`, `city`, `created_at`, `updated_at`) VALUES (89, 89, 'female', '1994-05-06 11:49:54', 'Norfolk Island', 'Freidaton',  '1997-07-03 21:02:05', '2015-06-17 07:07:33');
INSERT INTO `profiles` (`id`, `user_id`, `gender`, `birthday`, `country`, `city`, `created_at`, `updated_at`) VALUES (90, 90, 'female', '1975-08-25 15:42:29', 'Northern Mariana Islands', 'New Alyceton', '2009-08-03 02:54:02', '1983-08-29 03:47:06');
INSERT INTO `profiles` (`id`, `user_id`, `gender`, `birthday`, `country`, `city`, `created_at`, `updated_at`) VALUES (91, 91, 'female', '2017-04-19 00:31:53', 'Comoros', 'North Kattieshire',  '1970-10-14 22:31:41', '2000-06-07 00:30:48');
INSERT INTO `profiles` (`id`, `user_id`, `gender`, `birthday`, `country`, `city`, `created_at`, `updated_at`) VALUES (92, 92, 'male', '2013-06-16 07:14:26', 'Yemen', 'Miachester',  '1998-06-10 09:30:42', '1999-03-18 00:14:37');
INSERT INTO `profiles` (`id`, `user_id`, `gender`, `birthday`, `country`, `city`, `created_at`, `updated_at`) VALUES (93, 93, 'other', '2018-07-31 16:08:34', 'Falkland Islands (Malvinas)', 'Jamilfurt',  '2000-12-23 07:11:23', '2009-07-16 22:56:10');
INSERT INTO `profiles` (`id`, `user_id`, `gender`, `birthday`, `country`, `city`, `created_at`, `updated_at`) VALUES (94, 94, 'female', '1979-08-20 03:47:42', 'Saint Martin', 'Ritchieburgh',  '1976-11-29 14:39:52', '2006-02-15 02:45:23');
INSERT INTO `profiles` (`id`, `user_id`, `gender`, `birthday`, `country`, `city`, `created_at`, `updated_at`) VALUES (95, 95, 'male', '2012-09-07 18:49:18', 'Aruba', 'West Rosalynport',  '2014-10-25 13:03:04', '1972-04-07 16:35:00');
INSERT INTO `profiles` (`id`, `user_id`, `gender`, `birthday`, `country`, `city`, `created_at`, `updated_at`) VALUES (96, 96, 'male', '1982-07-21 00:07:21', 'Somalia', 'South Cleveland',  '1990-04-04 05:57:18', '1985-01-25 15:17:35');
INSERT INTO `profiles` (`id`, `user_id`, `gender`, `birthday`, `country`, `city`, `created_at`, `updated_at`) VALUES (97, 97, 'male', '2020-11-08 03:34:21', 'Svalbard & Jan Mayen Islands', 'Salmaville',  '1980-10-10 23:17:10', '2015-12-04 21:55:52');
INSERT INTO `profiles` (`id`, `user_id`, `gender`, `birthday`, `country`, `city`, `created_at`, `updated_at`) VALUES (98, 98, 'male', '1980-11-05 19:31:40', 'Nauru', 'Dachland',  '2006-01-16 20:12:25', '2010-11-05 20:23:50');
INSERT INTO `profiles` (`id`, `user_id`, `gender`, `birthday`, `country`, `city`, `created_at`, `updated_at`) VALUES (99, 99, 'male', '2004-06-04 08:19:08', 'Zimbabwe', 'Jordyburgh',  '1985-04-27 00:08:45', '2010-09-24 18:49:23');
INSERT INTO `profiles` (`id`, `user_id`, `gender`, `birthday`, `country`, `city`, `created_at`, `updated_at`) VALUES (100, 100, 'other', '2020-04-11 20:55:40', 'New Zealand', 'Kihnland', '1979-04-28 02:55:11', '2008-02-23 02:16:16');

INSERT INTO `media_types` (`id`, `name`, `created_at`, `updated_at`) VALUES (1, 'фото', '2014-02-11 00:51:46', '1973-10-29 05:43:31');
INSERT INTO `media_types` (`id`, `name`, `created_at`, `updated_at`) VALUES (2, 'видео', '1981-03-03 14:48:08', '2017-06-05 23:32:58');



INSERT INTO `auto_color` (`id`, `name`, `color_code`, `created_at`, `updated_at`) VALUES (1, 'Черный', '113690303', '1995-10-28 17:02:52', '1975-11-16 23:50:40');
INSERT INTO `auto_color` (`id`, `name`, `color_code`, `created_at`, `updated_at`) VALUES (2, 'Белый', '713281886', '1981-01-24 17:21:27', '2011-01-12 16:54:43');
INSERT INTO `auto_color` (`id`, `name`, `color_code`, `created_at`, `updated_at`) VALUES (3, 'Красный', '176304847', '1999-08-12 13:34:56', '2015-05-18 12:14:27');
INSERT INTO `auto_color` (`id`, `name`, `color_code`, `created_at`, `updated_at`) VALUES (4, 'Синий', '009595954', '2001-08-24 07:20:27', '2020-04-01 08:38:41');
INSERT INTO `auto_color` (`id`, `name`, `color_code`, `created_at`, `updated_at`) VALUES (5, 'Зеленый', '090663806', '1991-05-21 17:01:59', '1984-01-29 08:12:32');
INSERT INTO `auto_color` (`id`, `name`, `color_code`, `created_at`, `updated_at`) VALUES (6, 'Розовый', '927227370', '1990-02-06 03:20:19', '1977-08-23 20:09:32');
INSERT INTO `auto_color` (`id`, `name`, `color_code`, `created_at`, `updated_at`) VALUES (7, 'Серебрисный', '523011755', '1978-04-10 05:17:37', '1974-10-12 18:16:09');
INSERT INTO `auto_color` (`id`, `name`, `color_code`, `created_at`, `updated_at`) VALUES (8, 'Желтый', '754095513', '2018-06-18 12:38:57', '1992-02-13 17:09:48');
INSERT INTO `auto_color` (`id`, `name`, `color_code`, `created_at`, `updated_at`) VALUES (9, 'Серый', '395085975', '1975-02-09 17:06:55', '1977-07-30 20:17:15');
INSERT INTO `auto_color` (`id`, `name`, `color_code`, `created_at`, `updated_at`) VALUES (10, 'Оранжевый', '920880120', '1990-10-17 00:48:53', '2014-12-13 06:57:03');




INSERT INTO `auto_mark` (`id`, `name`, `created_at`, `updated_at`) VALUES (1, 'AUDI', '1990-03-28 00:27:53', '1975-05-03 03:22:01');
INSERT INTO `auto_mark` (`id`, `name`, `created_at`, `updated_at`) VALUES (2, 'Mersedes', '1971-08-29 21:31:09', '1984-10-07 10:24:37');
INSERT INTO `auto_mark` (`id`, `name`, `created_at`, `updated_at`) VALUES (3, 'BMW', '1983-02-18 15:24:02', '1970-08-04 05:43:44');
INSERT INTO `auto_mark` (`id`, `name`, `created_at`, `updated_at`) VALUES (4, 'VAZ', '1999-01-25 05:41:03', '1997-10-26 14:34:38');
INSERT INTO `auto_mark` (`id`, `name`, `created_at`, `updated_at`) VALUES (5, 'Jeep', '2021-01-17 23:49:09', '2001-12-29 11:04:53');
INSERT INTO `auto_mark` (`id`, `name`, `created_at`, `updated_at`) VALUES (6, 'Mazda', '1984-01-14 05:54:29', '2004-06-14 15:36:16');
INSERT INTO `auto_mark` (`id`, `name`, `created_at`, `updated_at`) VALUES (7, 'Honda', '1987-06-04 12:34:09', '1991-10-12 15:12:16');
INSERT INTO `auto_mark` (`id`, `name`, `created_at`, `updated_at`) VALUES (8, 'Hyunday', '2010-07-02 10:00:45', '2004-08-09 19:26:02');
INSERT INTO `auto_mark` (`id`, `name`, `created_at`, `updated_at`) VALUES (9, 'Tesla', '1997-05-10 20:10:28', '2014-01-24 18:02:41');
INSERT INTO `auto_mark` (`id`, `name`, `created_at`, `updated_at`) VALUES (10, 'UAZ', '2016-04-10 09:16:53', '2010-08-19 18:57:46');





INSERT INTO `auto_status` (`id`, `name`, `created_at`, `updated_at`) VALUES (1, 'новая', '2007-07-11 09:05:00', '2019-01-28 22:24:03');
INSERT INTO `auto_status` (`id`, `name`, `created_at`, `updated_at`) VALUES (2, 'с пробегом', '2002-03-23 22:15:57', '2020-08-08 17:35:55');
INSERT INTO `auto_status` (`id`, `name`, `created_at`, `updated_at`) VALUES (3, 'битая', '2009-03-04 17:02:19', '2015-12-03 11:11:45');



INSERT INTO `message_status` (`id`, `name`, `created_at`, `updated_at`) VALUES (1, 'отправлено', '2002-06-04 21:51:28', '2014-03-07 20:51:47');
INSERT INTO `message_status` (`id`, `name`, `created_at`, `updated_at`) VALUES (2, 'доставлено', '1989-01-24 16:20:11', '1993-11-12 12:24:59');
INSERT INTO `message_status` (`id`, `name`, `created_at`, `updated_at`) VALUES (3, 'прочитано', '2014-12-01 05:42:23', '1990-11-20 01:56:38');
INSERT INTO `message_status` (`id`, `name`, `created_at`, `updated_at`) VALUES (4, 'удалено', '2019-12-02 06:44:19', '1985-02-11 08:56:27');


INSERT INTO `auto` (`id`, `name`, `auto_mark_id`, `year`, `created_at`, `updated_at`) VALUES (1, 'voluptatem', 6, 2009, '1977-06-17 19:25:42', '1996-12-02 20:41:11');
INSERT INTO `auto` (`id`, `name`, `auto_mark_id`, `year`, `created_at`, `updated_at`) VALUES (2, 'ab', 5, 1970, '2019-06-19 19:26:34', '1985-05-06 12:07:14');
INSERT INTO `auto` (`id`, `name`, `auto_mark_id`, `year`, `created_at`, `updated_at`) VALUES (3, 'eius', 7, 1974, '2009-05-20 05:23:35', '1987-09-17 14:16:54');
INSERT INTO `auto` (`id`, `name`, `auto_mark_id`, `year`, `created_at`, `updated_at`) VALUES (4, 'animi', 10, 1985, '2003-03-17 16:27:15', '1988-02-29 13:30:59');
INSERT INTO `auto` (`id`, `name`, `auto_mark_id`, `year`, `created_at`, `updated_at`) VALUES (5, 'amet', 4, 1986, '2010-12-25 07:43:28', '1977-02-24 10:06:36');
INSERT INTO `auto` (`id`, `name`, `auto_mark_id`, `year`, `created_at`, `updated_at`) VALUES (6, 'itaque', 3, 1999, '1973-05-29 07:02:32', '2013-10-17 18:27:56');
INSERT INTO `auto` (`id`, `name`, `auto_mark_id`, `year`, `created_at`, `updated_at`) VALUES (7, 'cum', 8, 2012, '1991-08-19 01:24:54', '1983-09-27 04:58:00');
INSERT INTO `auto` (`id`, `name`, `auto_mark_id`, `year`, `created_at`, `updated_at`) VALUES (8, 'nemo', 7, 1988, '2016-02-23 01:53:56', '1998-07-09 03:02:14');
INSERT INTO `auto` (`id`, `name`, `auto_mark_id`, `year`, `created_at`, `updated_at`) VALUES (9, 'vel', 2, 2012, '2020-10-02 18:11:47', '2006-04-23 15:20:12');
INSERT INTO `auto` (`id`, `name`, `auto_mark_id`, `year`, `created_at`, `updated_at`) VALUES (10, 'tenetur', 7, 1984, '2017-12-30 15:34:00', '1983-10-19 02:44:48');
INSERT INTO `auto` (`id`, `name`, `auto_mark_id`, `year`, `created_at`, `updated_at`) VALUES (11, 'ut', 1, 2020, '1983-01-07 14:50:52', '1976-06-01 03:42:08');
INSERT INTO `auto` (`id`, `name`, `auto_mark_id`, `year`, `created_at`, `updated_at`) VALUES (12, 'cumque', 3, 2005, '1982-09-21 21:40:34', '1972-03-18 09:56:51');
INSERT INTO `auto` (`id`, `name`, `auto_mark_id`, `year`, `created_at`, `updated_at`) VALUES (13, 'consequatur', 3, 1991, '2008-09-29 17:04:41', '1984-01-02 23:26:59');
INSERT INTO `auto` (`id`, `name`, `auto_mark_id`, `year`, `created_at`, `updated_at`) VALUES (14, 'similique', 8, 2001, '2012-11-17 16:49:34', '2008-12-13 00:00:16');
INSERT INTO `auto` (`id`, `name`, `auto_mark_id`, `year`, `created_at`, `updated_at`) VALUES (15, 'totam', 8, 1985, '2017-12-15 11:03:09', '1970-01-05 11:01:19');
INSERT INTO `auto` (`id`, `name`, `auto_mark_id`, `year`, `created_at`, `updated_at`) VALUES (16, 'est', 5, 2003, '1979-10-19 11:13:45', '2012-03-20 19:08:21');
INSERT INTO `auto` (`id`, `name`, `auto_mark_id`, `year`, `created_at`, `updated_at`) VALUES (17, 'rem', 8, 2013, '1987-04-21 11:13:38', '1983-06-07 02:07:37');
INSERT INTO `auto` (`id`, `name`, `auto_mark_id`, `year`, `created_at`, `updated_at`) VALUES (18, 'aut', 2, 1970, '1985-01-29 12:25:13', '1994-11-29 01:20:59');
INSERT INTO `auto` (`id`, `name`, `auto_mark_id`, `year`, `created_at`, `updated_at`) VALUES (19, 'et', 4, 2014, '2004-04-11 12:22:14', '1993-10-04 09:24:37');
INSERT INTO `auto` (`id`, `name`, `auto_mark_id`, `year`, `created_at`, `updated_at`) VALUES (20, 'aliquam', 6, 2006, '1970-06-08 05:23:04', '1983-08-16 00:29:52');
INSERT INTO `auto` (`id`, `name`, `auto_mark_id`, `year`, `created_at`, `updated_at`) VALUES (21, 'eos', 8, 2009, '2017-09-28 08:04:04', '1975-05-17 05:23:26');
INSERT INTO `auto` (`id`, `name`, `auto_mark_id`, `year`, `created_at`, `updated_at`) VALUES (22, 'sed', 8, 1984, '1994-03-12 10:43:45', '1979-10-09 16:10:59');
INSERT INTO `auto` (`id`, `name`, `auto_mark_id`, `year`, `created_at`, `updated_at`) VALUES (23, 'atque', 3, 1973, '2017-06-19 11:51:10', '1974-05-29 12:45:32');
INSERT INTO `auto` (`id`, `name`, `auto_mark_id`, `year`, `created_at`, `updated_at`) VALUES (24, 'odio', 10, 2007, '1995-08-06 23:18:06', '2012-01-02 18:59:06');
INSERT INTO `auto` (`id`, `name`, `auto_mark_id`, `year`, `created_at`, `updated_at`) VALUES (25, 'iusto', 9, 1970, '1987-03-10 06:56:29', '2001-05-29 23:18:07');
INSERT INTO `auto` (`id`, `name`, `auto_mark_id`, `year`, `created_at`, `updated_at`) VALUES (26, 'reiciendis', 3, 1979, '2006-01-23 14:42:04', '1991-04-04 18:46:30');
INSERT INTO `auto` (`id`, `name`, `auto_mark_id`, `year`, `created_at`, `updated_at`) VALUES (27, 'quos', 3, 1990, '1996-12-31 12:35:04', '1992-11-30 09:49:56');
INSERT INTO `auto` (`id`, `name`, `auto_mark_id`, `year`, `created_at`, `updated_at`) VALUES (28, 'eum', 9, 2010, '2007-05-02 17:20:04', '1992-01-01 00:55:44');
INSERT INTO `auto` (`id`, `name`, `auto_mark_id`, `year`, `created_at`, `updated_at`) VALUES (29, 'id', 10, 1975, '1984-03-03 04:56:43', '1974-10-21 11:08:57');
INSERT INTO `auto` (`id`, `name`, `auto_mark_id`, `year`, `created_at`, `updated_at`) VALUES (30, 'natus', 4, 2021, '1982-01-06 23:15:20', '1988-06-25 03:59:06');
INSERT INTO `auto` (`id`, `name`, `auto_mark_id`, `year`, `created_at`, `updated_at`) VALUES (31, 'magni', 8, 2014, '2004-01-03 04:48:29', '2014-05-19 15:01:49');
INSERT INTO `auto` (`id`, `name`, `auto_mark_id`, `year`, `created_at`, `updated_at`) VALUES (32, 'commodi', 3, 1997, '1996-12-21 16:11:12', '2017-03-29 11:55:05');
INSERT INTO `auto` (`id`, `name`, `auto_mark_id`, `year`, `created_at`, `updated_at`) VALUES (33, 'voluptas', 8, 1973, '2018-08-26 05:39:00', '1997-03-06 13:55:22');
INSERT INTO `auto` (`id`, `name`, `auto_mark_id`, `year`, `created_at`, `updated_at`) VALUES (34, 'accusantium', 3, 1985, '2011-10-02 09:49:29', '1988-01-12 18:38:05');
INSERT INTO `auto` (`id`, `name`, `auto_mark_id`, `year`, `created_at`, `updated_at`) VALUES (35, 'hic', 1, 2016, '2001-06-10 18:38:54', '2009-12-30 05:17:31');
INSERT INTO `auto` (`id`, `name`, `auto_mark_id`, `year`, `created_at`, `updated_at`) VALUES (36, 'doloremque', 3, 1976, '1986-08-12 02:28:02', '1977-06-23 18:44:44');
INSERT INTO `auto` (`id`, `name`, `auto_mark_id`, `year`, `created_at`, `updated_at`) VALUES (37, 'neque', 9, 1979, '1993-05-10 21:20:02', '1977-10-12 15:42:32');
INSERT INTO `auto` (`id`, `name`, `auto_mark_id`, `year`, `created_at`, `updated_at`) VALUES (38, 'fugit', 7, 1991, '1994-08-23 16:23:51', '1987-07-07 10:04:12');
INSERT INTO `auto` (`id`, `name`, `auto_mark_id`, `year`, `created_at`, `updated_at`) VALUES (39, 'dolorem', 2, 2012, '1983-11-19 05:24:52', '2017-09-20 16:14:50');
INSERT INTO `auto` (`id`, `name`, `auto_mark_id`, `year`, `created_at`, `updated_at`) VALUES (40, 'molestiae', 4, 2005, '2017-06-09 14:25:14', '1996-06-17 11:05:13');
INSERT INTO `auto` (`id`, `name`, `auto_mark_id`, `year`, `created_at`, `updated_at`) VALUES (41, 'architecto', 2, 2016, '2006-05-04 03:15:02', '1983-11-09 18:49:41');
INSERT INTO `auto` (`id`, `name`, `auto_mark_id`, `year`, `created_at`, `updated_at`) VALUES (42, 'ea', 3, 1997, '1985-06-06 07:47:34', '1971-02-28 04:21:20');
INSERT INTO `auto` (`id`, `name`, `auto_mark_id`, `year`, `created_at`, `updated_at`) VALUES (43, 'dolor', 2, 1997, '2020-04-01 12:52:11', '1999-06-30 17:16:31');
INSERT INTO `auto` (`id`, `name`, `auto_mark_id`, `year`, `created_at`, `updated_at`) VALUES (44, 'nostrum', 1, 1988, '2004-10-19 09:33:36', '1998-03-07 04:56:04');
INSERT INTO `auto` (`id`, `name`, `auto_mark_id`, `year`, `created_at`, `updated_at`) VALUES (45, 'illo', 6, 1985, '1972-07-21 14:29:50', '2019-02-06 18:56:29');
INSERT INTO `auto` (`id`, `name`, `auto_mark_id`, `year`, `created_at`, `updated_at`) VALUES (46, 'velit', 4, 2017, '1973-10-02 21:11:33', '2004-10-27 06:39:25');
INSERT INTO `auto` (`id`, `name`, `auto_mark_id`, `year`, `created_at`, `updated_at`) VALUES (47, 'quam', 5, 1978, '1992-01-06 02:08:48', '2001-12-24 01:30:55');
INSERT INTO `auto` (`id`, `name`, `auto_mark_id`, `year`, `created_at`, `updated_at`) VALUES (48, 'sit', 3, 1970, '1999-09-03 06:48:18', '1999-02-01 20:31:12');
INSERT INTO `auto` (`id`, `name`, `auto_mark_id`, `year`, `created_at`, `updated_at`) VALUES (49, 'cupiditate', 3, 1995, '2013-06-25 06:09:25', '1979-12-08 09:20:40');
INSERT INTO `auto` (`id`, `name`, `auto_mark_id`, `year`, `created_at`, `updated_at`) VALUES (50, 'ducimus', 10, 1999, '2015-03-25 23:58:27', '2006-12-11 17:46:34');
INSERT INTO `auto` (`id`, `name`, `auto_mark_id`, `year`, `created_at`, `updated_at`) VALUES (51, 'reprehenderit', 8, 1970, '2002-02-02 17:21:57', '1983-09-19 19:36:28');
INSERT INTO `auto` (`id`, `name`, `auto_mark_id`, `year`, `created_at`, `updated_at`) VALUES (52, 'corrupti', 6, 1987, '1994-12-08 16:17:52', '2002-07-21 21:12:38');
INSERT INTO `auto` (`id`, `name`, `auto_mark_id`, `year`, `created_at`, `updated_at`) VALUES (53, 'numquam', 2, 1992, '1989-01-06 14:36:50', '1997-10-04 13:26:49');
INSERT INTO `auto` (`id`, `name`, `auto_mark_id`, `year`, `created_at`, `updated_at`) VALUES (54, 'aperiam', 8, 1982, '2005-02-08 00:33:13', '1987-04-19 15:43:33');
INSERT INTO `auto` (`id`, `name`, `auto_mark_id`, `year`, `created_at`, `updated_at`) VALUES (55, 'qui', 3, 1971, '2015-11-28 11:23:04', '2010-07-22 18:33:07');
INSERT INTO `auto` (`id`, `name`, `auto_mark_id`, `year`, `created_at`, `updated_at`) VALUES (56, 'quibusdam', 3, 2018, '1976-01-05 09:06:05', '1995-10-07 03:25:07');
INSERT INTO `auto` (`id`, `name`, `auto_mark_id`, `year`, `created_at`, `updated_at`) VALUES (57, 'dolores', 10, 2002, '2019-04-22 19:16:36', '1985-06-26 12:22:37');
INSERT INTO `auto` (`id`, `name`, `auto_mark_id`, `year`, `created_at`, `updated_at`) VALUES (58, 'repudiandae', 1, 2006, '2012-12-16 19:16:07', '1994-07-31 15:34:14');
INSERT INTO `auto` (`id`, `name`, `auto_mark_id`, `year`, `created_at`, `updated_at`) VALUES (59, 'voluptatibus', 3, 1986, '2007-09-02 21:04:02', '1983-12-29 11:29:32');
INSERT INTO `auto` (`id`, `name`, `auto_mark_id`, `year`, `created_at`, `updated_at`) VALUES (60, 'temporibus', 3, 2014, '2019-03-13 05:05:56', '1982-10-26 18:07:38');
INSERT INTO `auto` (`id`, `name`, `auto_mark_id`, `year`, `created_at`, `updated_at`) VALUES (61, 'tempora', 10, 1979, '1997-03-30 12:01:49', '2004-03-21 03:27:07');
INSERT INTO `auto` (`id`, `name`, `auto_mark_id`, `year`, `created_at`, `updated_at`) VALUES (62, 'excepturi', 8, 2018, '1995-07-05 11:44:39', '2007-08-25 23:44:40');
INSERT INTO `auto` (`id`, `name`, `auto_mark_id`, `year`, `created_at`, `updated_at`) VALUES (63, 'eveniet', 5, 1994, '1992-11-19 19:15:14', '2018-03-28 22:40:47');
INSERT INTO `auto` (`id`, `name`, `auto_mark_id`, `year`, `created_at`, `updated_at`) VALUES (64, 'veniam', 5, 1985, '1979-05-29 02:07:35', '2013-05-16 13:45:19');
INSERT INTO `auto` (`id`, `name`, `auto_mark_id`, `year`, `created_at`, `updated_at`) VALUES (65, 'provident', 9, 1982, '2010-06-14 06:01:50', '2019-08-19 03:00:00');
INSERT INTO `auto` (`id`, `name`, `auto_mark_id`, `year`, `created_at`, `updated_at`) VALUES (66, 'sint', 10, 2014, '1981-08-08 00:07:00', '2007-03-24 07:05:24');
INSERT INTO `auto` (`id`, `name`, `auto_mark_id`, `year`, `created_at`, `updated_at`) VALUES (67, 'suscipit', 8, 1986, '2011-06-03 22:44:16', '2003-11-10 12:58:52');
INSERT INTO `auto` (`id`, `name`, `auto_mark_id`, `year`, `created_at`, `updated_at`) VALUES (68, 'earum', 7, 1989, '2010-08-29 19:56:32', '1975-04-19 08:30:09');
INSERT INTO `auto` (`id`, `name`, `auto_mark_id`, `year`, `created_at`, `updated_at`) VALUES (69, 'rerum', 4, 2013, '1976-02-06 06:24:38', '2009-06-30 13:34:18');
INSERT INTO `auto` (`id`, `name`, `auto_mark_id`, `year`, `created_at`, `updated_at`) VALUES (70, 'debitis', 3, 1995, '1974-04-26 18:27:27', '1976-01-02 09:25:02');
INSERT INTO `auto` (`id`, `name`, `auto_mark_id`, `year`, `created_at`, `updated_at`) VALUES (71, 'esse', 5, 1979, '1971-03-04 03:44:26', '1995-03-08 03:06:14');
INSERT INTO `auto` (`id`, `name`, `auto_mark_id`, `year`, `created_at`, `updated_at`) VALUES (72, 'in', 6, 1992, '1994-10-26 04:05:34', '2014-12-10 20:00:30');
INSERT INTO `auto` (`id`, `name`, `auto_mark_id`, `year`, `created_at`, `updated_at`) VALUES (73, 'aliquid', 10, 1994, '1978-12-20 10:25:41', '1971-12-03 02:30:08');
INSERT INTO `auto` (`id`, `name`, `auto_mark_id`, `year`, `created_at`, `updated_at`) VALUES (74, 'possimus', 3, 1972, '1986-07-13 10:14:30', '2004-01-03 19:58:50');
INSERT INTO `auto` (`id`, `name`, `auto_mark_id`, `year`, `created_at`, `updated_at`) VALUES (75, 'nam', 2, 1988, '1992-10-08 18:58:30', '2018-12-06 19:57:28');
INSERT INTO `auto` (`id`, `name`, `auto_mark_id`, `year`, `created_at`, `updated_at`) VALUES (76, 'voluptate', 5, 2000, '1996-08-19 09:22:19', '1971-09-16 13:15:59');
INSERT INTO `auto` (`id`, `name`, `auto_mark_id`, `year`, `created_at`, `updated_at`) VALUES (77, 'mollitia', 4, 2020, '1978-10-13 15:41:34', '1972-12-08 07:41:23');
INSERT INTO `auto` (`id`, `name`, `auto_mark_id`, `year`, `created_at`, `updated_at`) VALUES (78, 'non', 2, 2014, '2000-04-30 10:26:16', '2001-05-28 18:02:11');
INSERT INTO `auto` (`id`, `name`, `auto_mark_id`, `year`, `created_at`, `updated_at`) VALUES (79, 'quis', 6, 1978, '1984-05-26 18:21:06', '2009-09-22 07:07:17');
INSERT INTO `auto` (`id`, `name`, `auto_mark_id`, `year`, `created_at`, `updated_at`) VALUES (80, 'sunt', 9, 1994, '1973-01-03 06:25:17', '2010-07-28 13:09:05');
INSERT INTO `auto` (`id`, `name`, `auto_mark_id`, `year`, `created_at`, `updated_at`) VALUES (81, 'quaerat', 9, 1978, '1987-09-08 09:18:58', '2007-11-25 16:31:31');
INSERT INTO `auto` (`id`, `name`, `auto_mark_id`, `year`, `created_at`, `updated_at`) VALUES (82, 'porro', 8, 1999, '2017-12-09 07:24:23', '1972-03-13 19:57:35');
INSERT INTO `auto` (`id`, `name`, `auto_mark_id`, `year`, `created_at`, `updated_at`) VALUES (83, 'explicabo', 9, 1973, '1979-12-19 03:00:06', '1989-11-28 06:59:08');
INSERT INTO `auto` (`id`, `name`, `auto_mark_id`, `year`, `created_at`, `updated_at`) VALUES (84, 'quo', 6, 2001, '2007-08-30 14:59:59', '1973-05-14 17:44:06');
INSERT INTO `auto` (`id`, `name`, `auto_mark_id`, `year`, `created_at`, `updated_at`) VALUES (85, 'accusamus', 5, 1973, '2010-05-31 15:08:42', '2010-11-19 23:29:19');
INSERT INTO `auto` (`id`, `name`, `auto_mark_id`, `year`, `created_at`, `updated_at`) VALUES (86, 'ullam', 10, 1986, '1991-08-23 12:32:34', '1974-09-24 12:24:45');
INSERT INTO `auto` (`id`, `name`, `auto_mark_id`, `year`, `created_at`, `updated_at`) VALUES (87, 'ratione', 5, 1988, '1989-04-05 09:12:35', '2002-12-10 15:41:48');
INSERT INTO `auto` (`id`, `name`, `auto_mark_id`, `year`, `created_at`, `updated_at`) VALUES (88, 'dolorum', 9, 2002, '2008-08-19 22:31:20', '2012-04-10 21:30:52');
INSERT INTO `auto` (`id`, `name`, `auto_mark_id`, `year`, `created_at`, `updated_at`) VALUES (89, 'quasi', 2, 1983, '1995-03-01 02:27:11', '1980-10-29 09:49:33');
INSERT INTO `auto` (`id`, `name`, `auto_mark_id`, `year`, `created_at`, `updated_at`) VALUES (90, 'quia', 3, 1995, '2009-09-05 05:31:13', '1976-02-13 14:25:29');
INSERT INTO `auto` (`id`, `name`, `auto_mark_id`, `year`, `created_at`, `updated_at`) VALUES (91, 'perferendis', 7, 1989, '1994-02-22 12:16:14', '1990-04-14 03:13:18');
INSERT INTO `auto` (`id`, `name`, `auto_mark_id`, `year`, `created_at`, `updated_at`) VALUES (92, 'occaecati', 10, 2009, '1995-04-06 18:08:07', '1981-06-20 15:25:09');
INSERT INTO `auto` (`id`, `name`, `auto_mark_id`, `year`, `created_at`, `updated_at`) VALUES (93, 'ex', 2, 1974, '1992-07-12 09:52:56', '1982-05-31 06:34:52');
INSERT INTO `auto` (`id`, `name`, `auto_mark_id`, `year`, `created_at`, `updated_at`) VALUES (94, 'pariatur', 5, 1978, '1973-10-12 08:11:55', '1978-10-31 10:15:28');
INSERT INTO `auto` (`id`, `name`, `auto_mark_id`, `year`, `created_at`, `updated_at`) VALUES (95, 'eligendi', 4, 1973, '1994-01-06 06:45:52', '1984-06-09 13:36:24');
INSERT INTO `auto` (`id`, `name`, `auto_mark_id`, `year`, `created_at`, `updated_at`) VALUES (96, 'vitae', 4, 1997, '1986-06-16 09:36:42', '1992-08-17 09:18:04');
INSERT INTO `auto` (`id`, `name`, `auto_mark_id`, `year`, `created_at`, `updated_at`) VALUES (97, 'placeat', 10, 1986, '1981-08-07 06:33:05', '2014-06-15 20:38:37');
INSERT INTO `auto` (`id`, `name`, `auto_mark_id`, `year`, `created_at`, `updated_at`) VALUES (98, 'fugiat', 3, 2008, '1999-11-15 05:35:40', '1993-03-24 12:10:02');
INSERT INTO `auto` (`id`, `name`, `auto_mark_id`, `year`, `created_at`, `updated_at`) VALUES (99, 'deserunt', 4, 2008, '1997-07-31 12:03:23', '1989-04-19 09:08:26');
INSERT INTO `auto` (`id`, `name`, `auto_mark_id`, `year`, `created_at`, `updated_at`) VALUES (100, 'laborum', 5, 2008, '1977-07-01 22:56:11', '1983-07-19 15:25:24');



INSERT INTO `offer_status` (`id`, `name`, `created_at`, `updated_at`) VALUES (1, 'продается', '1971-03-08 16:21:52', '1987-02-20 10:40:14');
INSERT INTO `offer_status` (`id`, `name`, `created_at`, `updated_at`) VALUES (2, 'актуально', '2008-06-03 18:26:12', '2009-11-03 18:20:34');
INSERT INTO `offer_status` (`id`, `name`, `created_at`, `updated_at`) VALUES (3, 'продано', '1998-08-01 05:44:17', '2003-01-01 09:04:53');
INSERT INTO `offer_status` (`id`, `name`, `created_at`, `updated_at`) VALUES (4, 'в резерве', '1990-07-15 10:30:48', '1999-05-28 21:26:04');




INSERT INTO `sales_offer` (`id`, `user_id`, `auto_id`, `auto_status_id`, `price`, `description`, `auto_color_id`, `offer_status_id`, `created_at`, `updated_at`) VALUES (1, 84, 20, 1, '0', 'Vero praesentium maiores qui dolore in libero. Rerum consequuntur voluptatem eius sunt voluptatem tenetur. Officiis et rerum velit labore nesciunt et.', 10, 1, '2003-04-18 13:50:51', '1997-05-29 03:53:44');
INSERT INTO `sales_offer` (`id`, `user_id`, `auto_id`, `auto_status_id`, `price`, `description`, `auto_color_id`, `offer_status_id`, `created_at`, `updated_at`) VALUES (2, 48, 12, 2, '6267', 'Voluptatem porro ducimus quo laudantium quidem eum aut numquam. Aut officia ea vero corporis hic sapiente. Voluptatem molestias tempore consequuntur voluptatem. Tempora voluptas fugiat vel.', 2, 2, '2009-09-11 20:44:37', '1985-01-18 05:13:18');
INSERT INTO `sales_offer` (`id`, `user_id`, `auto_id`, `auto_status_id`, `price`, `description`, `auto_color_id`, `offer_status_id`, `created_at`, `updated_at`) VALUES (3, 6, 72, 1, '850', 'Voluptatum occaecati qui rerum aut voluptas corrupti excepturi. Molestias error atque reiciendis. Qui dolores consequatur officia quasi ad. Officia veniam eaque suscipit tenetur animi.', 9, 2, '2000-06-20 18:26:22', '2002-03-05 17:48:09');
INSERT INTO `sales_offer` (`id`, `user_id`, `auto_id`, `auto_status_id`, `price`, `description`, `auto_color_id`, `offer_status_id`, `created_at`, `updated_at`) VALUES (4, 77, 3, 2, '14', 'Voluptates itaque alias error enim qui. Natus et quam aut perspiciatis quam tempora asperiores est. Pariatur velit et est dolor. Quo quis et totam molestias qui voluptas.', 8, 3, '2018-01-02 07:12:44', '1997-03-11 17:46:29');
INSERT INTO `sales_offer` (`id`, `user_id`, `auto_id`, `auto_status_id`, `price`, `description`, `auto_color_id`, `offer_status_id`, `created_at`, `updated_at`) VALUES (5, 73, 47, 3, '115690509', 'Quis non mollitia quo deserunt dolor. Quaerat dolorem vel dolores est omnis doloremque. Omnis eos est ut officiis. Aut magni voluptatem quam quod.', 4, 2, '2004-12-13 14:26:33', '2000-01-11 02:44:23');
INSERT INTO `sales_offer` (`id`, `user_id`, `auto_id`, `auto_status_id`, `price`, `description`, `auto_color_id`, `offer_status_id`, `created_at`, `updated_at`) VALUES (6, 53, 76, 3, '344064', 'Ut esse dolores illo eius dignissimos. Voluptatem et sed temporibus. Ipsa eveniet nihil quam voluptas expedita minima. Ad est expedita consequuntur et ut.', 4, 1, '2016-01-10 15:32:33', '2013-12-28 04:56:16');
INSERT INTO `sales_offer` (`id`, `user_id`, `auto_id`, `auto_status_id`, `price`, `description`, `auto_color_id`, `offer_status_id`, `created_at`, `updated_at`) VALUES (7, 36, 71, 3, '2409587', 'Sapiente eos provident omnis optio nesciunt. Voluptatum temporibus voluptas aspernatur rem nostrum. Animi quia molestias cupiditate alias. Laborum molestiae eum laudantium ab voluptatem qui quia.', 4, 4, '1989-04-10 08:04:59', '2015-07-14 13:31:19');
INSERT INTO `sales_offer` (`id`, `user_id`, `auto_id`, `auto_status_id`, `price`, `description`, `auto_color_id`, `offer_status_id`, `created_at`, `updated_at`) VALUES (8, 26, 16, 2, '56365654', 'Odit quo eos laboriosam id sit nihil. Eos veritatis optio aspernatur molestiae alias aut reprehenderit. Sit facilis doloremque expedita sint quo vitae. Nobis perferendis dicta commodi ipsa deserunt qui et.', 8, 4, '2017-03-31 23:03:55', '1972-06-19 11:33:41');
INSERT INTO `sales_offer` (`id`, `user_id`, `auto_id`, `auto_status_id`, `price`, `description`, `auto_color_id`, `offer_status_id`, `created_at`, `updated_at`) VALUES (9, 88, 39, 3, '4320', 'Accusamus eum ut alias consequatur sit suscipit eligendi. Architecto molestiae et id enim. Dignissimos sint necessitatibus aut nesciunt praesentium.', 1, 2, '2021-04-25 08:26:47', '2021-05-06 18:55:45');
INSERT INTO `sales_offer` (`id`, `user_id`, `auto_id`, `auto_status_id`, `price`, `description`, `auto_color_id`, `offer_status_id`, `created_at`, `updated_at`) VALUES (10, 95, 99, 3, '213', 'Placeat voluptas dignissimos sint saepe expedita. Odit quasi laudantium ducimus modi numquam. Nostrum ut rerum fuga dicta. Eligendi temporibus eveniet repellat.', 4, 1, '2019-12-11 09:41:09', '1978-09-01 12:41:02');
INSERT INTO `sales_offer` (`id`, `user_id`, `auto_id`, `auto_status_id`, `price`, `description`, `auto_color_id`, `offer_status_id`, `created_at`, `updated_at`) VALUES (11, 63, 64, 3, '29955', 'Sint ipsam doloribus debitis veritatis possimus. Est quia ab aut quisquam. In fugiat dicta molestias id rerum. Et sapiente optio omnis ab aut qui quo.', 6, 4, '1971-10-11 05:03:07', '1977-04-05 03:42:42');
INSERT INTO `sales_offer` (`id`, `user_id`, `auto_id`, `auto_status_id`, `price`, `description`, `auto_color_id`, `offer_status_id`, `created_at`, `updated_at`) VALUES (12, 86, 94, 2, '3616073', 'Iure nesciunt similique ipsa eos incidunt voluptatum rerum. Laudantium ipsum vel quis fugiat omnis. Saepe est fugiat illo. Est ab et esse ea.', 3, 3, '2018-02-26 06:54:38', '1978-12-17 16:47:21');
INSERT INTO `sales_offer` (`id`, `user_id`, `auto_id`, `auto_status_id`, `price`, `description`, `auto_color_id`, `offer_status_id`, `created_at`, `updated_at`) VALUES (13, 21, 65, 2, '1041814', 'Velit omnis adipisci non tenetur est adipisci voluptas natus. Dolores veritatis dolorem dolor nostrum voluptatem. Commodi doloribus illum aut aliquam. Ex velit esse et quia consequatur repellat sit.', 7, 4, '1980-03-25 10:20:26', '2018-02-19 03:09:42');
INSERT INTO `sales_offer` (`id`, `user_id`, `auto_id`, `auto_status_id`, `price`, `description`, `auto_color_id`, `offer_status_id`, `created_at`, `updated_at`) VALUES (14, 11, 9, 2, '4906', 'Maxime ut fugit ut. Eum nihil laboriosam earum qui voluptatem. Veniam sit et cum et fuga perspiciatis. Sed quaerat voluptatem enim deleniti.', 1, 3, '1992-09-28 23:31:02', '1993-06-05 20:14:46');
INSERT INTO `sales_offer` (`id`, `user_id`, `auto_id`, `auto_status_id`, `price`, `description`, `auto_color_id`, `offer_status_id`, `created_at`, `updated_at`) VALUES (15, 91, 43, 1, '2', 'Quia et non ratione qui neque nihil consequatur est. Hic rerum repellat et adipisci occaecati. Soluta dolorem maxime consequatur qui. Dignissimos magni pariatur non ut ducimus et et et.', 5, 1, '1975-11-04 20:07:39', '1984-09-18 06:44:38');
INSERT INTO `sales_offer` (`id`, `user_id`, `auto_id`, `auto_status_id`, `price`, `description`, `auto_color_id`, `offer_status_id`, `created_at`, `updated_at`) VALUES (16, 89, 97, 2, '89930213', 'Corporis sapiente molestiae voluptatem cum non sequi. Rerum nobis eaque debitis laudantium. Velit et est voluptatem dolores exercitationem mollitia eaque sed.', 9, 2, '1993-11-04 23:21:33', '1975-05-22 07:35:41');
INSERT INTO `sales_offer` (`id`, `user_id`, `auto_id`, `auto_status_id`, `price`, `description`, `auto_color_id`, `offer_status_id`, `created_at`, `updated_at`) VALUES (17, 27, 27, 1, '0', 'Nostrum doloremque minus possimus. Consectetur consectetur qui expedita sed a. Magnam architecto deleniti odit velit consequatur asperiores in.', 10, 3, '2015-04-14 10:01:40', '1976-08-05 06:29:21');
INSERT INTO `sales_offer` (`id`, `user_id`, `auto_id`, `auto_status_id`, `price`, `description`, `auto_color_id`, `offer_status_id`, `created_at`, `updated_at`) VALUES (18, 84, 18, 1, '17179105', 'Est facere qui itaque dolor occaecati hic voluptatem. Aut quis quidem nihil officia est earum. Qui quis nesciunt et autem est molestias magni.', 1, 4, '2020-12-02 23:09:26', '1978-01-25 08:41:26');
INSERT INTO `sales_offer` (`id`, `user_id`, `auto_id`, `auto_status_id`, `price`, `description`, `auto_color_id`, `offer_status_id`, `created_at`, `updated_at`) VALUES (19, 13, 27, 3, '219670', 'Fugit qui ea rerum ex illum minima non. Omnis dolor consequatur praesentium provident. Aut error dolores cum delectus. Impedit expedita deleniti voluptatem voluptas saepe iure.', 4, 3, '1990-07-17 04:07:52', '1990-07-18 07:28:29');
INSERT INTO `sales_offer` (`id`, `user_id`, `auto_id`, `auto_status_id`, `price`, `description`, `auto_color_id`, `offer_status_id`, `created_at`, `updated_at`) VALUES (20, 83, 85, 2, '1292', 'Possimus facilis ipsum eaque omnis ut consequatur. Quam vel nobis nesciunt dolores dolorum odit dolor nesciunt. Non quo in non enim aut.', 7, 3, '1972-07-13 00:04:47', '1974-10-31 00:52:28');
INSERT INTO `sales_offer` (`id`, `user_id`, `auto_id`, `auto_status_id`, `price`, `description`, `auto_color_id`, `offer_status_id`, `created_at`, `updated_at`) VALUES (21, 8, 70, 2, '621889', 'Autem itaque optio dolor voluptatem ab veniam. Sunt perspiciatis libero facilis ipsam. Quasi neque aperiam aspernatur ab aut repellendus explicabo. Eum nihil dolorem ut sint.', 4, 3, '2008-06-03 06:42:15', '2007-09-19 13:11:28');
INSERT INTO `sales_offer` (`id`, `user_id`, `auto_id`, `auto_status_id`, `price`, `description`, `auto_color_id`, `offer_status_id`, `created_at`, `updated_at`) VALUES (22, 34, 64, 2, '488023', 'Quis velit corporis ut fuga magni aut itaque. Ut soluta fuga est pariatur. Autem veritatis est recusandae voluptate. Aut nihil qui dicta quia voluptas modi.', 2, 2, '2002-09-19 07:41:06', '2002-06-14 11:58:36');
INSERT INTO `sales_offer` (`id`, `user_id`, `auto_id`, `auto_status_id`, `price`, `description`, `auto_color_id`, `offer_status_id`, `created_at`, `updated_at`) VALUES (23, 42, 30, 1, '0', 'Et dolores voluptates inventore doloribus iusto ut. In ea aperiam a consequuntur dolor rem repellat autem. Est deserunt enim commodi iste.', 6, 2, '2004-01-23 01:41:25', '1984-12-01 17:10:36');
INSERT INTO `sales_offer` (`id`, `user_id`, `auto_id`, `auto_status_id`, `price`, `description`, `auto_color_id`, `offer_status_id`, `created_at`, `updated_at`) VALUES (24, 97, 85, 2, '20317', 'Minima incidunt optio illum rerum laudantium velit dolorem. In laboriosam pariatur et perferendis tempore quia cum.', 3, 2, '2002-02-20 23:55:33', '2004-04-01 15:55:07');
INSERT INTO `sales_offer` (`id`, `user_id`, `auto_id`, `auto_status_id`, `price`, `description`, `auto_color_id`, `offer_status_id`, `created_at`, `updated_at`) VALUES (25, 69, 29, 1, '69676544', 'Nemo aspernatur tenetur ducimus. Nesciunt aliquam debitis recusandae voluptatem laborum.', 5, 2, '1991-11-17 20:20:18', '2011-02-27 18:32:50');
INSERT INTO `sales_offer` (`id`, `user_id`, `auto_id`, `auto_status_id`, `price`, `description`, `auto_color_id`, `offer_status_id`, `created_at`, `updated_at`) VALUES (26, 89, 20, 2, '54800', 'Ut est vel quo expedita. Eligendi et modi dicta enim quia. Hic laudantium explicabo saepe eius.', 5, 3, '1988-11-19 18:15:05', '1974-12-30 22:38:22');
INSERT INTO `sales_offer` (`id`, `user_id`, `auto_id`, `auto_status_id`, `price`, `description`, `auto_color_id`, `offer_status_id`, `created_at`, `updated_at`) VALUES (27, 74, 64, 2, '0', 'Illo quis consequatur eligendi sed sit. Quia et sapiente rerum consequatur quis rerum provident. Nulla ratione eos cumque et non.', 8, 4, '2000-01-14 06:02:18', '1999-03-24 09:11:01');
INSERT INTO `sales_offer` (`id`, `user_id`, `auto_id`, `auto_status_id`, `price`, `description`, `auto_color_id`, `offer_status_id`, `created_at`, `updated_at`) VALUES (28, 13, 73, 1, '101921', 'Perspiciatis ipsam consequuntur eveniet amet. Delectus consectetur quia rerum in ipsa illum corrupti. Inventore quis saepe voluptatem harum dolores aspernatur vitae et. Pariatur placeat laudantium tenetur praesentium maiores perferendis.', 4, 3, '2007-09-24 15:24:49', '2007-08-25 09:14:27');
INSERT INTO `sales_offer` (`id`, `user_id`, `auto_id`, `auto_status_id`, `price`, `description`, `auto_color_id`, `offer_status_id`, `created_at`, `updated_at`) VALUES (29, 15, 5, 1, '228', 'Et nemo quo natus sapiente. Facere nam recusandae temporibus est cumque possimus totam sit. Nam neque quas magnam esse voluptates voluptatem sed. Ipsam voluptas non aperiam explicabo expedita.', 3, 4, '1993-07-23 20:21:16', '1990-11-07 03:26:41');
INSERT INTO `sales_offer` (`id`, `user_id`, `auto_id`, `auto_status_id`, `price`, `description`, `auto_color_id`, `offer_status_id`, `created_at`, `updated_at`) VALUES (30, 49, 30, 2, '325267686', 'Cupiditate quod modi saepe vero amet eum. A et accusantium quisquam non et voluptas. Molestiae ex ipsum corporis inventore.', 8, 2, '2020-06-20 00:13:03', '2016-03-21 12:02:00');
INSERT INTO `sales_offer` (`id`, `user_id`, `auto_id`, `auto_status_id`, `price`, `description`, `auto_color_id`, `offer_status_id`, `created_at`, `updated_at`) VALUES (31, 55, 42, 2, '3', 'Adipisci accusamus corrupti aliquid sed delectus. Quis porro ut modi ipsam. Asperiores sunt ipsam repudiandae et atque.', 1, 3, '1983-04-13 19:26:08', '1974-08-20 13:00:00');
INSERT INTO `sales_offer` (`id`, `user_id`, `auto_id`, `auto_status_id`, `price`, `description`, `auto_color_id`, `offer_status_id`, `created_at`, `updated_at`) VALUES (32, 62, 62, 2, '900', 'Officiis unde laudantium alias et rerum totam. Sit delectus earum maiores accusantium ab ut. Porro laudantium voluptatem minima et rem fugit.', 3, 1, '1993-09-04 08:37:34', '1978-03-15 13:06:28');
INSERT INTO `sales_offer` (`id`, `user_id`, `auto_id`, `auto_status_id`, `price`, `description`, `auto_color_id`, `offer_status_id`, `created_at`, `updated_at`) VALUES (33, 3, 50, 2, '116749', 'Esse et blanditiis itaque id. Quibusdam maiores qui perspiciatis temporibus. Cum quo esse officia et.', 3, 4, '1984-11-29 22:56:37', '2017-06-30 22:09:17');
INSERT INTO `sales_offer` (`id`, `user_id`, `auto_id`, `auto_status_id`, `price`, `description`, `auto_color_id`, `offer_status_id`, `created_at`, `updated_at`) VALUES (34, 99, 76, 3, '48144', 'Placeat possimus fuga id recusandae magnam explicabo animi. Eos animi perferendis voluptas saepe modi et. Ipsum sint exercitationem blanditiis dolorem vero quasi omnis. Autem beatae deserunt perspiciatis consectetur minima eos sit aliquam.', 1, 2, '1972-04-02 02:38:25', '1984-10-02 20:26:53');
INSERT INTO `sales_offer` (`id`, `user_id`, `auto_id`, `auto_status_id`, `price`, `description`, `auto_color_id`, `offer_status_id`, `created_at`, `updated_at`) VALUES (35, 47, 28, 3, '1103', 'Dolores et voluptas aut et est neque. Corporis omnis magnam dicta eos rerum. Sunt at sit sint illo rerum quisquam possimus.', 7, 2, '1994-10-23 22:41:37', '2019-09-12 00:26:57');
INSERT INTO `sales_offer` (`id`, `user_id`, `auto_id`, `auto_status_id`, `price`, `description`, `auto_color_id`, `offer_status_id`, `created_at`, `updated_at`) VALUES (36, 90, 26, 2, '2823', 'Ipsum quos ipsum id nisi consectetur. Id quisquam hic saepe. Sit ut sunt sit dolor nihil ea unde veniam. Consequuntur totam consequatur incidunt error.', 8, 2, '2008-10-28 15:28:50', '1981-04-14 08:36:48');
INSERT INTO `sales_offer` (`id`, `user_id`, `auto_id`, `auto_status_id`, `price`, `description`, `auto_color_id`, `offer_status_id`, `created_at`, `updated_at`) VALUES (37, 30, 72, 3, '157', 'Sint perferendis et sed quia. Qui eos et sed voluptatem.', 4, 2, '1976-07-16 17:46:56', '1993-01-11 07:39:16');
INSERT INTO `sales_offer` (`id`, `user_id`, `auto_id`, `auto_status_id`, `price`, `description`, `auto_color_id`, `offer_status_id`, `created_at`, `updated_at`) VALUES (38, 76, 21, 3, '291792316', 'Quis debitis autem cupiditate cupiditate. Accusamus doloremque quod quibusdam occaecati. Corporis rerum accusamus magnam illo consectetur et ea nulla. Eius vero delectus ullam porro voluptatem et quis nihil.', 10, 1, '2015-09-10 13:36:06', '1974-10-21 02:19:54');
INSERT INTO `sales_offer` (`id`, `user_id`, `auto_id`, `auto_status_id`, `price`, `description`, `auto_color_id`, `offer_status_id`, `created_at`, `updated_at`) VALUES (39, 27, 21, 1, '321995', 'Aliquam fugiat eius vero qui et quia. Qui et nesciunt accusantium facilis incidunt ex.', 8, 1, '1981-06-21 13:06:25', '1975-11-18 22:21:52');
INSERT INTO `sales_offer` (`id`, `user_id`, `auto_id`, `auto_status_id`, `price`, `description`, `auto_color_id`, `offer_status_id`, `created_at`, `updated_at`) VALUES (40, 51, 98, 2, '1290', 'Explicabo dicta quaerat magni expedita deserunt distinctio nihil. Quas fugit ipsum eos ipsa necessitatibus sed. Culpa ullam rerum modi omnis. Est voluptatem et doloremque sit est qui.', 2, 3, '1989-07-21 06:44:27', '1998-05-10 17:23:25');
INSERT INTO `sales_offer` (`id`, `user_id`, `auto_id`, `auto_status_id`, `price`, `description`, `auto_color_id`, `offer_status_id`, `created_at`, `updated_at`) VALUES (41, 62, 13, 2, '0', 'Ea ut quae in unde. Voluptate sit impedit voluptatem eos. Quo voluptas et et ad ut. Iure quia voluptate nostrum consequatur consectetur.', 6, 3, '1993-12-09 12:30:21', '1990-09-28 09:23:53');
INSERT INTO `sales_offer` (`id`, `user_id`, `auto_id`, `auto_status_id`, `price`, `description`, `auto_color_id`, `offer_status_id`, `created_at`, `updated_at`) VALUES (42, 44, 70, 1, '1', 'Aspernatur excepturi dolore architecto hic quos id assumenda. Doloribus dicta sit ipsam beatae labore. Assumenda facilis esse nostrum totam ea. Sit id tempora minima soluta totam accusantium enim iure.', 8, 4, '2005-02-06 00:59:46', '2020-03-10 11:47:52');
INSERT INTO `sales_offer` (`id`, `user_id`, `auto_id`, `auto_status_id`, `price`, `description`, `auto_color_id`, `offer_status_id`, `created_at`, `updated_at`) VALUES (43, 100, 53, 1, '7865347', 'Et eum necessitatibus magnam rerum sed minus soluta. Rerum quasi et nostrum doloremque iusto. Necessitatibus eum sit rerum maxime explicabo ut. Et enim rerum facilis totam similique explicabo.', 9, 1, '2009-09-28 13:23:31', '1997-03-04 07:51:09');
INSERT INTO `sales_offer` (`id`, `user_id`, `auto_id`, `auto_status_id`, `price`, `description`, `auto_color_id`, `offer_status_id`, `created_at`, `updated_at`) VALUES (44, 48, 51, 1, '97126846', 'Dolores officia nobis provident possimus tempora ad. Illum voluptatem enim fuga consectetur dolorum. At est nesciunt alias ea ratione facere.', 2, 2, '2009-03-13 14:41:55', '2019-09-26 03:02:03');
INSERT INTO `sales_offer` (`id`, `user_id`, `auto_id`, `auto_status_id`, `price`, `description`, `auto_color_id`, `offer_status_id`, `created_at`, `updated_at`) VALUES (45, 38, 40, 2, '27689', 'Dolores in totam occaecati. Voluptatibus et odio facilis placeat sint odio eos ullam. Impedit debitis et dignissimos quasi.', 7, 4, '2000-12-18 20:58:20', '2000-12-18 14:44:09');
INSERT INTO `sales_offer` (`id`, `user_id`, `auto_id`, `auto_status_id`, `price`, `description`, `auto_color_id`, `offer_status_id`, `created_at`, `updated_at`) VALUES (46, 79, 26, 1, '0', 'Praesentium harum earum facere non velit odit. Et autem in repellat officiis.', 10, 3, '2013-04-07 07:00:34', '1990-06-15 10:13:14');
INSERT INTO `sales_offer` (`id`, `user_id`, `auto_id`, `auto_status_id`, `price`, `description`, `auto_color_id`, `offer_status_id`, `created_at`, `updated_at`) VALUES (47, 51, 3, 3, '0', 'Perspiciatis nam amet blanditiis blanditiis eum sed. Consequatur non placeat rem eveniet consequatur delectus. Iure ut fuga atque non et voluptatem voluptatibus.', 6, 2, '2010-02-07 22:45:43', '2001-11-10 15:24:51');
INSERT INTO `sales_offer` (`id`, `user_id`, `auto_id`, `auto_status_id`, `price`, `description`, `auto_color_id`, `offer_status_id`, `created_at`, `updated_at`) VALUES (48, 97, 20, 1, '267930', 'Cum excepturi deleniti quam tenetur corrupti autem voluptatem sunt. Autem error nesciunt deserunt temporibus reprehenderit aspernatur cum ad. Accusamus recusandae dignissimos voluptatum quia. In et totam maxime ducimus repellat.', 1, 4, '1995-04-06 08:00:17', '2006-01-05 03:19:26');
INSERT INTO `sales_offer` (`id`, `user_id`, `auto_id`, `auto_status_id`, `price`, `description`, `auto_color_id`, `offer_status_id`, `created_at`, `updated_at`) VALUES (49, 28, 93, 2, '426336459', 'Laborum sit omnis eos rerum voluptatum. Quia est rerum doloremque aliquam. Quia ipsa delectus culpa earum exercitationem inventore. Animi quod ut fuga corrupti repellendus dolorem vero qui.', 1, 3, '2006-06-29 21:41:42', '1970-04-29 16:27:17');
INSERT INTO `sales_offer` (`id`, `user_id`, `auto_id`, `auto_status_id`, `price`, `description`, `auto_color_id`, `offer_status_id`, `created_at`, `updated_at`) VALUES (50, 30, 9, 3, '20836', 'Et voluptatem repellendus doloribus sunt autem. In quia ut voluptas. Voluptas qui quod veritatis vel error.', 7, 4, '2009-12-04 05:41:59', '1970-08-27 02:25:01');



INSERT INTO `media` (`id`, `media_name`, `user_id`, `offer_id`, `media_type_id`, `description`, `filesize`, `metadata`, `created_at`, `updated_at`) VALUES (1, 'odio', 10, 29, 1, 'Hic perspiciatis eos molestiae. Aut corporis hic aut. Consequatur neque dolores harum rem voluptatem.', '560169178', NULL, '1977-02-24 22:50:13', '1976-04-26 23:46:09');
INSERT INTO `media` (`id`, `media_name`, `user_id`, `offer_id`, `media_type_id`, `description`, `filesize`, `metadata`, `created_at`, `updated_at`) VALUES (2, 'magnam', 48, 34, 1, 'Neque quo sequi aut id culpa excepturi a. Officia non repellendus aut iste eos. Veritatis aut ut sed voluptatem id sint. Omnis dolores voluptas facere voluptatem sed nisi quisquam nisi. Aspernatur harum facilis officiis dolorem et.', '1222662', NULL, '1979-04-15 07:07:24', '2019-05-02 19:40:07');
INSERT INTO `media` (`id`, `media_name`, `user_id`, `offer_id`, `media_type_id`, `description`, `filesize`, `metadata`, `created_at`, `updated_at`) VALUES (3, 'eaque', 94, 11, 1, 'Et voluptas dolorum cupiditate illo. Sequi qui atque eum quia ullam. Suscipit totam sapiente magnam est ut in est.', '18', NULL, '1985-05-06 20:28:37', '1996-01-29 16:22:08');
INSERT INTO `media` (`id`, `media_name`, `user_id`, `offer_id`, `media_type_id`, `description`, `filesize`, `metadata`, `created_at`, `updated_at`) VALUES (4, 'est', 49, 18, 2, 'Quibusdam nesciunt vel omnis. In sit saepe labore eligendi accusantium. Dolore itaque quis ea repudiandae.', '343', NULL, '1974-09-09 12:28:36', '1999-07-22 09:21:24');
INSERT INTO `media` (`id`, `media_name`, `user_id`, `offer_id`, `media_type_id`, `description`, `filesize`, `metadata`, `created_at`, `updated_at`) VALUES (5, 'consectetur', 78, 43, 1, 'Et nihil qui sed earum. Nemo fuga mollitia enim aut odit laudantium. Ratione exercitationem aut ullam. Vitae eos qui et. Quam ea eum et est pariatur.', '50816', NULL, '1996-08-29 12:29:13', '1978-12-23 01:53:07');
INSERT INTO `media` (`id`, `media_name`, `user_id`, `offer_id`, `media_type_id`, `description`, `filesize`, `metadata`, `created_at`, `updated_at`) VALUES (6, 'dolore', 16, 8, 1, 'Velit non saepe voluptatum quas. Consectetur nobis praesentium iste soluta.', '8214', NULL, '1973-04-23 16:54:52', '1990-02-13 21:36:02');
INSERT INTO `media` (`id`, `media_name`, `user_id`, `offer_id`, `media_type_id`, `description`, `filesize`, `metadata`, `created_at`, `updated_at`) VALUES (7, 'ad', 8, 28, 1, 'Laudantium reprehenderit quia omnis quia ab voluptate. Cumque dolores consequatur quia. Assumenda rem assumenda ut quis enim quo omnis. Perferendis quae repellendus omnis deserunt esse aut et. Officiis laboriosam voluptatem nesciunt ad provident molestias.', '30', NULL, '2004-10-04 05:35:40', '1974-11-17 19:17:58');
INSERT INTO `media` (`id`, `media_name`, `user_id`, `offer_id`, `media_type_id`, `description`, `filesize`, `metadata`, `created_at`, `updated_at`) VALUES (8, 'sit', 73, 50, 2, 'Unde itaque molestiae deleniti cum ut quia. Et et possimus odio voluptatem. Ratione voluptatem ad nesciunt aut ut. Quia et amet molestias eum.', '805', NULL, '1990-03-08 02:05:17', '1981-08-25 05:26:40');
INSERT INTO `media` (`id`, `media_name`, `user_id`, `offer_id`, `media_type_id`, `description`, `filesize`, `metadata`, `created_at`, `updated_at`) VALUES (9, 'repellat', 55, 22, 1, 'Libero omnis voluptates et dolor. Ea repudiandae adipisci delectus minus nihil occaecati nostrum cupiditate. Est corporis autem et maxime.', '699608598', NULL, '2007-08-31 03:20:20', '1979-10-18 22:23:12');
INSERT INTO `media` (`id`, `media_name`, `user_id`, `offer_id`, `media_type_id`, `description`, `filesize`, `metadata`, `created_at`, `updated_at`) VALUES (10, 'quis', 31, 30, 1, 'Minus sed placeat neque omnis. Adipisci est ut illo unde reiciendis. Consequuntur esse et doloribus quis et doloremque. Quasi amet excepturi nulla exercitationem.', '0', NULL, '2013-03-11 05:06:31', '1990-08-15 00:51:36');
INSERT INTO `media` (`id`, `media_name`, `user_id`, `offer_id`, `media_type_id`, `description`, `filesize`, `metadata`, `created_at`, `updated_at`) VALUES (11, 'vitae', 96, 16, 1, 'Dolore consequuntur voluptas natus sequi ut. Esse ratione ipsum non officiis aliquid. Sequi sed enim vel quos. Maiores animi ad quisquam ut qui maxime.', '536960646', NULL, '2012-08-09 08:18:23', '1971-01-27 22:23:14');
INSERT INTO `media` (`id`, `media_name`, `user_id`, `offer_id`, `media_type_id`, `description`, `filesize`, `metadata`, `created_at`, `updated_at`) VALUES (12, 'assumenda', 60, 36, 2, 'Rerum id velit qui nesciunt est omnis. Qui modi laborum ipsum accusantium quos. Aliquid et non quis dolor ut consequatur laboriosam. Earum ipsum architecto harum totam.', '9437202', NULL, '1984-08-04 16:22:57', '1984-02-10 12:23:30');
INSERT INTO `media` (`id`, `media_name`, `user_id`, `offer_id`, `media_type_id`, `description`, `filesize`, `metadata`, `created_at`, `updated_at`) VALUES (13, 'unde', 18, 23, 2, 'Eum dolorem delectus officiis vitae sint nam. Reprehenderit sed architecto excepturi. Aperiam reiciendis vel id quod neque ipsum. Unde quam voluptatum excepturi facere quis dolore tempore.', '6', NULL, '1970-06-23 05:12:40', '2008-01-26 06:12:58');
INSERT INTO `media` (`id`, `media_name`, `user_id`, `offer_id`, `media_type_id`, `description`, `filesize`, `metadata`, `created_at`, `updated_at`) VALUES (14, 'sint', 51, 5, 1, 'Aut ullam voluptate unde dolor. Ad dolorem consequatur corrupti facilis modi atque aut totam. Et ea eius iusto rerum enim. Fugiat quasi voluptatem dolores velit nostrum est.', '94053', NULL, '1980-04-09 04:39:21', '1993-11-12 23:36:09');
INSERT INTO `media` (`id`, `media_name`, `user_id`, `offer_id`, `media_type_id`, `description`, `filesize`, `metadata`, `created_at`, `updated_at`) VALUES (15, 'est', 66, 22, 2, 'Natus accusantium ad molestiae neque est minus. Voluptas dolorem rerum maxime sunt. Adipisci rerum quam aut numquam ut esse. Minus mollitia dolor sed recusandae labore sed sit.', '0', NULL, '1997-04-22 23:11:33', '1995-06-20 02:54:26');
INSERT INTO `media` (`id`, `media_name`, `user_id`, `offer_id`, `media_type_id`, `description`, `filesize`, `metadata`, `created_at`, `updated_at`) VALUES (16, 'sit', 5, 35, 1, 'Occaecati quia accusantium deserunt sint eveniet et voluptatem. Laboriosam qui rem ipsa laborum natus. Dignissimos soluta quod officiis consequatur et autem cumque. Temporibus nostrum cumque voluptatem necessitatibus est praesentium autem cupiditate.', '0', NULL, '1991-04-21 12:29:51', '2017-02-01 12:50:03');
INSERT INTO `media` (`id`, `media_name`, `user_id`, `offer_id`, `media_type_id`, `description`, `filesize`, `metadata`, `created_at`, `updated_at`) VALUES (17, 'placeat', 88, 13, 1, 'Saepe eius aspernatur consectetur aut consequatur. Animi earum nihil id recusandae maxime ut.', '1767512', NULL, '2011-09-19 20:33:25', '1982-07-29 04:28:58');
INSERT INTO `media` (`id`, `media_name`, `user_id`, `offer_id`, `media_type_id`, `description`, `filesize`, `metadata`, `created_at`, `updated_at`) VALUES (18, 'deleniti', 32, 44, 2, 'Doloremque quo saepe voluptas reprehenderit. Aspernatur rem voluptatem suscipit porro architecto autem eaque. Quod autem architecto quia aliquid quisquam. Harum et aliquid rerum.', '2402159', NULL, '2008-02-21 20:30:42', '2014-03-28 21:22:33');
INSERT INTO `media` (`id`, `media_name`, `user_id`, `offer_id`, `media_type_id`, `description`, `filesize`, `metadata`, `created_at`, `updated_at`) VALUES (19, 'et', 56, 15, 2, 'Ea tenetur sint nihil. Ut quis unde molestias odit repellat voluptates. Occaecati ipsum aut nemo dolorem placeat et.', '431224', NULL, '2002-12-09 17:44:55', '2018-12-05 09:22:40');
INSERT INTO `media` (`id`, `media_name`, `user_id`, `offer_id`, `media_type_id`, `description`, `filesize`, `metadata`, `created_at`, `updated_at`) VALUES (20, 'at', 42, 16, 1, 'Rem qui veritatis quo et sit. Voluptatum est reprehenderit non sit quis hic. Nesciunt voluptatem excepturi quo dolor ipsa dignissimos architecto.', '70613719', NULL, '2021-04-18 04:16:35', '2019-07-29 23:14:15');
INSERT INTO `media` (`id`, `media_name`, `user_id`, `offer_id`, `media_type_id`, `description`, `filesize`, `metadata`, `created_at`, `updated_at`) VALUES (21, 'voluptas', 55, 1, 1, 'Veniam quaerat consequatur provident odio est. Modi soluta laboriosam sed recusandae. Iure amet qui culpa minima distinctio autem beatae.', '6557', NULL, '1976-07-20 23:04:18', '2019-11-25 10:59:45');
INSERT INTO `media` (`id`, `media_name`, `user_id`, `offer_id`, `media_type_id`, `description`, `filesize`, `metadata`, `created_at`, `updated_at`) VALUES (22, 'quia', 1, 17, 2, 'Ad accusantium ut quis et earum recusandae. Illo odio dolor est aut facere. Voluptatibus earum debitis eveniet inventore hic voluptatem.', '0', NULL, '2011-10-20 12:03:12', '2019-09-19 07:13:04');
INSERT INTO `media` (`id`, `media_name`, `user_id`, `offer_id`, `media_type_id`, `description`, `filesize`, `metadata`, `created_at`, `updated_at`) VALUES (23, 'sapiente', 60, 49, 1, 'Officiis molestiae rerum laudantium error itaque molestiae. A aut consequatur quia et aut nisi nobis. Maiores blanditiis inventore cum delectus sunt in maiores. Harum autem magnam alias voluptatem eos.', '9815', NULL, '2014-05-31 11:04:54', '1977-03-12 13:34:42');
INSERT INTO `media` (`id`, `media_name`, `user_id`, `offer_id`, `media_type_id`, `description`, `filesize`, `metadata`, `created_at`, `updated_at`) VALUES (24, 'dolorem', 54, 21, 2, 'Cupiditate nihil nam distinctio harum. Accusamus consequuntur sit illum sed. Similique rerum fugiat quam harum explicabo.', '9737', NULL, '2006-03-23 03:04:07', '2016-09-03 02:32:41');
INSERT INTO `media` (`id`, `media_name`, `user_id`, `offer_id`, `media_type_id`, `description`, `filesize`, `metadata`, `created_at`, `updated_at`) VALUES (25, 'voluptates', 67, 14, 2, 'Fugit et quo libero sed. Adipisci facere numquam asperiores ut recusandae. Sunt expedita laborum nemo tempore ea ad dignissimos repudiandae. Quia iure iste corrupti consequuntur soluta.', '8039282', NULL, '2003-06-02 04:14:16', '1997-12-22 15:35:06');
INSERT INTO `media` (`id`, `media_name`, `user_id`, `offer_id`, `media_type_id`, `description`, `filesize`, `metadata`, `created_at`, `updated_at`) VALUES (26, 'nemo', 55, 30, 1, 'Expedita sed non facilis soluta nesciunt in. Recusandae excepturi nihil aliquid animi omnis nihil dolorem. Voluptas deserunt esse ducimus nobis officia est.', '21', NULL, '1984-11-25 16:20:27', '1986-09-24 03:21:56');
INSERT INTO `media` (`id`, `media_name`, `user_id`, `offer_id`, `media_type_id`, `description`, `filesize`, `metadata`, `created_at`, `updated_at`) VALUES (27, 'recusandae', 8, 15, 2, 'Et recusandae maiores pariatur id. Repellendus dolor voluptas pariatur amet. Voluptatum ducimus tenetur enim ad. Tempora deserunt rerum quam voluptas quos.', '62558093', NULL, '2004-07-01 21:20:47', '2003-06-25 19:56:57');
INSERT INTO `media` (`id`, `media_name`, `user_id`, `offer_id`, `media_type_id`, `description`, `filesize`, `metadata`, `created_at`, `updated_at`) VALUES (28, 'omnis', 20, 2, 1, 'Excepturi deleniti aut ut et voluptas optio sit. Possimus et eos possimus eos reiciendis non. Quae beatae id incidunt qui et consectetur. Vero earum nam dolorem molestiae quae porro amet.', '536431332', NULL, '2009-02-03 17:24:26', '1994-05-30 21:48:11');
INSERT INTO `media` (`id`, `media_name`, `user_id`, `offer_id`, `media_type_id`, `description`, `filesize`, `metadata`, `created_at`, `updated_at`) VALUES (29, 'perferendis', 6, 5, 1, 'Ipsa officia quaerat sed sapiente earum quasi dolor repellendus. Sit aut iste quibusdam. Fugiat autem ipsa cumque illo. Ut est tempora repellat occaecati quia facilis doloremque.', '79', NULL, '2001-08-06 14:19:59', '2003-08-06 06:16:41');
INSERT INTO `media` (`id`, `media_name`, `user_id`, `offer_id`, `media_type_id`, `description`, `filesize`, `metadata`, `created_at`, `updated_at`) VALUES (30, 'ratione', 21, 17, 1, 'Repellendus magni eos inventore esse nihil consequatur. Voluptas consectetur aperiam amet voluptatem debitis atque pariatur. Culpa esse voluptatem ut fugiat inventore vitae.', '0', NULL, '2015-07-12 11:53:28', '1983-05-21 00:16:15');
INSERT INTO `media` (`id`, `media_name`, `user_id`, `offer_id`, `media_type_id`, `description`, `filesize`, `metadata`, `created_at`, `updated_at`) VALUES (31, 'perspiciatis', 77, 6, 1, 'Sint porro et nam ad et est. Labore consequatur nisi autem autem quis. Sit incidunt modi architecto dignissimos corrupti illum. Debitis nostrum provident et perspiciatis.', '1828', NULL, '1985-10-25 08:31:47', '1999-09-18 20:31:37');
INSERT INTO `media` (`id`, `media_name`, `user_id`, `offer_id`, `media_type_id`, `description`, `filesize`, `metadata`, `created_at`, `updated_at`) VALUES (32, 'quae', 79, 33, 2, 'Vel aspernatur accusantium sit eum aut dignissimos. At possimus repellat qui dignissimos velit aut quia. Animi et officiis et ea.', '74049036', NULL, '1999-02-13 05:27:04', '1978-05-16 00:26:53');
INSERT INTO `media` (`id`, `media_name`, `user_id`, `offer_id`, `media_type_id`, `description`, `filesize`, `metadata`, `created_at`, `updated_at`) VALUES (33, 'ipsam', 94, 33, 1, 'Veniam error nihil vitae perspiciatis est. Atque eum sunt veritatis nisi sequi atque. Repellendus eum quod velit totam.', '670645', NULL, '2012-11-02 18:32:14', '1989-09-26 07:26:52');
INSERT INTO `media` (`id`, `media_name`, `user_id`, `offer_id`, `media_type_id`, `description`, `filesize`, `metadata`, `created_at`, `updated_at`) VALUES (34, 'perspiciatis', 60, 41, 1, 'Cupiditate dignissimos dolores quidem eaque atque. Voluptate quasi quam est minima sunt. Molestias animi consequuntur ut possimus deleniti velit quae.', '77677850', NULL, '2018-11-26 16:14:21', '1983-06-11 20:50:36');
INSERT INTO `media` (`id`, `media_name`, `user_id`, `offer_id`, `media_type_id`, `description`, `filesize`, `metadata`, `created_at`, `updated_at`) VALUES (35, 'dignissimos', 79, 19, 1, 'Dolor aut vel reiciendis voluptatem. Reprehenderit consequatur sit consequatur alias doloremque. Voluptates ad vitae earum non enim. Aut occaecati hic ut unde repellendus aliquam vitae. Placeat deserunt eos dignissimos qui omnis dolorum iste.', '98', NULL, '1997-09-01 00:55:06', '1986-06-21 11:02:13');
INSERT INTO `media` (`id`, `media_name`, `user_id`, `offer_id`, `media_type_id`, `description`, `filesize`, `metadata`, `created_at`, `updated_at`) VALUES (36, 'ipsam', 16, 25, 2, 'Aut laboriosam quis impedit rerum adipisci reprehenderit. Explicabo et consequuntur culpa. Dolores nulla dolor molestiae occaecati saepe ratione.', '0', NULL, '1993-04-07 08:41:26', '1979-10-02 07:41:59');
INSERT INTO `media` (`id`, `media_name`, `user_id`, `offer_id`, `media_type_id`, `description`, `filesize`, `metadata`, `created_at`, `updated_at`) VALUES (37, 'unde', 4, 7, 2, 'Impedit temporibus fugiat numquam eum aut ducimus optio. At cupiditate quidem est beatae voluptatem quaerat. Et necessitatibus sed iste. Ut reprehenderit quis nesciunt sapiente qui tempora.', '361758853', NULL, '1976-05-22 19:35:54', '2010-03-16 19:29:48');
INSERT INTO `media` (`id`, `media_name`, `user_id`, `offer_id`, `media_type_id`, `description`, `filesize`, `metadata`, `created_at`, `updated_at`) VALUES (38, 'necessitatibus', 52, 21, 2, 'Quia corrupti et ab ab molestiae atque. Repudiandae voluptatem blanditiis vitae aliquid. Deserunt ea fugit quia quas eveniet. Asperiores eum aut incidunt dolorum eveniet ratione quis.', '6', NULL, '1980-05-06 19:16:08', '2016-01-15 22:40:41');
INSERT INTO `media` (`id`, `media_name`, `user_id`, `offer_id`, `media_type_id`, `description`, `filesize`, `metadata`, `created_at`, `updated_at`) VALUES (39, 'alias', 4, 38, 1, 'Sint voluptate ipsa id veritatis excepturi esse accusantium incidunt. Nam nulla impedit voluptatem architecto odit ullam. Modi est fugit voluptatem.', '95', NULL, '1981-10-24 23:34:26', '1986-09-29 09:31:24');
INSERT INTO `media` (`id`, `media_name`, `user_id`, `offer_id`, `media_type_id`, `description`, `filesize`, `metadata`, `created_at`, `updated_at`) VALUES (40, 'in', 31, 37, 1, 'Quidem recusandae temporibus voluptas minima dicta ut et. Voluptatem perferendis omnis magni magni. Totam recusandae eos modi et corporis consequuntur. Illo reiciendis alias vero magni aspernatur.', '0', NULL, '2007-02-27 18:38:09', '1982-06-05 19:11:56');
INSERT INTO `media` (`id`, `media_name`, `user_id`, `offer_id`, `media_type_id`, `description`, `filesize`, `metadata`, `created_at`, `updated_at`) VALUES (41, 'molestiae', 100, 25, 1, 'Voluptatem qui unde laboriosam eaque dolorum cupiditate enim. Eum delectus et repudiandae est. Aut doloremque et odio aspernatur dolores quos sed. Nihil consequatur expedita reiciendis non adipisci explicabo qui.', '679570', NULL, '2013-03-12 20:08:22', '2012-07-21 19:41:57');
INSERT INTO `media` (`id`, `media_name`, `user_id`, `offer_id`, `media_type_id`, `description`, `filesize`, `metadata`, `created_at`, `updated_at`) VALUES (42, 'totam', 64, 36, 2, 'Et alias dolor ab nostrum. Facere incidunt perferendis repudiandae voluptas id sapiente. Aliquid nihil laborum quia nihil numquam impedit aspernatur. Aut velit vitae consequatur eligendi nam fuga commodi esse.', '4', NULL, '1987-05-15 22:10:09', '1996-06-29 21:51:24');
INSERT INTO `media` (`id`, `media_name`, `user_id`, `offer_id`, `media_type_id`, `description`, `filesize`, `metadata`, `created_at`, `updated_at`) VALUES (43, 'cum', 61, 2, 1, 'Eum quis pariatur accusamus nesciunt eius vitae harum a. Praesentium animi dolore minima qui ab id similique. Ducimus possimus et magnam tempora inventore et ut architecto. Quo consequatur officia voluptates nesciunt amet.', '23912156', NULL, '2007-10-08 23:47:29', '1989-01-01 23:03:58');
INSERT INTO `media` (`id`, `media_name`, `user_id`, `offer_id`, `media_type_id`, `description`, `filesize`, `metadata`, `created_at`, `updated_at`) VALUES (44, 'facilis', 66, 34, 1, 'Molestiae sit ipsam eveniet et qui ea dolores. Voluptatum eaque rerum dolores minus. Optio ullam non ea est.', '0', NULL, '1991-11-27 11:57:18', '1992-03-13 07:56:19');
INSERT INTO `media` (`id`, `media_name`, `user_id`, `offer_id`, `media_type_id`, `description`, `filesize`, `metadata`, `created_at`, `updated_at`) VALUES (45, 'sequi', 77, 2, 2, 'Et error rerum nostrum quibusdam debitis dicta quo et. Sint iusto sint voluptas.', '40828054', NULL, '2014-01-19 15:04:52', '2004-05-17 22:19:00');
INSERT INTO `media` (`id`, `media_name`, `user_id`, `offer_id`, `media_type_id`, `description`, `filesize`, `metadata`, `created_at`, `updated_at`) VALUES (46, 'repellat', 5, 27, 1, 'Illum est est odio doloremque. Rerum qui doloremque debitis. Vero non ipsam adipisci ratione odio provident.', '18', NULL, '1996-07-03 11:27:27', '2015-03-17 18:52:27');
INSERT INTO `media` (`id`, `media_name`, `user_id`, `offer_id`, `media_type_id`, `description`, `filesize`, `metadata`, `created_at`, `updated_at`) VALUES (47, 'sint', 10, 46, 2, 'Tenetur quidem quibusdam fugit inventore fuga veniam corrupti qui. Ullam ipsum est vel et illo facilis. Qui quasi voluptatibus ab commodi et quasi. Officia rerum libero quia. Dolorem tempora exercitationem cupiditate sed.', '92574770', NULL, '2016-03-27 10:51:52', '2013-03-17 08:22:17');
INSERT INTO `media` (`id`, `media_name`, `user_id`, `offer_id`, `media_type_id`, `description`, `filesize`, `metadata`, `created_at`, `updated_at`) VALUES (48, 'magni', 53, 2, 2, 'Ea esse sed dicta et quos qui. Voluptatem dolores sapiente mollitia accusamus quo. Temporibus quis eum iste tempore quia.', '0', NULL, '2017-05-08 06:41:56', '2007-10-27 10:32:53');
INSERT INTO `media` (`id`, `media_name`, `user_id`, `offer_id`, `media_type_id`, `description`, `filesize`, `metadata`, `created_at`, `updated_at`) VALUES (49, 'laborum', 38, 25, 1, 'Blanditiis et quia recusandae aperiam est. Nihil ut molestiae quia occaecati. Omnis consequatur expedita ut possimus. Dolorum adipisci velit corporis ipsam consequatur quam.', '68', NULL, '1971-12-21 23:39:41', '1972-07-28 19:38:31');
INSERT INTO `media` (`id`, `media_name`, `user_id`, `offer_id`, `media_type_id`, `description`, `filesize`, `metadata`, `created_at`, `updated_at`) VALUES (50, 'accusamus', 68, 8, 2, 'Laudantium et dolore velit non beatae autem. Consequatur laboriosam labore voluptatem ea est non. Ea quod quidem est sit est accusamus et et.', '0', NULL, '2007-02-10 18:37:36', '1988-11-04 10:03:12');
INSERT INTO `media` (`id`, `media_name`, `user_id`, `offer_id`, `media_type_id`, `description`, `filesize`, `metadata`, `created_at`, `updated_at`) VALUES (51, 'explicabo', 19, 47, 1, 'Aut perspiciatis vitae aut. Asperiores in delectus neque voluptatum.', '0', NULL, '1991-02-12 06:00:23', '1998-08-09 04:40:15');
INSERT INTO `media` (`id`, `media_name`, `user_id`, `offer_id`, `media_type_id`, `description`, `filesize`, `metadata`, `created_at`, `updated_at`) VALUES (52, 'adipisci', 96, 44, 1, 'Qui iusto ea vero et consequatur eos beatae. Vitae recusandae aspernatur odit vero ut aut. Magni quo unde nam ut ea consequatur optio. Consectetur expedita provident omnis et ea sint tempore dolorum.', '66750', NULL, '2018-04-13 11:13:22', '1986-08-13 13:43:17');
INSERT INTO `media` (`id`, `media_name`, `user_id`, `offer_id`, `media_type_id`, `description`, `filesize`, `metadata`, `created_at`, `updated_at`) VALUES (53, 'et', 24, 23, 1, 'Consequuntur rerum eligendi eius quos rerum velit autem. Illo autem sequi sit sapiente veritatis. Id id sit et dicta in et molestiae accusamus.', '932663', NULL, '1983-04-15 06:40:24', '1977-07-04 13:49:54');
INSERT INTO `media` (`id`, `media_name`, `user_id`, `offer_id`, `media_type_id`, `description`, `filesize`, `metadata`, `created_at`, `updated_at`) VALUES (54, 'suscipit', 11, 24, 1, 'Temporibus est alias in est. Id ab aut autem. Ut qui animi quibusdam. Pariatur accusamus voluptas est sunt at numquam et.', '884', NULL, '1994-02-28 06:58:26', '2017-09-16 13:25:23');
INSERT INTO `media` (`id`, `media_name`, `user_id`, `offer_id`, `media_type_id`, `description`, `filesize`, `metadata`, `created_at`, `updated_at`) VALUES (55, 'nihil', 5, 25, 2, 'Quia vel natus et earum voluptates. Nobis occaecati velit porro nihil provident deserunt non placeat. Voluptatibus omnis et culpa animi sint beatae. Repellat debitis sunt quasi.', '301', NULL, '1970-04-18 00:10:05', '2002-10-04 10:33:10');
INSERT INTO `media` (`id`, `media_name`, `user_id`, `offer_id`, `media_type_id`, `description`, `filesize`, `metadata`, `created_at`, `updated_at`) VALUES (56, 'vel', 64, 21, 1, 'Itaque incidunt ratione voluptatum vel. Ipsam libero aliquam omnis. Voluptatem illum minima aut officia non maiores. Doloremque voluptatem doloribus voluptatem repellendus sapiente. Est et qui consequatur.', '0', NULL, '1982-03-04 19:37:20', '1975-06-03 10:26:09');
INSERT INTO `media` (`id`, `media_name`, `user_id`, `offer_id`, `media_type_id`, `description`, `filesize`, `metadata`, `created_at`, `updated_at`) VALUES (57, 'laborum', 34, 17, 1, 'Impedit vel quo consectetur et. Sapiente voluptatem accusamus harum voluptas autem occaecati. Voluptatum expedita optio cumque earum. Incidunt quam aut suscipit qui delectus. Repellat assumenda et in suscipit deserunt odio et.', '0', NULL, '1992-11-14 13:36:03', '2007-05-10 22:36:44');
INSERT INTO `media` (`id`, `media_name`, `user_id`, `offer_id`, `media_type_id`, `description`, `filesize`, `metadata`, `created_at`, `updated_at`) VALUES (58, 'eum', 77, 27, 1, 'Ducimus possimus enim ratione. Autem eveniet distinctio deleniti molestias a dolorem. Sit enim accusamus fugit est consectetur molestias nobis. Aut possimus placeat voluptas sit.', '0', NULL, '1996-09-29 20:51:12', '2010-01-12 20:39:35');
INSERT INTO `media` (`id`, `media_name`, `user_id`, `offer_id`, `media_type_id`, `description`, `filesize`, `metadata`, `created_at`, `updated_at`) VALUES (59, 'ex', 71, 17, 2, 'Dicta inventore fugit incidunt. Et aut nihil quae explicabo. Incidunt temporibus quaerat et magnam nostrum veritatis deleniti. Eligendi dolorum illum aut quo voluptas.', '1593', NULL, '1997-01-18 21:46:11', '1983-06-20 12:09:25');
INSERT INTO `media` (`id`, `media_name`, `user_id`, `offer_id`, `media_type_id`, `description`, `filesize`, `metadata`, `created_at`, `updated_at`) VALUES (60, 'maiores', 68, 49, 2, 'Quam nostrum sit eos sequi. Aperiam quae occaecati enim quod odio molestiae nihil. Optio expedita deleniti corrupti. Repellat tempore at est quas accusamus voluptatem. Facilis quod libero ullam nemo quibusdam fugit.', '572998', NULL, '1988-08-29 17:31:27', '1976-04-13 21:56:57');
INSERT INTO `media` (`id`, `media_name`, `user_id`, `offer_id`, `media_type_id`, `description`, `filesize`, `metadata`, `created_at`, `updated_at`) VALUES (61, 'hic', 32, 6, 2, 'Voluptate eveniet libero id itaque. Libero velit aut quidem ducimus nostrum sapiente nulla consequatur.', '82994598', NULL, '2019-01-17 08:02:28', '1991-07-30 22:36:47');
INSERT INTO `media` (`id`, `media_name`, `user_id`, `offer_id`, `media_type_id`, `description`, `filesize`, `metadata`, `created_at`, `updated_at`) VALUES (62, 'ipsa', 57, 3, 2, 'Non quasi minima non voluptas quasi. Quia et libero nostrum ab. Labore reprehenderit placeat suscipit rem qui et voluptate. Occaecati voluptatibus aliquam voluptas quo quia dolores in quia.', '0', NULL, '2004-08-24 06:24:21', '2013-08-17 01:08:28');
INSERT INTO `media` (`id`, `media_name`, `user_id`, `offer_id`, `media_type_id`, `description`, `filesize`, `metadata`, `created_at`, `updated_at`) VALUES (63, 'neque', 42, 21, 2, 'Nesciunt et neque maxime voluptates harum et soluta nostrum. Perspiciatis vitae expedita voluptatem sequi minima. Non quod earum ratione fuga veniam perferendis. Quidem aut voluptatem ab inventore ut dolores.', '9', NULL, '1973-12-13 17:40:17', '2016-03-06 14:07:22');
INSERT INTO `media` (`id`, `media_name`, `user_id`, `offer_id`, `media_type_id`, `description`, `filesize`, `metadata`, `created_at`, `updated_at`) VALUES (64, 'odit', 71, 24, 2, 'Vel ut non quis incidunt occaecati sapiente. Debitis nihil eveniet in iusto ad amet. Corporis eius ut accusantium recusandae architecto.', '674', NULL, '2013-03-26 14:09:00', '1997-05-08 09:50:52');
INSERT INTO `media` (`id`, `media_name`, `user_id`, `offer_id`, `media_type_id`, `description`, `filesize`, `metadata`, `created_at`, `updated_at`) VALUES (65, 'sint', 73, 35, 2, 'Asperiores qui totam veritatis voluptas. Ab facilis voluptas quia numquam occaecati. Odio quas aliquid quo aut.', '71', NULL, '1992-06-02 09:42:09', '2000-11-19 08:40:04');
INSERT INTO `media` (`id`, `media_name`, `user_id`, `offer_id`, `media_type_id`, `description`, `filesize`, `metadata`, `created_at`, `updated_at`) VALUES (66, 'velit', 75, 26, 1, 'Qui est ullam eveniet quia qui cupiditate. Sit velit commodi quisquam id. Rerum nam dolor ea voluptas velit assumenda perferendis architecto. At molestiae voluptatem eaque eaque nihil.', '128', NULL, '2011-10-18 17:29:35', '1970-09-25 21:43:37');
INSERT INTO `media` (`id`, `media_name`, `user_id`, `offer_id`, `media_type_id`, `description`, `filesize`, `metadata`, `created_at`, `updated_at`) VALUES (67, 'doloremque', 95, 34, 1, 'Est repudiandae quibusdam et. Amet quia molestiae labore sed ea. Et id explicabo quis occaecati.', '79385', NULL, '2004-07-28 00:50:16', '2008-10-02 20:41:18');
INSERT INTO `media` (`id`, `media_name`, `user_id`, `offer_id`, `media_type_id`, `description`, `filesize`, `metadata`, `created_at`, `updated_at`) VALUES (68, 'vitae', 54, 50, 1, 'Fuga a sequi placeat et vero sed est quidem. Atque quaerat ab eius et ipsa ut. Asperiores dicta esse ullam et in facere voluptatem.', '39311', NULL, '2006-04-17 03:25:37', '2014-07-17 20:42:05');
INSERT INTO `media` (`id`, `media_name`, `user_id`, `offer_id`, `media_type_id`, `description`, `filesize`, `metadata`, `created_at`, `updated_at`) VALUES (69, 'consequatur', 80, 32, 2, 'Sint qui enim sint rerum. Quia minima aut vel est. Saepe qui vitae soluta voluptatibus et. Et praesentium voluptates cumque ad modi nostrum.', '431112352', NULL, '1972-07-11 14:15:23', '2016-10-11 22:56:31');
INSERT INTO `media` (`id`, `media_name`, `user_id`, `offer_id`, `media_type_id`, `description`, `filesize`, `metadata`, `created_at`, `updated_at`) VALUES (70, 'reprehenderit', 95, 33, 1, 'Non rem omnis maxime autem sit quam aut. Qui mollitia quia quibusdam omnis. Dolorem autem aut aut earum voluptatibus deserunt.', '83665', NULL, '2020-03-19 02:31:14', '2007-08-23 02:36:54');
INSERT INTO `media` (`id`, `media_name`, `user_id`, `offer_id`, `media_type_id`, `description`, `filesize`, `metadata`, `created_at`, `updated_at`) VALUES (71, 'dolor', 40, 6, 2, 'Sit eos rerum recusandae temporibus officiis eum numquam. Expedita aut ullam voluptatum reprehenderit.', '76', NULL, '1971-11-30 18:30:24', '1995-02-28 01:49:05');
INSERT INTO `media` (`id`, `media_name`, `user_id`, `offer_id`, `media_type_id`, `description`, `filesize`, `metadata`, `created_at`, `updated_at`) VALUES (72, 'velit', 70, 16, 2, 'Distinctio occaecati totam perferendis et. Omnis autem aliquid quod aperiam saepe. Et adipisci dignissimos quibusdam vel.', '0', NULL, '1973-07-20 12:27:06', '2015-05-05 02:17:09');
INSERT INTO `media` (`id`, `media_name`, `user_id`, `offer_id`, `media_type_id`, `description`, `filesize`, `metadata`, `created_at`, `updated_at`) VALUES (73, 'et', 38, 9, 2, 'Officiis sunt minima eius quo ratione. Ab voluptatibus possimus magnam iste sunt numquam. Amet quos nesciunt facere molestias aspernatur nam quo.', '1311', NULL, '2015-03-10 05:46:31', '1991-04-26 06:18:10');
INSERT INTO `media` (`id`, `media_name`, `user_id`, `offer_id`, `media_type_id`, `description`, `filesize`, `metadata`, `created_at`, `updated_at`) VALUES (74, 'quos', 46, 15, 1, 'Et temporibus modi et est et deserunt facilis. Fuga sit in neque libero. Sint occaecati ex libero optio.', '92', NULL, '2010-12-26 11:13:34', '2017-07-04 06:29:33');
INSERT INTO `media` (`id`, `media_name`, `user_id`, `offer_id`, `media_type_id`, `description`, `filesize`, `metadata`, `created_at`, `updated_at`) VALUES (75, 'pariatur', 29, 13, 2, 'Dolor aspernatur aperiam adipisci. Vel autem sapiente voluptas fugit nobis vel qui sit. Consectetur nemo dolores est et eius. Enim esse quod ipsa voluptatem omnis maiores corporis.', '90193', NULL, '1973-10-19 08:47:18', '1996-09-26 15:12:50');
INSERT INTO `media` (`id`, `media_name`, `user_id`, `offer_id`, `media_type_id`, `description`, `filesize`, `metadata`, `created_at`, `updated_at`) VALUES (76, 'accusantium', 35, 42, 1, 'Quo soluta quia voluptas quia quas cum. Quam vitae ipsum voluptatem voluptas maiores quae eos eius. Occaecati qui aut et excepturi recusandae error. Ipsum rerum et doloremque qui.', '0', NULL, '1987-01-24 15:12:39', '2019-05-02 02:08:04');
INSERT INTO `media` (`id`, `media_name`, `user_id`, `offer_id`, `media_type_id`, `description`, `filesize`, `metadata`, `created_at`, `updated_at`) VALUES (77, 'maxime', 4, 6, 2, 'Est iure at enim sunt voluptatem. Laudantium eaque ea et alias et et libero voluptas. Omnis temporibus deserunt saepe fugit numquam fuga aliquid. Soluta voluptatem delectus delectus voluptatibus dolores.', '707', NULL, '2002-05-14 22:05:44', '2019-11-10 22:32:34');
INSERT INTO `media` (`id`, `media_name`, `user_id`, `offer_id`, `media_type_id`, `description`, `filesize`, `metadata`, `created_at`, `updated_at`) VALUES (78, 'voluptatem', 40, 33, 1, 'Dolor quia itaque in odio rerum rem ratione. Numquam fugit quaerat facilis est aliquam fuga in repellendus. Itaque qui ut facere molestiae.', '344499393', NULL, '1990-03-23 02:18:45', '2018-10-12 16:59:19');
INSERT INTO `media` (`id`, `media_name`, `user_id`, `offer_id`, `media_type_id`, `description`, `filesize`, `metadata`, `created_at`, `updated_at`) VALUES (79, 'doloremque', 42, 23, 2, 'Laborum enim necessitatibus corrupti provident nisi. Ipsum natus labore ratione consectetur eaque labore fugit labore. Molestiae quis nihil culpa omnis sit eum sit. Velit beatae enim ducimus et ab.', '4513130', NULL, '2003-07-04 16:00:31', '2009-12-05 07:23:42');
INSERT INTO `media` (`id`, `media_name`, `user_id`, `offer_id`, `media_type_id`, `description`, `filesize`, `metadata`, `created_at`, `updated_at`) VALUES (80, 'nulla', 27, 6, 2, 'Rerum dolores aut distinctio qui voluptates. Laborum ut maiores ab asperiores. Aperiam architecto optio blanditiis a aut delectus impedit. Est alias possimus perspiciatis nostrum perferendis laboriosam id.', '26010', NULL, '1974-11-14 17:09:25', '2009-02-20 07:14:12');
INSERT INTO `media` (`id`, `media_name`, `user_id`, `offer_id`, `media_type_id`, `description`, `filesize`, `metadata`, `created_at`, `updated_at`) VALUES (81, 'cum', 86, 19, 2, 'Dolorem natus fugiat quibusdam totam vero incidunt. Et quia rerum qui sit quia accusantium. Corrupti ipsa quasi nemo enim. Quae accusamus dignissimos libero et ratione voluptas.', '28794', NULL, '1973-03-09 05:27:23', '2010-02-17 14:30:34');
INSERT INTO `media` (`id`, `media_name`, `user_id`, `offer_id`, `media_type_id`, `description`, `filesize`, `metadata`, `created_at`, `updated_at`) VALUES (82, 'eos', 9, 11, 2, 'Quo quidem repellat itaque debitis. Rem incidunt ea velit quis eaque voluptates. Quae perferendis molestias ab numquam.', '3', NULL, '2002-08-26 23:02:19', '2017-05-05 18:07:02');
INSERT INTO `media` (`id`, `media_name`, `user_id`, `offer_id`, `media_type_id`, `description`, `filesize`, `metadata`, `created_at`, `updated_at`) VALUES (83, 'at', 38, 19, 2, 'Dolores et beatae corrupti labore blanditiis sint. Dolore iusto aut qui consequatur. Perferendis laboriosam reiciendis vero dolorem expedita velit.', '18820', NULL, '2006-09-08 05:15:28', '1996-02-23 18:40:40');
INSERT INTO `media` (`id`, `media_name`, `user_id`, `offer_id`, `media_type_id`, `description`, `filesize`, `metadata`, `created_at`, `updated_at`) VALUES (84, 'labore', 70, 4, 2, 'Cupiditate ad aut et eum quia. Iste voluptas voluptas ut aperiam consequatur. Maxime sed neque distinctio ducimus molestiae.', '87299335', NULL, '1984-09-21 01:38:38', '2007-06-08 10:50:30');
INSERT INTO `media` (`id`, `media_name`, `user_id`, `offer_id`, `media_type_id`, `description`, `filesize`, `metadata`, `created_at`, `updated_at`) VALUES (85, 'quibusdam', 83, 13, 1, 'Est iure et omnis quibusdam ex. Facere voluptatem laborum blanditiis quia illum. Alias ut nam expedita. Perferendis architecto quisquam ipsum amet qui.', '34775427', NULL, '1999-08-27 00:09:11', '1978-11-01 08:12:39');
INSERT INTO `media` (`id`, `media_name`, `user_id`, `offer_id`, `media_type_id`, `description`, `filesize`, `metadata`, `created_at`, `updated_at`) VALUES (86, 'laudantium', 99, 30, 1, 'Commodi non quos minima nostrum qui perspiciatis aliquam. Necessitatibus maiores facilis ut officiis assumenda. Atque molestias iusto qui non sed iusto illum.', '16291682', NULL, '1981-09-22 07:20:28', '1971-06-19 00:37:07');
INSERT INTO `media` (`id`, `media_name`, `user_id`, `offer_id`, `media_type_id`, `description`, `filesize`, `metadata`, `created_at`, `updated_at`) VALUES (87, 'tenetur', 32, 29, 2, 'Incidunt necessitatibus natus voluptas recusandae. Autem voluptatem rerum aut rerum maiores ut illo mollitia.', '442662', NULL, '2010-06-03 08:23:28', '2007-09-27 23:44:42');
INSERT INTO `media` (`id`, `media_name`, `user_id`, `offer_id`, `media_type_id`, `description`, `filesize`, `metadata`, `created_at`, `updated_at`) VALUES (88, 'est', 16, 26, 1, 'Maiores consequuntur qui repellat sapiente aut debitis. Error beatae ab et error iste architecto quisquam. Id veniam molestiae itaque delectus.', '352566', NULL, '1987-08-03 15:54:34', '2010-12-04 09:29:59');
INSERT INTO `media` (`id`, `media_name`, `user_id`, `offer_id`, `media_type_id`, `description`, `filesize`, `metadata`, `created_at`, `updated_at`) VALUES (89, 'voluptatem', 92, 49, 1, 'Rerum excepturi sit saepe. Ea delectus et aliquid rerum deserunt sit. Ducimus consequatur qui consequatur neque asperiores recusandae. Necessitatibus non eum aut dolorem dolorem atque.', '831', NULL, '2010-12-20 12:53:02', '1984-11-02 06:50:04');
INSERT INTO `media` (`id`, `media_name`, `user_id`, `offer_id`, `media_type_id`, `description`, `filesize`, `metadata`, `created_at`, `updated_at`) VALUES (90, 'accusantium', 53, 42, 1, 'Fugit quis et sit optio in repellat. Illo eligendi velit recusandae beatae quae natus esse. Fugit esse vel odit facilis quae animi.', '0', NULL, '2016-01-23 18:25:09', '2017-04-05 00:43:35');
INSERT INTO `media` (`id`, `media_name`, `user_id`, `offer_id`, `media_type_id`, `description`, `filesize`, `metadata`, `created_at`, `updated_at`) VALUES (91, 'eveniet', 43, 11, 1, 'Aperiam sed quas qui molestiae ut reprehenderit. Optio assumenda voluptatum necessitatibus enim. Debitis neque nobis voluptas qui alias. At accusantium est ea qui enim.', '1', NULL, '1979-05-11 15:35:22', '2014-04-25 08:13:30');
INSERT INTO `media` (`id`, `media_name`, `user_id`, `offer_id`, `media_type_id`, `description`, `filesize`, `metadata`, `created_at`, `updated_at`) VALUES (92, 'facere', 58, 18, 2, 'Dolorem voluptatem voluptate eligendi recusandae illum aliquid odio. Ut quo consequatur ullam quo blanditiis recusandae. Dolorem praesentium ut nihil asperiores.', '58645', NULL, '2006-03-09 19:50:39', '1980-10-19 07:16:05');
INSERT INTO `media` (`id`, `media_name`, `user_id`, `offer_id`, `media_type_id`, `description`, `filesize`, `metadata`, `created_at`, `updated_at`) VALUES (93, 'hic', 22, 34, 2, 'Sed fuga incidunt ut tempore cumque repellat rerum. Illo eos enim maiores sint commodi possimus. Possimus asperiores nesciunt optio reiciendis quidem.', '0', NULL, '2001-01-24 09:19:16', '2001-03-04 19:00:24');
INSERT INTO `media` (`id`, `media_name`, `user_id`, `offer_id`, `media_type_id`, `description`, `filesize`, `metadata`, `created_at`, `updated_at`) VALUES (94, 'corrupti', 23, 19, 2, 'Repellat et culpa alias asperiores. Sequi id vel commodi iste. Repudiandae vitae et nobis quis. Aspernatur non sit inventore necessitatibus nesciunt.', '4353', NULL, '1976-05-19 19:15:32', '1987-12-21 03:50:58');
INSERT INTO `media` (`id`, `media_name`, `user_id`, `offer_id`, `media_type_id`, `description`, `filesize`, `metadata`, `created_at`, `updated_at`) VALUES (95, 'est', 48, 15, 2, 'Quia est amet officia aut. Molestiae voluptatem nihil eum. Consectetur delectus est dicta vitae voluptas et quia.', '396227491', NULL, '1980-05-29 20:44:50', '1991-07-20 09:53:35');
INSERT INTO `media` (`id`, `media_name`, `user_id`, `offer_id`, `media_type_id`, `description`, `filesize`, `metadata`, `created_at`, `updated_at`) VALUES (96, 'amet', 28, 33, 1, 'Magni adipisci omnis nihil. Sit eum aut maxime facere voluptatem repellendus. Consequatur id a occaecati magnam sequi assumenda iusto cupiditate. Perspiciatis eius et molestiae alias rerum ab.', '175', NULL, '2013-11-16 22:33:20', '1981-12-14 13:36:39');
INSERT INTO `media` (`id`, `media_name`, `user_id`, `offer_id`, `media_type_id`, `description`, `filesize`, `metadata`, `created_at`, `updated_at`) VALUES (97, 'pariatur', 57, 14, 1, 'Sit nisi dolorum omnis beatae. Minus dolorem enim praesentium sequi et odio ea. Voluptates eum voluptate nesciunt quaerat necessitatibus iure.', '0', NULL, '1999-07-28 03:36:39', '1979-01-31 09:48:02');
INSERT INTO `media` (`id`, `media_name`, `user_id`, `offer_id`, `media_type_id`, `description`, `filesize`, `metadata`, `created_at`, `updated_at`) VALUES (98, 'sed', 88, 36, 1, 'Dolorum odit voluptas corrupti et quia non molestias qui. Vel eos sunt explicabo. Omnis numquam sint provident non ut nihil incidunt.', '22533161', NULL, '2001-08-29 20:52:50', '1997-01-28 23:00:55');
INSERT INTO `media` (`id`, `media_name`, `user_id`, `offer_id`, `media_type_id`, `description`, `filesize`, `metadata`, `created_at`, `updated_at`) VALUES (99, 'iure', 94, 13, 1, 'Recusandae labore ducimus odit quidem omnis. Id ipsam sunt aut et maiores aut. Fuga quia quia facere veritatis alias blanditiis. Dignissimos nihil aliquam soluta placeat at nulla minima.', '775324012', NULL, '1974-08-01 15:59:28', '1971-04-09 16:27:02');
INSERT INTO `media` (`id`, `media_name`, `user_id`, `offer_id`, `media_type_id`, `description`, `filesize`, `metadata`, `created_at`, `updated_at`) VALUES (100, 'incidunt', 49, 15, 1, 'Sit culpa laboriosam quos sapiente magni. Nihil culpa ea adipisci minima deleniti corporis natus.', '0', NULL, '2015-03-21 09:13:10', '1997-05-26 07:20:19');
INSERT INTO `media` (`id`, `media_name`, `user_id`, `offer_id`, `media_type_id`, `description`, `filesize`, `metadata`, `created_at`, `updated_at`) VALUES (101, 'soluta', 76, 45, 2, 'Deserunt hic tenetur magnam eum ut. Eos inventore ipsam quam hic nihil ad. A autem quia molestiae doloribus recusandae dolores vitae veritatis.', '1', NULL, '2007-08-02 07:38:30', '2002-01-15 01:12:54');
INSERT INTO `media` (`id`, `media_name`, `user_id`, `offer_id`, `media_type_id`, `description`, `filesize`, `metadata`, `created_at`, `updated_at`) VALUES (102, 'quo', 99, 34, 2, 'Et iure voluptas aut. Fugit dicta a omnis blanditiis doloribus iusto nulla neque. Et ut fuga et enim maiores. Suscipit et tempore provident accusantium nihil doloribus non.', '0', NULL, '1974-10-20 12:55:12', '1979-09-04 17:39:39');
INSERT INTO `media` (`id`, `media_name`, `user_id`, `offer_id`, `media_type_id`, `description`, `filesize`, `metadata`, `created_at`, `updated_at`) VALUES (103, 'voluptatum', 74, 48, 2, 'Aperiam non natus reprehenderit exercitationem est eos. Officiis et neque quod quae qui quidem doloremque. Accusamus ex sequi quisquam dolor et.', '628380757', NULL, '1984-06-03 21:10:19', '1973-06-11 02:14:07');
INSERT INTO `media` (`id`, `media_name`, `user_id`, `offer_id`, `media_type_id`, `description`, `filesize`, `metadata`, `created_at`, `updated_at`) VALUES (104, 'non', 34, 32, 1, 'Eum voluptatum id aut et quae. Rem officia illo optio quia eius. Quas adipisci minima quis.', '92', NULL, '1977-12-21 18:24:40', '1989-09-22 07:32:34');
INSERT INTO `media` (`id`, `media_name`, `user_id`, `offer_id`, `media_type_id`, `description`, `filesize`, `metadata`, `created_at`, `updated_at`) VALUES (105, 'vero', 67, 1, 1, 'Sunt iure consequatur veritatis laboriosam nisi. Ad sed quibusdam consequatur officiis modi eligendi corporis. Veniam laudantium quas sunt facilis nulla. Aliquid fuga nihil aperiam omnis quisquam et. Hic perferendis ut aut sunt ipsum libero.', '0', NULL, '1971-04-22 00:01:58', '2000-09-10 12:44:13');
INSERT INTO `media` (`id`, `media_name`, `user_id`, `offer_id`, `media_type_id`, `description`, `filesize`, `metadata`, `created_at`, `updated_at`) VALUES (106, 'rerum', 50, 29, 1, 'Doloribus iste ab ea quos et culpa aut. Tempore enim quis praesentium adipisci in voluptates et. Modi ex illum sed amet doloribus maxime ipsum. Omnis sint corporis nulla ut.', '43138', NULL, '2003-10-02 05:31:56', '1982-12-02 22:09:59');
INSERT INTO `media` (`id`, `media_name`, `user_id`, `offer_id`, `media_type_id`, `description`, `filesize`, `metadata`, `created_at`, `updated_at`) VALUES (107, 'itaque', 27, 24, 1, 'Quidem tempora ipsam saepe aut. Asperiores qui facilis corrupti voluptatem qui. Alias sint quas aliquam doloremque est sunt. Et quia quis porro molestiae iure iste est. Ullam quod asperiores eos sequi voluptatem officia earum rerum.', '144017', NULL, '2018-03-27 04:07:12', '1980-02-16 21:42:14');
INSERT INTO `media` (`id`, `media_name`, `user_id`, `offer_id`, `media_type_id`, `description`, `filesize`, `metadata`, `created_at`, `updated_at`) VALUES (108, 'unde', 44, 14, 1, 'Est maxime fugiat consequatur et praesentium in. Id cumque incidunt quis omnis ea. Cupiditate neque voluptatum repellendus veniam dolorem quia. Aliquam molestiae vel quod sed.', '2408', NULL, '1976-09-06 20:27:26', '1989-10-19 13:52:09');
INSERT INTO `media` (`id`, `media_name`, `user_id`, `offer_id`, `media_type_id`, `description`, `filesize`, `metadata`, `created_at`, `updated_at`) VALUES (109, 'reiciendis', 89, 31, 2, 'Ut doloremque aliquam voluptates possimus accusamus consequatur quod ea. Est debitis totam qui et pariatur. Veniam alias dolorem architecto qui veritatis. Minima perspiciatis voluptas enim animi.', '844', NULL, '2018-01-06 10:14:47', '1999-01-13 20:12:26');
INSERT INTO `media` (`id`, `media_name`, `user_id`, `offer_id`, `media_type_id`, `description`, `filesize`, `metadata`, `created_at`, `updated_at`) VALUES (110, 'totam', 25, 49, 2, 'Minima quam aliquid eius nisi. Officiis magnam ipsa sit reiciendis facere sunt odit. Quo enim facilis accusamus vel id ex.', '706713', NULL, '2004-08-09 03:22:53', '2004-12-18 06:38:25');
INSERT INTO `media` (`id`, `media_name`, `user_id`, `offer_id`, `media_type_id`, `description`, `filesize`, `metadata`, `created_at`, `updated_at`) VALUES (111, 'vitae', 23, 7, 2, 'Consectetur consequatur consequatur numquam reiciendis itaque. Et in illo ut et qui nesciunt magni et. Est aut voluptas voluptatem sit.', '0', NULL, '1986-10-22 15:11:42', '1970-04-12 01:57:45');
INSERT INTO `media` (`id`, `media_name`, `user_id`, `offer_id`, `media_type_id`, `description`, `filesize`, `metadata`, `created_at`, `updated_at`) VALUES (112, 'quam', 82, 41, 2, 'Est et debitis voluptatum nihil saepe eum. Est iste tempora accusamus vel repellendus iusto. Ab voluptatum placeat neque quidem ducimus minima. Quibusdam eum sed dolorem culpa sint.', '5561', NULL, '1975-02-12 10:11:19', '1979-08-18 05:22:10');
INSERT INTO `media` (`id`, `media_name`, `user_id`, `offer_id`, `media_type_id`, `description`, `filesize`, `metadata`, `created_at`, `updated_at`) VALUES (113, 'occaecati', 43, 43, 1, 'Optio suscipit ut suscipit iure reprehenderit quis aliquam. Accusamus cumque et non illo odio sed. Consequuntur facere amet et dolorem.', '291', NULL, '1976-09-27 14:23:09', '1980-10-28 00:01:36');
INSERT INTO `media` (`id`, `media_name`, `user_id`, `offer_id`, `media_type_id`, `description`, `filesize`, `metadata`, `created_at`, `updated_at`) VALUES (114, 'quidem', 71, 43, 2, 'Qui pariatur et saepe quo sint ex fugit. Quibusdam et animi amet nulla nobis. Temporibus est aut eum rem amet repudiandae. Placeat ex dolores velit ea eveniet id est id.', '6069527', NULL, '1990-03-21 01:32:21', '2002-12-18 22:52:35');
INSERT INTO `media` (`id`, `media_name`, `user_id`, `offer_id`, `media_type_id`, `description`, `filesize`, `metadata`, `created_at`, `updated_at`) VALUES (115, 'reiciendis', 10, 45, 2, 'Sit consequuntur sint incidunt aut. Qui qui eos quia doloremque ea. Qui dolores ut sint. Omnis autem minima voluptatum nihil.', '907857341', NULL, '1997-05-03 19:21:03', '1990-09-02 02:18:18');
INSERT INTO `media` (`id`, `media_name`, `user_id`, `offer_id`, `media_type_id`, `description`, `filesize`, `metadata`, `created_at`, `updated_at`) VALUES (116, 'facilis', 42, 39, 2, 'Aut incidunt maiores non earum. Voluptas aliquam veniam labore eaque cumque. Ex laborum non expedita quidem. Quia corporis labore esse earum.', '997742', NULL, '1998-11-14 15:53:17', '1970-10-14 12:26:55');
INSERT INTO `media` (`id`, `media_name`, `user_id`, `offer_id`, `media_type_id`, `description`, `filesize`, `metadata`, `created_at`, `updated_at`) VALUES (117, 'autem', 4, 1, 1, 'Voluptas repudiandae vero nobis voluptatibus qui sit. Voluptatibus quia labore eos quia ipsa inventore voluptate sit. Omnis explicabo ex labore nisi.', '108980', NULL, '1975-06-04 15:08:48', '2001-09-24 16:43:50');
INSERT INTO `media` (`id`, `media_name`, `user_id`, `offer_id`, `media_type_id`, `description`, `filesize`, `metadata`, `created_at`, `updated_at`) VALUES (118, 'rerum', 71, 17, 1, 'Deleniti atque molestiae nulla quae praesentium molestiae optio. Eos rerum minus error nostrum voluptatem dolor voluptatem. Reprehenderit culpa sed repudiandae inventore quod excepturi.', '512691854', NULL, '2015-06-25 22:06:33', '2014-07-25 20:00:06');
INSERT INTO `media` (`id`, `media_name`, `user_id`, `offer_id`, `media_type_id`, `description`, `filesize`, `metadata`, `created_at`, `updated_at`) VALUES (119, 'molestias', 95, 23, 2, 'Illo ab et omnis. Amet in deleniti accusantium non minima consectetur.', '60406', NULL, '1994-06-30 02:18:45', '2014-06-25 15:26:44');
INSERT INTO `media` (`id`, `media_name`, `user_id`, `offer_id`, `media_type_id`, `description`, `filesize`, `metadata`, `created_at`, `updated_at`) VALUES (120, 'aut', 69, 27, 1, 'Ullam quaerat quaerat saepe enim quis fugit quisquam. Nobis est cupiditate voluptatem at dolorum. Expedita qui sint rerum laboriosam quae.', '926252408', NULL, '1998-07-13 13:24:38', '1991-09-19 00:49:10');
INSERT INTO `media` (`id`, `media_name`, `user_id`, `offer_id`, `media_type_id`, `description`, `filesize`, `metadata`, `created_at`, `updated_at`) VALUES (121, 'voluptates', 31, 29, 1, 'Odio doloribus eos numquam amet nisi dolor. Officiis enim officiis eum temporibus nostrum. Ipsa sit voluptatem numquam vero dicta. Consequatur cum maxime error enim.', '23410', NULL, '2008-05-20 15:51:11', '1987-07-23 18:42:24');
INSERT INTO `media` (`id`, `media_name`, `user_id`, `offer_id`, `media_type_id`, `description`, `filesize`, `metadata`, `created_at`, `updated_at`) VALUES (122, 'nam', 17, 43, 1, 'Non ut tenetur eos est explicabo. Aut laboriosam culpa et alias alias molestiae quas. Deleniti corporis fugit enim repellendus rerum assumenda doloribus. Odit quidem hic itaque aliquam.', '913167722', NULL, '2013-12-15 03:06:21', '1979-04-08 00:52:04');
INSERT INTO `media` (`id`, `media_name`, `user_id`, `offer_id`, `media_type_id`, `description`, `filesize`, `metadata`, `created_at`, `updated_at`) VALUES (123, 'veritatis', 20, 25, 1, 'Veniam repudiandae ipsa debitis porro vel. Expedita delectus cumque dolor ab soluta adipisci dolor.', '2', NULL, '1998-10-18 21:09:02', '1971-04-19 07:13:27');
INSERT INTO `media` (`id`, `media_name`, `user_id`, `offer_id`, `media_type_id`, `description`, `filesize`, `metadata`, `created_at`, `updated_at`) VALUES (124, 'molestiae', 56, 11, 1, 'Repellat fuga expedita odit consequatur quis. Et amet et natus omnis. Consequatur occaecati est ut velit repellat porro aut.', '5', NULL, '1987-02-06 15:08:16', '2014-01-06 06:17:32');
INSERT INTO `media` (`id`, `media_name`, `user_id`, `offer_id`, `media_type_id`, `description`, `filesize`, `metadata`, `created_at`, `updated_at`) VALUES (125, 'autem', 12, 40, 1, 'In et est distinctio officiis dolores est. Repudiandae maxime alias velit aut. Ab aperiam magni odit aut neque.', '332099', NULL, '1995-02-09 11:02:38', '1991-03-05 05:23:54');
INSERT INTO `media` (`id`, `media_name`, `user_id`, `offer_id`, `media_type_id`, `description`, `filesize`, `metadata`, `created_at`, `updated_at`) VALUES (126, 'ut', 37, 4, 1, 'Commodi maxime necessitatibus suscipit aut aut quisquam doloremque. Aperiam omnis est quos impedit. Nihil ullam distinctio deleniti quibusdam ea ipsam asperiores.', '0', NULL, '2020-11-17 05:48:14', '1978-11-01 11:39:59');
INSERT INTO `media` (`id`, `media_name`, `user_id`, `offer_id`, `media_type_id`, `description`, `filesize`, `metadata`, `created_at`, `updated_at`) VALUES (127, 'quo', 18, 26, 1, 'Maxime quae dolore provident modi et recusandae. Cupiditate nostrum hic suscipit deleniti. Molestiae quo assumenda sint non officia.', '780618515', NULL, '1972-06-30 03:53:38', '2001-06-27 21:20:28');
INSERT INTO `media` (`id`, `media_name`, `user_id`, `offer_id`, `media_type_id`, `description`, `filesize`, `metadata`, `created_at`, `updated_at`) VALUES (128, 'atque', 68, 33, 2, 'Est ut voluptates qui illum ipsum dolor. Minus voluptatem incidunt autem dolore facilis. Velit animi nihil id error ratione eveniet.', '136984152', NULL, '1988-01-13 17:28:46', '1993-06-07 12:10:09');
INSERT INTO `media` (`id`, `media_name`, `user_id`, `offer_id`, `media_type_id`, `description`, `filesize`, `metadata`, `created_at`, `updated_at`) VALUES (129, 'atque', 83, 28, 2, 'Maiores temporibus temporibus nam mollitia. Odit officiis in eum sed at. Laborum dolores repudiandae aut minus et voluptates sunt.', '238087', NULL, '1971-03-12 10:36:57', '2011-08-07 16:44:59');
INSERT INTO `media` (`id`, `media_name`, `user_id`, `offer_id`, `media_type_id`, `description`, `filesize`, `metadata`, `created_at`, `updated_at`) VALUES (130, 'nihil', 35, 28, 1, 'Voluptas nesciunt pariatur ut qui saepe dolorem. Unde debitis ducimus sed laboriosam esse tempore. Soluta ea quas rerum provident. Accusantium facere consequatur quia molestiae nesciunt voluptatem non.', '61', NULL, '2018-04-07 07:27:04', '2003-12-29 23:37:33');
INSERT INTO `media` (`id`, `media_name`, `user_id`, `offer_id`, `media_type_id`, `description`, `filesize`, `metadata`, `created_at`, `updated_at`) VALUES (131, 'qui', 14, 32, 1, 'Velit enim fugit odit accusantium non ut ut enim. Consequatur similique vitae fugit voluptates. Minus perferendis dicta ratione aliquam qui reprehenderit. Corrupti consequatur accusantium consequatur dolorum ut cupiditate.', '0', NULL, '2012-06-08 19:57:22', '1975-12-23 09:52:21');
INSERT INTO `media` (`id`, `media_name`, `user_id`, `offer_id`, `media_type_id`, `description`, `filesize`, `metadata`, `created_at`, `updated_at`) VALUES (132, 'et', 27, 16, 2, 'Ab nostrum recusandae natus ipsum nam corporis. Nam mollitia quis similique dolore sunt. Quia et et pariatur reprehenderit officiis nulla sint. Nostrum dolore provident et iure voluptate et perspiciatis. Qui sed in iusto et consequatur repellat.', '644715', NULL, '1981-03-03 14:46:25', '1990-12-26 03:38:12');
INSERT INTO `media` (`id`, `media_name`, `user_id`, `offer_id`, `media_type_id`, `description`, `filesize`, `metadata`, `created_at`, `updated_at`) VALUES (133, 'in', 39, 42, 2, 'Quis delectus earum maxime est blanditiis. Harum et repellat animi repellat laboriosam. Sunt consequuntur id sit sunt vel ut hic. Occaecati provident fugit porro et molestiae voluptas non mollitia.', '7812', NULL, '2019-01-22 06:38:11', '1978-11-12 22:31:52');
INSERT INTO `media` (`id`, `media_name`, `user_id`, `offer_id`, `media_type_id`, `description`, `filesize`, `metadata`, `created_at`, `updated_at`) VALUES (134, 'vitae', 88, 1, 2, 'Voluptatem sequi consectetur illo consequatur. Molestiae accusantium veniam aspernatur voluptates maiores quis autem recusandae. Cupiditate cumque alias nisi id exercitationem voluptates. Fugiat commodi velit id quia.', '2', NULL, '2015-06-26 03:01:38', '2012-05-26 21:32:56');
INSERT INTO `media` (`id`, `media_name`, `user_id`, `offer_id`, `media_type_id`, `description`, `filesize`, `metadata`, `created_at`, `updated_at`) VALUES (135, 'quos', 84, 43, 1, 'Corporis ipsam molestiae animi expedita suscipit qui. Odit sapiente impedit rerum itaque quo. Qui dignissimos eos omnis fuga corporis.', '45', NULL, '1987-05-23 20:22:50', '1999-09-28 02:07:44');
INSERT INTO `media` (`id`, `media_name`, `user_id`, `offer_id`, `media_type_id`, `description`, `filesize`, `metadata`, `created_at`, `updated_at`) VALUES (136, 'sed', 17, 3, 2, 'Est pariatur consequatur quam. Corporis deserunt minus vel consequuntur est voluptatem. Reprehenderit veniam veritatis voluptatem reprehenderit est.', '0', NULL, '2000-05-08 07:30:50', '2009-06-12 02:22:52');
INSERT INTO `media` (`id`, `media_name`, `user_id`, `offer_id`, `media_type_id`, `description`, `filesize`, `metadata`, `created_at`, `updated_at`) VALUES (137, 'mollitia', 24, 27, 2, 'Quam neque voluptatem ut quisquam sed consequatur expedita voluptas. Tenetur cupiditate fuga est consequatur. Accusantium sunt et natus similique ut.', '475897', NULL, '2005-05-27 01:37:35', '2012-09-17 00:31:46');
INSERT INTO `media` (`id`, `media_name`, `user_id`, `offer_id`, `media_type_id`, `description`, `filesize`, `metadata`, `created_at`, `updated_at`) VALUES (138, 'nihil', 54, 6, 1, 'Magni qui ea qui eos explicabo. Temporibus quasi pariatur rerum. Voluptates et cum vero repudiandae quidem occaecati et.', '795553', NULL, '2011-11-25 01:45:30', '2010-07-07 08:21:50');
INSERT INTO `media` (`id`, `media_name`, `user_id`, `offer_id`, `media_type_id`, `description`, `filesize`, `metadata`, `created_at`, `updated_at`) VALUES (139, 'quisquam', 98, 34, 1, 'Doloremque magni sapiente veritatis et. Nihil distinctio tenetur dolorem aut. Ut unde cupiditate maiores quae. Facilis rem ea earum aut adipisci.', '5923764', NULL, '2012-05-24 03:38:35', '2018-08-15 08:38:28');
INSERT INTO `media` (`id`, `media_name`, `user_id`, `offer_id`, `media_type_id`, `description`, `filesize`, `metadata`, `created_at`, `updated_at`) VALUES (140, 'consectetur', 40, 31, 2, 'Illum recusandae vero et ipsam ratione. Rerum dolorum iusto quia cupiditate pariatur debitis velit.', '77', NULL, '1980-05-22 03:18:38', '2002-05-11 03:45:30');
INSERT INTO `media` (`id`, `media_name`, `user_id`, `offer_id`, `media_type_id`, `description`, `filesize`, `metadata`, `created_at`, `updated_at`) VALUES (141, 'nam', 78, 30, 1, 'Voluptatum a voluptatem provident aut iusto. Molestiae maiores tempora saepe ex. Ad dolores quidem quia enim omnis et.', '77', NULL, '2017-08-16 15:57:07', '2018-12-12 01:50:18');
INSERT INTO `media` (`id`, `media_name`, `user_id`, `offer_id`, `media_type_id`, `description`, `filesize`, `metadata`, `created_at`, `updated_at`) VALUES (142, 'nulla', 14, 10, 1, 'Quidem voluptas impedit voluptatem magni quia qui vero. Rerum dolore nobis vel quaerat. Cupiditate qui pariatur illo occaecati.', '3', NULL, '2010-10-02 15:08:52', '1990-12-23 00:05:05');
INSERT INTO `media` (`id`, `media_name`, `user_id`, `offer_id`, `media_type_id`, `description`, `filesize`, `metadata`, `created_at`, `updated_at`) VALUES (143, 'repellendus', 16, 38, 1, 'Impedit et est perferendis et consectetur et amet. Optio sapiente sed unde inventore rerum. Velit voluptatum optio ut qui. Officiis aperiam natus ab aliquid.', '4713', NULL, '1990-08-05 21:23:43', '2009-06-21 01:09:13');
INSERT INTO `media` (`id`, `media_name`, `user_id`, `offer_id`, `media_type_id`, `description`, `filesize`, `metadata`, `created_at`, `updated_at`) VALUES (144, 'aut', 2, 21, 2, 'Sint voluptatem sit maxime eos. Necessitatibus dolorum atque natus. Qui non ut dolorum adipisci. Et distinctio sint dolorem ea similique beatae. Aperiam quia temporibus ut ipsa aut id.', '0', NULL, '2010-12-10 09:20:42', '2015-08-04 13:04:57');
INSERT INTO `media` (`id`, `media_name`, `user_id`, `offer_id`, `media_type_id`, `description`, `filesize`, `metadata`, `created_at`, `updated_at`) VALUES (145, 'est', 50, 44, 2, 'Occaecati quis nostrum ea aut nostrum architecto et. Asperiores ut ut eos. Et quisquam et ratione.', '20183', NULL, '1976-07-11 00:23:01', '1972-06-29 09:26:34');
INSERT INTO `media` (`id`, `media_name`, `user_id`, `offer_id`, `media_type_id`, `description`, `filesize`, `metadata`, `created_at`, `updated_at`) VALUES (146, 'dolorem', 90, 22, 2, 'Et fugiat minima repudiandae. Maiores esse ullam quod delectus ad repudiandae. Doloremque vero et facere laboriosam sunt porro nostrum. Quidem maiores consequuntur quam culpa quas.', '934', NULL, '1995-02-20 03:23:38', '1998-05-11 06:09:19');
INSERT INTO `media` (`id`, `media_name`, `user_id`, `offer_id`, `media_type_id`, `description`, `filesize`, `metadata`, `created_at`, `updated_at`) VALUES (147, 'et', 58, 48, 1, 'Consectetur recusandae aut et. Vel quos magnam perferendis aut facere est. Sequi unde reiciendis quo aut provident voluptatem voluptatem. Odio quia velit voluptatem ipsa qui numquam ratione.', '63', NULL, '2012-09-27 16:43:20', '1996-12-20 13:51:55');
INSERT INTO `media` (`id`, `media_name`, `user_id`, `offer_id`, `media_type_id`, `description`, `filesize`, `metadata`, `created_at`, `updated_at`) VALUES (148, 'et', 88, 28, 1, 'Eos alias quia tempora sint ab dolore quisquam dolores. Harum officia dolor qui laudantium ut.', '7505', NULL, '1985-03-09 16:42:18', '1986-10-04 15:19:06');
INSERT INTO `media` (`id`, `media_name`, `user_id`, `offer_id`, `media_type_id`, `description`, `filesize`, `metadata`, `created_at`, `updated_at`) VALUES (149, 'facilis', 96, 20, 2, 'Sunt blanditiis facere quas sit occaecati delectus sed. Laudantium et doloremque dolores exercitationem et dolor vel.', '31', NULL, '1999-12-25 21:44:24', '1991-03-25 09:31:17');
INSERT INTO `media` (`id`, `media_name`, `user_id`, `offer_id`, `media_type_id`, `description`, `filesize`, `metadata`, `created_at`, `updated_at`) VALUES (150, 'omnis', 45, 6, 1, 'Distinctio quam ea repellat quaerat molestiae. Dignissimos est cum quo officiis sunt aut atque. Accusantium a molestias ipsum provident dolore odio sed. Labore et modi vero maiores ducimus.', '0', NULL, '2009-06-05 14:51:22', '1976-01-20 13:30:51');
INSERT INTO `media` (`id`, `media_name`, `user_id`, `offer_id`, `media_type_id`, `description`, `filesize`, `metadata`, `created_at`, `updated_at`) VALUES (151, 'perspiciatis', 96, 15, 1, 'At minus autem est expedita est minima aut ipsam. Sit saepe et necessitatibus mollitia.', '8164694', NULL, '1975-03-23 00:22:25', '1981-03-15 11:36:28');
INSERT INTO `media` (`id`, `media_name`, `user_id`, `offer_id`, `media_type_id`, `description`, `filesize`, `metadata`, `created_at`, `updated_at`) VALUES (152, 'neque', 29, 1, 1, 'Ea ducimus in in quo minus corrupti quas quia. Maiores dignissimos perspiciatis dolores et in error quia. Eum qui quas est sed reiciendis minima. Dolores velit veritatis unde et eos.', '460', NULL, '2014-06-02 01:15:52', '1979-07-26 21:12:53');
INSERT INTO `media` (`id`, `media_name`, `user_id`, `offer_id`, `media_type_id`, `description`, `filesize`, `metadata`, `created_at`, `updated_at`) VALUES (153, 'quibusdam', 1, 32, 2, 'Reiciendis libero et velit necessitatibus et eaque. Aspernatur quis dolorem aut nesciunt. Expedita id aut autem eveniet qui repellat.', '79693', NULL, '2000-10-25 15:26:59', '1974-07-29 07:00:42');
INSERT INTO `media` (`id`, `media_name`, `user_id`, `offer_id`, `media_type_id`, `description`, `filesize`, `metadata`, `created_at`, `updated_at`) VALUES (154, 'officiis', 98, 14, 2, 'Amet rerum incidunt qui aliquid. Consequatur fugiat sed est ut impedit. Vero consequatur aut quibusdam voluptatem. Perspiciatis aliquam earum et eius ipsum voluptas.', '97', NULL, '1973-10-09 02:27:19', '2004-09-02 23:51:40');
INSERT INTO `media` (`id`, `media_name`, `user_id`, `offer_id`, `media_type_id`, `description`, `filesize`, `metadata`, `created_at`, `updated_at`) VALUES (155, 'ea', 46, 5, 2, 'Accusantium velit doloribus dolores vitae ut. Laborum ducimus hic a. Omnis ut nostrum et voluptas. Praesentium esse cupiditate eum qui exercitationem.', '968313', NULL, '1981-02-20 01:37:07', '1996-07-19 22:14:50');
INSERT INTO `media` (`id`, `media_name`, `user_id`, `offer_id`, `media_type_id`, `description`, `filesize`, `metadata`, `created_at`, `updated_at`) VALUES (156, 'a', 100, 2, 1, 'Laborum eligendi corrupti quis iusto. Est quas consequuntur accusamus architecto sequi ea.', '0', NULL, '1974-01-11 16:20:51', '1995-04-03 02:38:07');
INSERT INTO `media` (`id`, `media_name`, `user_id`, `offer_id`, `media_type_id`, `description`, `filesize`, `metadata`, `created_at`, `updated_at`) VALUES (157, 'aliquam', 37, 20, 1, 'Iure sed beatae animi vel qui ea quod. Non aspernatur temporibus sint ipsam laudantium atque. Minus dolorem qui molestiae dolores suscipit. Officia iusto minus quia quibusdam velit ut doloremque.', '2753715', NULL, '2016-03-29 16:07:31', '2007-11-29 00:26:55');
INSERT INTO `media` (`id`, `media_name`, `user_id`, `offer_id`, `media_type_id`, `description`, `filesize`, `metadata`, `created_at`, `updated_at`) VALUES (158, 'quae', 93, 24, 1, 'Esse ut error est blanditiis eos neque. Velit mollitia sunt et neque autem a. Quis repellat laboriosam dolor aut.', '89722955', NULL, '1997-08-12 15:06:22', '1976-06-05 08:29:22');
INSERT INTO `media` (`id`, `media_name`, `user_id`, `offer_id`, `media_type_id`, `description`, `filesize`, `metadata`, `created_at`, `updated_at`) VALUES (159, 'quae', 24, 37, 1, 'Id et reprehenderit nam ea quam et. Ipsum debitis tenetur voluptatem assumenda. Voluptas quibusdam facere incidunt voluptatem velit neque minus incidunt.', '336179705', NULL, '1997-05-16 07:48:59', '2003-10-01 18:17:14');
INSERT INTO `media` (`id`, `media_name`, `user_id`, `offer_id`, `media_type_id`, `description`, `filesize`, `metadata`, `created_at`, `updated_at`) VALUES (160, 'sit', 9, 23, 2, 'Harum nemo ratione et nesciunt. Repellendus animi dolores provident esse dolor praesentium in. Id mollitia aperiam delectus nobis autem eos harum. Laborum dolore distinctio officiis omnis aliquam consequatur quae.', '10764', NULL, '2009-02-25 12:01:14', '1976-04-23 22:07:59');
INSERT INTO `media` (`id`, `media_name`, `user_id`, `offer_id`, `media_type_id`, `description`, `filesize`, `metadata`, `created_at`, `updated_at`) VALUES (161, 'vel', 70, 39, 2, 'Inventore error nihil fuga et voluptas dicta minus. Magni error quibusdam et natus et magnam est omnis. Assumenda nihil tenetur rerum est.', '793750052', NULL, '2005-08-02 02:34:48', '2020-05-07 23:20:50');
INSERT INTO `media` (`id`, `media_name`, `user_id`, `offer_id`, `media_type_id`, `description`, `filesize`, `metadata`, `created_at`, `updated_at`) VALUES (162, 'quibusdam', 97, 47, 1, 'Neque sunt dolorum ipsum quia. Officiis ab nemo nihil id dicta sed aut. Non expedita consequuntur mollitia perspiciatis.', '0', NULL, '1987-06-02 02:10:53', '1985-03-13 03:13:32');
INSERT INTO `media` (`id`, `media_name`, `user_id`, `offer_id`, `media_type_id`, `description`, `filesize`, `metadata`, `created_at`, `updated_at`) VALUES (163, 'non', 99, 8, 2, 'Ut dolorem cupiditate natus magnam. Quidem ducimus omnis quae fugit commodi. Odit voluptas aliquid in ex laboriosam. Dolor qui aut et consequatur enim.', '595271', NULL, '2007-11-06 17:07:48', '1998-09-17 18:03:32');
INSERT INTO `media` (`id`, `media_name`, `user_id`, `offer_id`, `media_type_id`, `description`, `filesize`, `metadata`, `created_at`, `updated_at`) VALUES (164, 'et', 49, 38, 2, 'Ea voluptatum quia qui. Magnam et maxime placeat ut odit. Assumenda et vel consequatur vero doloremque libero reprehenderit. Qui tenetur corrupti et saepe velit. Quidem dolorem ducimus possimus nesciunt dolores.', '996', NULL, '2018-03-18 11:24:23', '2017-09-14 01:22:33');
INSERT INTO `media` (`id`, `media_name`, `user_id`, `offer_id`, `media_type_id`, `description`, `filesize`, `metadata`, `created_at`, `updated_at`) VALUES (165, 'molestiae', 58, 8, 1, 'Ut nesciunt non repellendus. Expedita eum quo omnis vel vel.', '9337208', NULL, '2004-06-16 17:23:45', '1973-10-25 22:16:46');
INSERT INTO `media` (`id`, `media_name`, `user_id`, `offer_id`, `media_type_id`, `description`, `filesize`, `metadata`, `created_at`, `updated_at`) VALUES (166, 'alias', 56, 38, 2, 'Ullam amet libero eius facilis ratione eum aut. Maiores omnis quia est veniam quae. Est velit et temporibus nesciunt molestiae. Deserunt id vitae et vel sequi earum voluptas.', '118923', NULL, '1998-12-17 12:54:03', '1971-07-07 06:47:05');
INSERT INTO `media` (`id`, `media_name`, `user_id`, `offer_id`, `media_type_id`, `description`, `filesize`, `metadata`, `created_at`, `updated_at`) VALUES (167, 'quia', 80, 37, 1, 'Libero dolores eos perferendis odio. Repellendus est dolorem iusto illum illo impedit. Doloribus qui quae reprehenderit voluptatibus soluta. Doloribus dolorem mollitia hic.', '260683', NULL, '2013-05-11 23:42:11', '1971-12-23 05:46:49');
INSERT INTO `media` (`id`, `media_name`, `user_id`, `offer_id`, `media_type_id`, `description`, `filesize`, `metadata`, `created_at`, `updated_at`) VALUES (168, 'repellendus', 28, 10, 1, 'Sint in esse harum quos. Veritatis quia ducimus asperiores aut animi. Qui molestias quae vero ipsum sed illum aut.', '796299', NULL, '2008-08-01 04:25:19', '2016-04-17 23:16:26');
INSERT INTO `media` (`id`, `media_name`, `user_id`, `offer_id`, `media_type_id`, `description`, `filesize`, `metadata`, `created_at`, `updated_at`) VALUES (169, 'ut', 19, 49, 1, 'Veritatis ut minus ipsa vel cumque officia rerum. Eum omnis asperiores impedit explicabo sit odit. Et at omnis qui ipsam commodi.', '9126', NULL, '2006-06-05 21:06:04', '1987-07-14 13:19:20');
INSERT INTO `media` (`id`, `media_name`, `user_id`, `offer_id`, `media_type_id`, `description`, `filesize`, `metadata`, `created_at`, `updated_at`) VALUES (170, 'ut', 20, 24, 1, 'Similique nobis qui autem est et neque nesciunt magnam. Incidunt dolorem et eaque doloremque ea ipsa dolorem. Ut tenetur explicabo a officiis vitae. Magnam laboriosam quaerat tenetur esse modi.', '524', NULL, '1990-06-29 17:29:19', '1996-06-18 23:18:55');
INSERT INTO `media` (`id`, `media_name`, `user_id`, `offer_id`, `media_type_id`, `description`, `filesize`, `metadata`, `created_at`, `updated_at`) VALUES (171, 'assumenda', 87, 43, 1, 'Atque voluptatem libero sint corporis molestias. Odio omnis quaerat unde minima eum. Officia doloremque deserunt voluptatem eum. Sit atque a error eos.', '3362247', NULL, '1978-06-03 23:22:01', '2005-06-15 19:13:34');
INSERT INTO `media` (`id`, `media_name`, `user_id`, `offer_id`, `media_type_id`, `description`, `filesize`, `metadata`, `created_at`, `updated_at`) VALUES (172, 'corrupti', 78, 31, 1, 'Sed inventore omnis molestiae aspernatur. Sed eum et deleniti eum dignissimos veritatis. Eum enim in omnis et. Excepturi rerum illo sit possimus magni.', '4', NULL, '2018-06-21 11:35:32', '2008-02-24 02:16:51');
INSERT INTO `media` (`id`, `media_name`, `user_id`, `offer_id`, `media_type_id`, `description`, `filesize`, `metadata`, `created_at`, `updated_at`) VALUES (173, 'repudiandae', 10, 46, 2, 'Tenetur modi illo nihil tempora dolore expedita possimus. Fugiat omnis voluptas voluptate iste est. Debitis fugiat sequi quia in modi.', '90319', NULL, '1990-01-22 18:30:50', '2014-02-21 20:52:45');
INSERT INTO `media` (`id`, `media_name`, `user_id`, `offer_id`, `media_type_id`, `description`, `filesize`, `metadata`, `created_at`, `updated_at`) VALUES (174, 'voluptas', 32, 7, 1, 'Quis et corrupti odio eos in quia asperiores. Voluptatem est eos alias commodi. Exercitationem omnis non voluptatum enim et quod. Tempora voluptas dolores cupiditate adipisci eaque optio.', '23078459', NULL, '2016-03-15 16:03:12', '1989-10-31 20:14:58');
INSERT INTO `media` (`id`, `media_name`, `user_id`, `offer_id`, `media_type_id`, `description`, `filesize`, `metadata`, `created_at`, `updated_at`) VALUES (175, 'quod', 89, 37, 2, 'Qui voluptate occaecati exercitationem eos qui dolorem quo autem. Qui ducimus sapiente molestiae atque temporibus. Odio officiis placeat illo omnis necessitatibus velit asperiores. Dolor tempora eos sit.', '2897458', NULL, '2008-04-29 11:43:14', '1989-11-29 22:04:12');
INSERT INTO `media` (`id`, `media_name`, `user_id`, `offer_id`, `media_type_id`, `description`, `filesize`, `metadata`, `created_at`, `updated_at`) VALUES (176, 'molestiae', 82, 50, 2, 'Fuga sit in dicta libero temporibus in eaque. Ipsum et maiores accusamus quasi eos qui nisi facere. Voluptatem doloribus ipsum deserunt delectus cumque pariatur vel.', '145501601', NULL, '1970-05-27 01:32:19', '1988-05-28 21:11:45');
INSERT INTO `media` (`id`, `media_name`, `user_id`, `offer_id`, `media_type_id`, `description`, `filesize`, `metadata`, `created_at`, `updated_at`) VALUES (177, 'quo', 98, 28, 2, 'Sint exercitationem voluptates porro facilis. Non accusantium eligendi id asperiores. Aperiam ut architecto ab quae cum ut sit. Eum neque asperiores libero molestias omnis mollitia ut et.', '1618', NULL, '2003-09-13 04:06:42', '1970-10-12 21:28:52');
INSERT INTO `media` (`id`, `media_name`, `user_id`, `offer_id`, `media_type_id`, `description`, `filesize`, `metadata`, `created_at`, `updated_at`) VALUES (178, 'autem', 67, 20, 2, 'Temporibus et beatae provident sit repudiandae ut. Veniam quaerat eos rerum doloribus qui tempora eligendi tempore. Voluptates voluptas nulla qui atque ducimus optio et quia. Eveniet et magnam vel tempora.', '226221757', NULL, '1971-05-30 01:21:42', '2004-08-28 09:30:06');
INSERT INTO `media` (`id`, `media_name`, `user_id`, `offer_id`, `media_type_id`, `description`, `filesize`, `metadata`, `created_at`, `updated_at`) VALUES (179, 'et', 56, 26, 1, 'Fugit impedit ullam vero tempora non. Ut hic quos consequatur fugiat id et incidunt. Non vitae dolorum dolores velit. Tenetur et quod aut occaecati fuga non ut.', '4010', NULL, '2012-03-30 23:21:47', '2017-12-25 15:46:46');
INSERT INTO `media` (`id`, `media_name`, `user_id`, `offer_id`, `media_type_id`, `description`, `filesize`, `metadata`, `created_at`, `updated_at`) VALUES (180, 'eveniet', 98, 20, 2, 'Aspernatur dignissimos aliquid ducimus qui facere. Est optio dicta ut dolor quidem officiis corrupti. Cumque aliquid natus aut doloribus aperiam.', '3', NULL, '2009-01-23 22:44:47', '1998-12-07 18:14:15');
INSERT INTO `media` (`id`, `media_name`, `user_id`, `offer_id`, `media_type_id`, `description`, `filesize`, `metadata`, `created_at`, `updated_at`) VALUES (181, 'voluptates', 84, 12, 1, 'Reprehenderit a non ipsam eveniet molestias molestias omnis id. Consequatur aspernatur earum perspiciatis asperiores ex distinctio iusto. Est eos quia commodi. Ut assumenda eos id fuga in voluptatibus fugiat.', '0', NULL, '2007-12-17 00:21:27', '2013-02-02 01:22:00');
INSERT INTO `media` (`id`, `media_name`, `user_id`, `offer_id`, `media_type_id`, `description`, `filesize`, `metadata`, `created_at`, `updated_at`) VALUES (182, 'at', 100, 21, 1, 'Deserunt earum consequatur dolores laudantium saepe vitae illo voluptas. Et totam saepe esse iusto velit aut. Vero aliquam sit vel.', '32126369', NULL, '1996-10-27 19:59:06', '1987-10-22 23:15:01');
INSERT INTO `media` (`id`, `media_name`, `user_id`, `offer_id`, `media_type_id`, `description`, `filesize`, `metadata`, `created_at`, `updated_at`) VALUES (183, 'error', 1, 41, 1, 'Voluptas occaecati modi quis veniam nam officiis consequatur. Nemo eum vel eveniet aut accusantium. Itaque est et aut rerum.', '5881033', NULL, '2017-05-21 21:38:41', '2000-07-19 14:40:44');
INSERT INTO `media` (`id`, `media_name`, `user_id`, `offer_id`, `media_type_id`, `description`, `filesize`, `metadata`, `created_at`, `updated_at`) VALUES (184, 'alias', 18, 37, 1, 'Et nihil impedit et sit. Corporis nisi vel suscipit ullam. Provident exercitationem voluptas pariatur eum sapiente molestiae repudiandae.', '648', NULL, '1975-10-21 13:11:22', '1993-11-04 09:05:53');
INSERT INTO `media` (`id`, `media_name`, `user_id`, `offer_id`, `media_type_id`, `description`, `filesize`, `metadata`, `created_at`, `updated_at`) VALUES (185, 'ea', 51, 46, 2, 'Quidem ullam ipsam autem consequatur a itaque. Quidem maxime reiciendis ut aliquam. Omnis voluptatibus incidunt voluptas quia. Vero quia magnam fuga est.', '3351770', NULL, '1978-03-08 10:26:14', '2017-11-09 12:00:47');
INSERT INTO `media` (`id`, `media_name`, `user_id`, `offer_id`, `media_type_id`, `description`, `filesize`, `metadata`, `created_at`, `updated_at`) VALUES (186, 'similique', 43, 31, 1, 'Voluptates voluptatibus fugiat laboriosam deserunt minus. Non molestiae ipsum et iste suscipit. Odit hic quis voluptas voluptatem aut debitis iste illo.', '157', NULL, '2017-04-16 13:01:05', '2010-05-02 22:18:30');
INSERT INTO `media` (`id`, `media_name`, `user_id`, `offer_id`, `media_type_id`, `description`, `filesize`, `metadata`, `created_at`, `updated_at`) VALUES (187, 'cum', 49, 12, 1, 'Aut et vero deleniti. Quia vel dicta odio necessitatibus dolorem necessitatibus perspiciatis. Occaecati qui illo tempora rem quo illum. Necessitatibus voluptas aliquid ducimus alias beatae. Est quas corporis blanditiis architecto labore ullam.', '75', NULL, '1993-02-10 07:33:05', '1993-09-30 02:39:11');
INSERT INTO `media` (`id`, `media_name`, `user_id`, `offer_id`, `media_type_id`, `description`, `filesize`, `metadata`, `created_at`, `updated_at`) VALUES (188, 'minus', 30, 31, 1, 'Amet numquam aliquid qui rerum esse sint nam id. Similique quidem non suscipit unde quia est. Debitis ut sit magnam non. Natus doloribus dolorem animi error saepe.', '3430', NULL, '1989-02-01 15:10:01', '1996-02-20 03:01:18');
INSERT INTO `media` (`id`, `media_name`, `user_id`, `offer_id`, `media_type_id`, `description`, `filesize`, `metadata`, `created_at`, `updated_at`) VALUES (189, 'deleniti', 26, 20, 2, 'Ipsam perspiciatis aut earum. Ab et rem inventore laudantium et. Aut porro cupiditate commodi aut et dolores. Assumenda quos voluptate voluptatem sit.', '87669', NULL, '2003-07-17 19:11:58', '1979-06-23 20:20:46');
INSERT INTO `media` (`id`, `media_name`, `user_id`, `offer_id`, `media_type_id`, `description`, `filesize`, `metadata`, `created_at`, `updated_at`) VALUES (190, 'voluptatem', 11, 48, 2, 'Non aliquid aut quidem rerum sed. Et et omnis vel.', '93', NULL, '1986-02-18 11:52:26', '2008-05-28 09:50:10');
INSERT INTO `media` (`id`, `media_name`, `user_id`, `offer_id`, `media_type_id`, `description`, `filesize`, `metadata`, `created_at`, `updated_at`) VALUES (191, 'sint', 41, 16, 2, 'Saepe voluptatem ea unde dignissimos. Sunt et omnis veritatis sint qui. Velit eos non eius qui rerum non.', '50', NULL, '1971-06-22 03:36:04', '1988-03-14 08:41:20');
INSERT INTO `media` (`id`, `media_name`, `user_id`, `offer_id`, `media_type_id`, `description`, `filesize`, `metadata`, `created_at`, `updated_at`) VALUES (192, 'maiores', 44, 9, 1, 'Eum occaecati voluptatem aperiam quis. Sed quae sint aut laborum. Eius blanditiis maiores adipisci officia assumenda. Repellat iste asperiores dicta ut omnis placeat autem quia.', '0', NULL, '2004-03-14 17:05:15', '1995-03-31 04:42:03');
INSERT INTO `media` (`id`, `media_name`, `user_id`, `offer_id`, `media_type_id`, `description`, `filesize`, `metadata`, `created_at`, `updated_at`) VALUES (193, 'sunt', 3, 20, 2, 'Voluptatem vel et nemo est et sed voluptate dolor. Tenetur iusto vero voluptas ut eius provident aut a. Ut exercitationem corporis est quisquam aut. Id quae ab aliquam illo consectetur ut.', '91', NULL, '1997-11-08 15:31:04', '1978-05-19 14:17:05');
INSERT INTO `media` (`id`, `media_name`, `user_id`, `offer_id`, `media_type_id`, `description`, `filesize`, `metadata`, `created_at`, `updated_at`) VALUES (194, 'laboriosam', 31, 47, 2, 'Aperiam dolore sed dolorum quam. Hic natus molestiae corporis aperiam modi quia.', '5', NULL, '2015-01-12 13:48:35', '1971-04-29 09:41:49');
INSERT INTO `media` (`id`, `media_name`, `user_id`, `offer_id`, `media_type_id`, `description`, `filesize`, `metadata`, `created_at`, `updated_at`) VALUES (195, 'aut', 1, 37, 1, 'Illo veritatis temporibus dolor quidem cum rerum. Laudantium doloremque veritatis blanditiis qui delectus dignissimos deserunt. Nobis quaerat placeat tempore quaerat ea veritatis animi. Aut occaecati dicta voluptatem in quis eaque laboriosam. Quam sunt dolor non consequatur.', '8774', NULL, '1976-09-05 22:43:21', '2010-08-26 10:29:49');
INSERT INTO `media` (`id`, `media_name`, `user_id`, `offer_id`, `media_type_id`, `description`, `filesize`, `metadata`, `created_at`, `updated_at`) VALUES (196, 'et', 78, 27, 1, 'Repellendus esse perspiciatis repudiandae in aliquam impedit. Dolorem odio provident sed rem accusantium nulla. Repellat a sunt soluta expedita dolor quae. Dolorum ullam velit quos magni et quae.', '306295', NULL, '1999-07-04 08:06:33', '1989-10-31 21:51:58');
INSERT INTO `media` (`id`, `media_name`, `user_id`, `offer_id`, `media_type_id`, `description`, `filesize`, `metadata`, `created_at`, `updated_at`) VALUES (197, 'molestias', 58, 26, 2, 'Optio dolores rerum blanditiis. Eum excepturi quibusdam qui excepturi impedit. Sit et vero id ullam. Ratione minus et earum aut. Sint laborum ut qui totam quas et.', '31', NULL, '2014-11-21 09:52:45', '2015-10-17 17:39:30');
INSERT INTO `media` (`id`, `media_name`, `user_id`, `offer_id`, `media_type_id`, `description`, `filesize`, `metadata`, `created_at`, `updated_at`) VALUES (198, 'mollitia', 91, 27, 1, 'Consequuntur et blanditiis quod a ea quis. Ut dolores voluptate ex fuga velit. Hic eum quasi sit qui.', '924951175', NULL, '1999-01-08 00:37:28', '1989-04-27 02:05:59');
INSERT INTO `media` (`id`, `media_name`, `user_id`, `offer_id`, `media_type_id`, `description`, `filesize`, `metadata`, `created_at`, `updated_at`) VALUES (199, 'eum', 85, 9, 2, 'Ratione et illo cumque maiores nobis fuga iusto. Aut quia nulla cumque voluptatum reprehenderit aut. Placeat necessitatibus necessitatibus aut sequi et culpa.', '591544328', NULL, '1981-06-11 10:11:47', '2008-06-26 02:43:15');
INSERT INTO `media` (`id`, `media_name`, `user_id`, `offer_id`, `media_type_id`, `description`, `filesize`, `metadata`, `created_at`, `updated_at`) VALUES (200, 'voluptatem', 41, 28, 2, 'Sunt quo quam dignissimos quas ipsum molestiae sequi omnis. Recusandae deserunt soluta ut saepe incidunt. Nesciunt magnam consequuntur voluptatem itaque non. Perferendis aut voluptatem placeat animi.', '5', NULL, '2017-07-07 10:10:28', '2020-12-23 03:06:12');
INSERT INTO `media` (`id`, `media_name`, `user_id`, `offer_id`, `media_type_id`, `description`, `filesize`, `metadata`, `created_at`, `updated_at`) VALUES (201, 'numquam', 19, 12, 2, 'Dolorem molestiae commodi quibusdam facere quis ut dolor. Consequatur alias ab ut nihil sit necessitatibus. Iusto autem nam eos maiores ullam.', '30041', NULL, '1990-08-11 05:45:31', '1986-12-27 16:18:59');
INSERT INTO `media` (`id`, `media_name`, `user_id`, `offer_id`, `media_type_id`, `description`, `filesize`, `metadata`, `created_at`, `updated_at`) VALUES (202, 'culpa', 67, 8, 2, 'Optio esse libero voluptatem accusamus autem quidem totam libero. Soluta cum qui expedita qui dolor consequatur. Eaque et dignissimos ipsum consequatur. Delectus qui voluptatem dolore voluptatum ea nostrum.', '359808816', NULL, '2017-02-25 19:17:18', '2002-07-25 08:25:21');
INSERT INTO `media` (`id`, `media_name`, `user_id`, `offer_id`, `media_type_id`, `description`, `filesize`, `metadata`, `created_at`, `updated_at`) VALUES (203, 'illo', 89, 4, 1, 'Officia minima tempora a. Excepturi voluptas in corrupti repudiandae enim. Voluptatum excepturi harum quia velit eos vel. Eos dolorem explicabo quis quia doloremque nam illum et. Autem optio sit ducimus quo.', '2977924', NULL, '1972-06-02 14:19:03', '1992-07-08 07:13:46');
INSERT INTO `media` (`id`, `media_name`, `user_id`, `offer_id`, `media_type_id`, `description`, `filesize`, `metadata`, `created_at`, `updated_at`) VALUES (204, 'consequuntur', 77, 8, 2, 'Eos autem sit ex odit impedit. Nam nisi voluptas aut necessitatibus ad. Harum laudantium perferendis sunt. Nesciunt consequatur suscipit illo sit recusandae suscipit corporis ullam.', '757', NULL, '2005-06-14 02:03:36', '2007-06-28 07:40:50');
INSERT INTO `media` (`id`, `media_name`, `user_id`, `offer_id`, `media_type_id`, `description`, `filesize`, `metadata`, `created_at`, `updated_at`) VALUES (205, 'velit', 80, 15, 1, 'Hic nesciunt quidem possimus eius quia saepe nemo libero. Asperiores voluptatem minima commodi modi maxime commodi. Natus dolores tempore iusto corporis magni possimus perspiciatis aspernatur. Sunt qui rem est.', '92478711', NULL, '1988-01-01 13:23:03', '2003-10-22 20:48:38');
INSERT INTO `media` (`id`, `media_name`, `user_id`, `offer_id`, `media_type_id`, `description`, `filesize`, `metadata`, `created_at`, `updated_at`) VALUES (206, 'perspiciatis', 35, 6, 2, 'Delectus ut voluptatem mollitia doloremque necessitatibus. Totam nostrum pariatur ipsum inventore quisquam. Autem ea sit dignissimos explicabo beatae qui. Dolorem numquam consequatur nam ut maxime.', '1', NULL, '2007-03-24 15:45:32', '2015-11-28 20:06:23');
INSERT INTO `media` (`id`, `media_name`, `user_id`, `offer_id`, `media_type_id`, `description`, `filesize`, `metadata`, `created_at`, `updated_at`) VALUES (207, 'voluptates', 52, 41, 2, 'Molestias sed dolores dolores quos corporis provident possimus. Fugiat quas natus odio eos enim.', '7305014', NULL, '2017-05-09 05:21:46', '2011-02-09 22:16:11');
INSERT INTO `media` (`id`, `media_name`, `user_id`, `offer_id`, `media_type_id`, `description`, `filesize`, `metadata`, `created_at`, `updated_at`) VALUES (208, 'excepturi', 39, 39, 2, 'Temporibus quaerat repellat reprehenderit repellat reprehenderit suscipit. Accusantium ut ullam accusamus tempore aut. Quia maiores molestiae id unde blanditiis. Doloremque commodi necessitatibus rerum sed velit.', '0', NULL, '2002-03-14 14:45:17', '2017-06-25 16:18:46');
INSERT INTO `media` (`id`, `media_name`, `user_id`, `offer_id`, `media_type_id`, `description`, `filesize`, `metadata`, `created_at`, `updated_at`) VALUES (209, 'corrupti', 51, 38, 2, 'Sapiente autem corrupti dicta. Hic veritatis beatae culpa incidunt sint est laboriosam. Debitis consectetur omnis sed accusantium corporis.', '66400', NULL, '1977-03-23 01:30:07', '2008-01-27 04:37:27');
INSERT INTO `media` (`id`, `media_name`, `user_id`, `offer_id`, `media_type_id`, `description`, `filesize`, `metadata`, `created_at`, `updated_at`) VALUES (210, 'quos', 68, 29, 1, 'Amet dolore itaque et sed. Non voluptate eius inventore quis repellendus vel necessitatibus. Nisi excepturi qui vel veniam.', '7218', NULL, '1995-09-15 15:41:18', '2009-02-22 03:36:46');
INSERT INTO `media` (`id`, `media_name`, `user_id`, `offer_id`, `media_type_id`, `description`, `filesize`, `metadata`, `created_at`, `updated_at`) VALUES (211, 'natus', 27, 29, 1, 'Accusamus esse enim sed ipsa. Voluptas voluptatem deleniti doloremque occaecati ut. Dolores illo magnam autem sapiente qui culpa.', '785', NULL, '1991-01-16 17:21:52', '2003-07-15 21:41:00');
INSERT INTO `media` (`id`, `media_name`, `user_id`, `offer_id`, `media_type_id`, `description`, `filesize`, `metadata`, `created_at`, `updated_at`) VALUES (212, 'nisi', 81, 31, 1, 'Odio facilis qui non autem harum qui. Dolorum tempora laboriosam occaecati. Non nihil eveniet delectus necessitatibus numquam numquam at qui. Cumque qui deserunt id et eligendi natus.', '914727', NULL, '2013-07-25 11:02:59', '1982-03-01 00:14:59');
INSERT INTO `media` (`id`, `media_name`, `user_id`, `offer_id`, `media_type_id`, `description`, `filesize`, `metadata`, `created_at`, `updated_at`) VALUES (213, 'molestiae', 53, 42, 2, 'Accusantium eos quas quos eum totam rerum cumque. Quis amet optio dignissimos reiciendis fuga tempore.', '93', NULL, '2003-10-04 23:47:34', '1987-10-13 03:56:29');
INSERT INTO `media` (`id`, `media_name`, `user_id`, `offer_id`, `media_type_id`, `description`, `filesize`, `metadata`, `created_at`, `updated_at`) VALUES (214, 'non', 80, 18, 2, 'Voluptas exercitationem omnis dolorem quia. Sed recusandae voluptas est. Nam ut eveniet omnis nobis ab.', '198004756', NULL, '2013-02-28 07:01:22', '2001-03-29 20:13:03');
INSERT INTO `media` (`id`, `media_name`, `user_id`, `offer_id`, `media_type_id`, `description`, `filesize`, `metadata`, `created_at`, `updated_at`) VALUES (215, 'itaque', 70, 13, 2, 'Labore atque perspiciatis facilis totam. Alias enim doloremque dolorem architecto molestias. Dignissimos adipisci sit inventore sunt.', '8', NULL, '1979-09-08 06:43:22', '1996-09-22 21:01:36');
INSERT INTO `media` (`id`, `media_name`, `user_id`, `offer_id`, `media_type_id`, `description`, `filesize`, `metadata`, `created_at`, `updated_at`) VALUES (216, 'nihil', 92, 36, 2, 'Dolor saepe sint rerum maiores quos. Ut non ratione itaque tempore.', '90', NULL, '1991-07-12 20:37:43', '2005-03-11 22:11:37');
INSERT INTO `media` (`id`, `media_name`, `user_id`, `offer_id`, `media_type_id`, `description`, `filesize`, `metadata`, `created_at`, `updated_at`) VALUES (217, 'id', 63, 35, 1, 'Omnis iure et iure dolor voluptatem. Voluptatem accusamus aut dolore distinctio. Quia perferendis laboriosam est. Ducimus omnis reiciendis eos laboriosam blanditiis rerum.', '0', NULL, '2012-04-17 08:04:58', '1974-02-10 01:31:10');
INSERT INTO `media` (`id`, `media_name`, `user_id`, `offer_id`, `media_type_id`, `description`, `filesize`, `metadata`, `created_at`, `updated_at`) VALUES (218, 'id', 93, 38, 2, 'Velit voluptatum voluptas ipsa non aut. Quibusdam possimus sed doloribus rerum cupiditate quo accusamus. Iure facilis praesentium nam et velit. Et libero quidem ratione enim autem.', '510', NULL, '1986-05-05 08:45:46', '1997-02-09 05:53:45');
INSERT INTO `media` (`id`, `media_name`, `user_id`, `offer_id`, `media_type_id`, `description`, `filesize`, `metadata`, `created_at`, `updated_at`) VALUES (219, 'quam', 37, 20, 2, 'Magni qui et quia quibusdam. Nisi et in quod et id blanditiis. Voluptas placeat suscipit eum aut quo quis. Aut ipsam cumque est dicta nihil cupiditate asperiores.', '960952', NULL, '2008-06-02 05:34:01', '1975-07-26 15:35:59');
INSERT INTO `media` (`id`, `media_name`, `user_id`, `offer_id`, `media_type_id`, `description`, `filesize`, `metadata`, `created_at`, `updated_at`) VALUES (220, 'ipsam', 72, 27, 2, 'Accusamus quidem nulla distinctio incidunt. Qui delectus reprehenderit voluptatem facilis eaque ut. Dolore quia laborum quaerat doloremque vero aliquid. Sunt eaque aut itaque temporibus illo accusamus.', '3', NULL, '1973-07-14 23:06:01', '1974-02-20 08:20:50');
INSERT INTO `media` (`id`, `media_name`, `user_id`, `offer_id`, `media_type_id`, `description`, `filesize`, `metadata`, `created_at`, `updated_at`) VALUES (221, 'architecto', 67, 14, 2, 'Eum deserunt ea omnis asperiores eius. Veritatis error explicabo ipsam expedita. Id labore autem voluptate velit odit.', '560', NULL, '2016-01-04 22:13:07', '2008-04-22 23:44:10');
INSERT INTO `media` (`id`, `media_name`, `user_id`, `offer_id`, `media_type_id`, `description`, `filesize`, `metadata`, `created_at`, `updated_at`) VALUES (222, 'fugit', 100, 12, 2, 'Qui quia velit sequi officiis. Velit in temporibus autem illum nam est eligendi. Et libero est ex fuga eos ut. Fugiat repellendus est mollitia similique.', '1351', NULL, '1977-07-15 14:50:34', '1983-04-27 13:56:19');
INSERT INTO `media` (`id`, `media_name`, `user_id`, `offer_id`, `media_type_id`, `description`, `filesize`, `metadata`, `created_at`, `updated_at`) VALUES (223, 'illo', 50, 25, 2, 'Quo exercitationem culpa voluptatum sit officiis qui. Nihil in minima ex quia dolore quos. Assumenda reprehenderit adipisci quisquam nam ut. Ex asperiores quisquam eos excepturi. Et distinctio fugiat eum voluptas ea.', '3544', NULL, '1988-10-26 15:09:46', '2008-12-15 06:16:24');
INSERT INTO `media` (`id`, `media_name`, `user_id`, `offer_id`, `media_type_id`, `description`, `filesize`, `metadata`, `created_at`, `updated_at`) VALUES (224, 'velit', 43, 1, 1, 'Et non ut consequatur corporis non occaecati. Optio aut sunt eos ad. Qui magni sequi sed odit. Vel aut accusamus sunt repellat quia corrupti placeat.', '71867307', NULL, '1991-01-20 07:33:18', '2007-02-24 05:04:48');
INSERT INTO `media` (`id`, `media_name`, `user_id`, `offer_id`, `media_type_id`, `description`, `filesize`, `metadata`, `created_at`, `updated_at`) VALUES (225, 'eveniet', 72, 36, 2, 'Ut aliquam et repudiandae exercitationem. Vitae assumenda ullam expedita dolores dolor ex. Sed aut vel id qui dicta minus non. Nobis deleniti voluptatem nobis in rerum.', '8568', NULL, '1991-06-20 17:56:50', '2004-12-12 18:27:13');
INSERT INTO `media` (`id`, `media_name`, `user_id`, `offer_id`, `media_type_id`, `description`, `filesize`, `metadata`, `created_at`, `updated_at`) VALUES (226, 'consequatur', 57, 47, 1, 'Non qui deleniti modi consequuntur voluptas. Et sunt iste sed assumenda.', '331', NULL, '1983-11-07 16:28:17', '1972-07-11 22:41:44');
INSERT INTO `media` (`id`, `media_name`, `user_id`, `offer_id`, `media_type_id`, `description`, `filesize`, `metadata`, `created_at`, `updated_at`) VALUES (227, 'pariatur', 29, 20, 2, 'Ut neque et fugit et deserunt. Et hic impedit et ut doloremque. Perspiciatis est mollitia facere excepturi.', '975', NULL, '2018-10-08 09:22:46', '2012-02-11 09:13:43');
INSERT INTO `media` (`id`, `media_name`, `user_id`, `offer_id`, `media_type_id`, `description`, `filesize`, `metadata`, `created_at`, `updated_at`) VALUES (228, 'officiis', 90, 35, 2, 'Placeat et autem non quod nobis voluptatibus rerum. Repellendus saepe sunt omnis corporis et est. Ea nisi magnam eos placeat atque tempore consequatur impedit. Sunt accusamus ut odio maxime.', '553185', NULL, '2020-12-27 05:00:40', '1990-03-12 21:17:16');
INSERT INTO `media` (`id`, `media_name`, `user_id`, `offer_id`, `media_type_id`, `description`, `filesize`, `metadata`, `created_at`, `updated_at`) VALUES (229, 'aut', 15, 1, 2, 'Similique corporis repellat est est. Laboriosam mollitia deserunt ducimus omnis veniam aliquam nam. Praesentium soluta dolore architecto reiciendis velit.', '8304', NULL, '1991-09-07 17:53:05', '1973-06-27 14:40:45');
INSERT INTO `media` (`id`, `media_name`, `user_id`, `offer_id`, `media_type_id`, `description`, `filesize`, `metadata`, `created_at`, `updated_at`) VALUES (230, 'et', 8, 50, 1, 'Facere cupiditate eum quaerat aliquam dolores quia. Reprehenderit quam id voluptatem est ut natus. Sunt enim mollitia culpa dolorem.', '7', NULL, '1998-11-03 21:25:29', '1970-01-27 17:30:01');
INSERT INTO `media` (`id`, `media_name`, `user_id`, `offer_id`, `media_type_id`, `description`, `filesize`, `metadata`, `created_at`, `updated_at`) VALUES (231, 'officia', 4, 31, 2, 'Dolor cupiditate consequatur vitae quam ut. Et voluptatem voluptatem error libero iusto consectetur ad aut. Dignissimos debitis nemo quas magni sit ut autem. Ex doloremque veritatis explicabo.', '0', NULL, '1986-02-20 20:21:00', '2008-03-27 17:10:37');
INSERT INTO `media` (`id`, `media_name`, `user_id`, `offer_id`, `media_type_id`, `description`, `filesize`, `metadata`, `created_at`, `updated_at`) VALUES (232, 'exercitationem', 14, 4, 1, 'At necessitatibus eos est est. Explicabo voluptatem reiciendis ullam consequatur. Sint voluptatem aut nam voluptas quas ut. Molestiae nihil porro ullam iusto. Dolore ab consequuntur quia inventore.', '20154', NULL, '1987-09-10 03:39:24', '1989-04-30 23:01:07');
INSERT INTO `media` (`id`, `media_name`, `user_id`, `offer_id`, `media_type_id`, `description`, `filesize`, `metadata`, `created_at`, `updated_at`) VALUES (233, 'eligendi', 87, 40, 1, 'At ut sed nostrum quaerat beatae quis libero blanditiis. Deserunt explicabo ut velit repellat. Ipsa unde ut labore et omnis recusandae assumenda consectetur. Cumque ut cumque ipsum laudantium.', '2', NULL, '1971-04-05 05:54:40', '1985-07-10 18:56:27');
INSERT INTO `media` (`id`, `media_name`, `user_id`, `offer_id`, `media_type_id`, `description`, `filesize`, `metadata`, `created_at`, `updated_at`) VALUES (234, 'hic', 25, 3, 2, 'Vel vero adipisci consequatur beatae rerum provident atque. Voluptatem sunt vero sit excepturi earum aperiam expedita et. Unde porro laborum dolores reprehenderit.', '3', NULL, '1978-07-06 02:18:23', '2019-10-30 13:58:09');
INSERT INTO `media` (`id`, `media_name`, `user_id`, `offer_id`, `media_type_id`, `description`, `filesize`, `metadata`, `created_at`, `updated_at`) VALUES (235, 'voluptates', 97, 19, 2, 'Provident minima commodi excepturi sit neque explicabo. Consequatur asperiores perspiciatis molestiae id sit est. Rem eius soluta provident est. Assumenda quo eos error aperiam.', '15054880', NULL, '1970-02-10 03:07:33', '2007-06-25 20:48:56');
INSERT INTO `media` (`id`, `media_name`, `user_id`, `offer_id`, `media_type_id`, `description`, `filesize`, `metadata`, `created_at`, `updated_at`) VALUES (236, 'qui', 96, 35, 1, 'Quasi dolor ut ratione incidunt nemo autem alias sunt. Suscipit aut qui in sed. Et voluptates voluptate dolorem ea esse inventore iste quis. Ad unde vitae enim cumque corporis quis quod eveniet.', '7', NULL, '1998-01-23 03:00:10', '2014-02-25 15:32:28');
INSERT INTO `media` (`id`, `media_name`, `user_id`, `offer_id`, `media_type_id`, `description`, `filesize`, `metadata`, `created_at`, `updated_at`) VALUES (237, 'voluptatum', 19, 42, 2, 'Asperiores qui pariatur dicta nihil magnam. Est laboriosam voluptatem aut necessitatibus asperiores veritatis exercitationem occaecati. Quam a distinctio ut velit cumque qui.', '5', NULL, '1982-08-11 01:29:47', '1981-09-20 01:17:03');
INSERT INTO `media` (`id`, `media_name`, `user_id`, `offer_id`, `media_type_id`, `description`, `filesize`, `metadata`, `created_at`, `updated_at`) VALUES (238, 'dolor', 81, 33, 1, 'Et omnis dolores maxime quae ad qui explicabo. Dolor quasi dolor aliquam minus libero nesciunt. Tempora atque atque voluptatem dolores. Nobis dolor molestias omnis aliquam saepe optio reprehenderit.', '37643', NULL, '2003-05-01 14:39:25', '1983-11-02 14:36:57');
INSERT INTO `media` (`id`, `media_name`, `user_id`, `offer_id`, `media_type_id`, `description`, `filesize`, `metadata`, `created_at`, `updated_at`) VALUES (239, 'reiciendis', 48, 44, 1, 'Eveniet excepturi voluptas eligendi quae. Ducimus modi aperiam dolorem excepturi quisquam optio quibusdam totam. Dolor accusamus rerum dolore dolorum incidunt tempora reprehenderit numquam. Molestias aliquid laborum illo officiis.', '1', NULL, '2008-05-18 19:07:47', '2010-11-01 22:15:47');
INSERT INTO `media` (`id`, `media_name`, `user_id`, `offer_id`, `media_type_id`, `description`, `filesize`, `metadata`, `created_at`, `updated_at`) VALUES (240, 'aut', 16, 19, 1, 'Doloribus consequuntur odit voluptatum numquam. Optio totam et numquam molestias impedit ipsum vel atque. Voluptas magni hic sapiente et unde. Modi qui maiores voluptas voluptatum et est delectus.', '49747', NULL, '1978-10-04 20:57:53', '2003-07-12 11:31:35');
INSERT INTO `media` (`id`, `media_name`, `user_id`, `offer_id`, `media_type_id`, `description`, `filesize`, `metadata`, `created_at`, `updated_at`) VALUES (241, 'molestiae', 51, 48, 2, 'Voluptate accusamus quia consequuntur enim expedita maxime voluptas. Voluptatum architecto voluptas esse expedita omnis nam. Sint sed numquam nihil nam quas dolorem.', '86437', NULL, '2002-06-19 17:45:19', '1979-11-07 23:09:04');
INSERT INTO `media` (`id`, `media_name`, `user_id`, `offer_id`, `media_type_id`, `description`, `filesize`, `metadata`, `created_at`, `updated_at`) VALUES (242, 'saepe', 70, 30, 2, 'Et omnis dignissimos velit alias sed aut. Rerum et libero harum tenetur qui vel veniam. Quis laborum dicta ea distinctio ex quo repudiandae.', '90318', NULL, '1978-02-25 11:38:14', '2020-10-16 12:11:40');
INSERT INTO `media` (`id`, `media_name`, `user_id`, `offer_id`, `media_type_id`, `description`, `filesize`, `metadata`, `created_at`, `updated_at`) VALUES (243, 'sit', 7, 24, 1, 'Mollitia repudiandae quis delectus ipsa culpa. Quo velit veritatis nihil nesciunt non id in. Minima esse laborum qui eos et earum sit. In omnis nulla eligendi aut tempore laudantium.', '2850900', NULL, '1971-03-05 14:58:23', '2002-10-18 11:47:10');
INSERT INTO `media` (`id`, `media_name`, `user_id`, `offer_id`, `media_type_id`, `description`, `filesize`, `metadata`, `created_at`, `updated_at`) VALUES (244, 'occaecati', 65, 35, 1, 'Reprehenderit doloremque placeat quae distinctio. Placeat recusandae animi voluptas consectetur. Natus occaecati voluptatem velit aut esse.', '5790', NULL, '1981-01-20 06:15:23', '1986-11-11 11:10:51');
INSERT INTO `media` (`id`, `media_name`, `user_id`, `offer_id`, `media_type_id`, `description`, `filesize`, `metadata`, `created_at`, `updated_at`) VALUES (245, 'est', 1, 27, 1, 'Non sed qui sunt et dolore. Est corrupti maiores alias dolorum. Molestiae corporis omnis molestiae molestias.', '5', NULL, '1988-12-12 08:32:59', '1986-02-02 05:58:57');
INSERT INTO `media` (`id`, `media_name`, `user_id`, `offer_id`, `media_type_id`, `description`, `filesize`, `metadata`, `created_at`, `updated_at`) VALUES (246, 'cupiditate', 89, 33, 2, 'Qui nobis aut omnis aperiam. Nihil quae sed atque quisquam natus illo pariatur. Qui voluptatem id repellendus laborum.', '9537', NULL, '1997-01-18 21:39:55', '1979-12-04 01:56:58');
INSERT INTO `media` (`id`, `media_name`, `user_id`, `offer_id`, `media_type_id`, `description`, `filesize`, `metadata`, `created_at`, `updated_at`) VALUES (247, 'voluptatum', 62, 25, 1, 'Ut ut illo recusandae aliquam sit id cum occaecati. Dolores non accusantium amet praesentium asperiores.', '6371', NULL, '1976-03-09 13:24:26', '2009-08-19 00:38:06');
INSERT INTO `media` (`id`, `media_name`, `user_id`, `offer_id`, `media_type_id`, `description`, `filesize`, `metadata`, `created_at`, `updated_at`) VALUES (248, 'ut', 57, 30, 1, 'Atque repellat voluptate officia quia fuga ipsa. Necessitatibus nihil aut minus dicta. Incidunt fugit soluta esse est.', '0', NULL, '1985-05-28 19:17:19', '1972-11-28 12:37:22');
INSERT INTO `media` (`id`, `media_name`, `user_id`, `offer_id`, `media_type_id`, `description`, `filesize`, `metadata`, `created_at`, `updated_at`) VALUES (249, 'voluptatem', 6, 13, 1, 'Est aspernatur quos reprehenderit vel. Expedita deleniti explicabo aut est debitis. Aut molestiae nihil unde. Nam quis facilis molestiae hic non et qui.', '752', NULL, '1984-08-18 02:58:11', '1991-11-22 02:25:54');
INSERT INTO `media` (`id`, `media_name`, `user_id`, `offer_id`, `media_type_id`, `description`, `filesize`, `metadata`, `created_at`, `updated_at`) VALUES (250, 'cum', 49, 2, 2, 'Facilis corporis vel quo est sunt. Quam ducimus ut esse aspernatur placeat eveniet dolores. Ducimus iure qui iusto doloremque non odio. Qui sint dolor impedit quasi nesciunt voluptas.', '98', NULL, '1985-03-17 19:22:28', '1999-03-03 16:23:51');
INSERT INTO `media` (`id`, `media_name`, `user_id`, `offer_id`, `media_type_id`, `description`, `filesize`, `metadata`, `created_at`, `updated_at`) VALUES (251, 'id', 66, 20, 2, 'Ut ipsa ipsam dolores. Et expedita placeat quia aspernatur. Vel qui ipsum alias quisquam voluptatem possimus.', '8848556', NULL, '1993-01-31 16:06:01', '2006-01-04 02:41:43');
INSERT INTO `media` (`id`, `media_name`, `user_id`, `offer_id`, `media_type_id`, `description`, `filesize`, `metadata`, `created_at`, `updated_at`) VALUES (252, 'eius', 90, 44, 2, 'Aperiam et vel ex earum rem unde dolores. Voluptatem rerum est exercitationem. Perspiciatis qui numquam et quo perspiciatis dolorem vel.', '54404728', NULL, '1978-09-29 23:02:22', '2021-03-16 11:11:47');
INSERT INTO `media` (`id`, `media_name`, `user_id`, `offer_id`, `media_type_id`, `description`, `filesize`, `metadata`, `created_at`, `updated_at`) VALUES (253, 'aliquam', 90, 13, 2, 'Sint porro commodi magni et vel. Eos quibusdam voluptas quis consequatur asperiores dolorem ipsam incidunt. Sit ut in ab qui. Quas enim tempore a. Tempora nam ea excepturi est.', '30202561', NULL, '1999-03-02 20:11:30', '1996-10-14 00:51:06');
INSERT INTO `media` (`id`, `media_name`, `user_id`, `offer_id`, `media_type_id`, `description`, `filesize`, `metadata`, `created_at`, `updated_at`) VALUES (254, 'id', 42, 48, 2, 'Ipsum aut illum eum qui tenetur earum culpa. Similique quo corporis deleniti eligendi. Est necessitatibus minima placeat qui consequatur sunt. Eos ut distinctio eum qui doloribus beatae. Quo aut rerum cumque similique.', '878042314', NULL, '1974-03-20 06:42:27', '2010-12-12 14:50:28');
INSERT INTO `media` (`id`, `media_name`, `user_id`, `offer_id`, `media_type_id`, `description`, `filesize`, `metadata`, `created_at`, `updated_at`) VALUES (255, 'ab', 19, 23, 2, 'Est ipsam eveniet tempore nemo. Ipsam ab laudantium voluptatem sunt. Ducimus necessitatibus officia maxime dolor enim hic at. Et eum ut id a dolorem omnis.', '1', NULL, '2001-09-27 17:03:54', '1989-04-10 08:12:45');
INSERT INTO `media` (`id`, `media_name`, `user_id`, `offer_id`, `media_type_id`, `description`, `filesize`, `metadata`, `created_at`, `updated_at`) VALUES (256, 'aut', 68, 7, 2, 'Nisi omnis blanditiis explicabo consequuntur natus. Totam facilis incidunt sapiente exercitationem quis est. Delectus voluptas esse tempore dolor.', '23241073', NULL, '2013-04-27 19:47:44', '2003-06-05 15:00:04');
INSERT INTO `media` (`id`, `media_name`, `user_id`, `offer_id`, `media_type_id`, `description`, `filesize`, `metadata`, `created_at`, `updated_at`) VALUES (257, 'sint', 84, 12, 2, 'Nemo et animi eveniet aliquid debitis. Totam ducimus perferendis et qui. Sed eos voluptates aliquam odio quo enim qui non.', '45388659', NULL, '1990-08-24 12:43:58', '2003-08-21 16:35:04');
INSERT INTO `media` (`id`, `media_name`, `user_id`, `offer_id`, `media_type_id`, `description`, `filesize`, `metadata`, `created_at`, `updated_at`) VALUES (258, 'ullam', 47, 25, 2, 'Quae ratione ut ullam et aut eaque. Sed itaque maxime porro expedita aut qui. Veniam voluptas quibusdam voluptatem et accusamus.', '250', NULL, '2005-06-04 20:41:59', '2000-06-01 19:33:05');
INSERT INTO `media` (`id`, `media_name`, `user_id`, `offer_id`, `media_type_id`, `description`, `filesize`, `metadata`, `created_at`, `updated_at`) VALUES (259, 'eius', 76, 27, 2, 'Ea labore omnis dolor quia quia sunt omnis voluptatem. Aut aspernatur et natus ratione aut error consequatur. Voluptatibus consequatur dolore voluptas inventore ducimus repellendus. Quis odio omnis qui nisi veritatis eos.', '812290', NULL, '1980-08-30 23:31:30', '1980-01-12 14:24:46');
INSERT INTO `media` (`id`, `media_name`, `user_id`, `offer_id`, `media_type_id`, `description`, `filesize`, `metadata`, `created_at`, `updated_at`) VALUES (260, 'ut', 27, 3, 1, 'Natus magni in beatae nam. Fuga deleniti et sed et. Repellat minus minus beatae accusamus sed. Ab minima et reiciendis architecto saepe quibusdam.', '49401485', NULL, '1975-06-02 03:07:57', '1982-04-07 12:53:59');
INSERT INTO `media` (`id`, `media_name`, `user_id`, `offer_id`, `media_type_id`, `description`, `filesize`, `metadata`, `created_at`, `updated_at`) VALUES (261, 'itaque', 29, 20, 2, 'Ab quo mollitia architecto autem optio. Reprehenderit necessitatibus quos aut consequatur quasi temporibus dolores. Id eius dolores fuga maiores. Distinctio repudiandae ut sequi earum velit minima molestiae ullam.', '710', NULL, '1985-09-06 14:13:45', '1986-03-17 20:12:58');
INSERT INTO `media` (`id`, `media_name`, `user_id`, `offer_id`, `media_type_id`, `description`, `filesize`, `metadata`, `created_at`, `updated_at`) VALUES (262, 'rerum', 1, 18, 1, 'Rerum quis inventore distinctio tempore ut. Atque ullam rem quaerat adipisci sit. Nesciunt rerum est omnis excepturi eius repellendus nobis. Dicta ipsum sunt fugiat cum inventore ipsa sed.', '13251', NULL, '2016-09-30 04:58:56', '2006-04-14 11:32:59');
INSERT INTO `media` (`id`, `media_name`, `user_id`, `offer_id`, `media_type_id`, `description`, `filesize`, `metadata`, `created_at`, `updated_at`) VALUES (263, 'veniam', 20, 45, 2, 'Qui ab nobis animi accusantium qui ut sit sequi. Earum est nobis iure. Vitae et sint voluptatibus iste ad aut. Laudantium molestias possimus ipsa molestias.', '36986', NULL, '2019-08-11 05:08:01', '1970-02-26 23:35:56');
INSERT INTO `media` (`id`, `media_name`, `user_id`, `offer_id`, `media_type_id`, `description`, `filesize`, `metadata`, `created_at`, `updated_at`) VALUES (264, 'eum', 52, 18, 2, 'Et quasi adipisci quaerat similique ut. Deserunt veniam voluptate facere corporis quod et quod. Eum est cupiditate voluptatibus eos vel eos voluptas libero. Officiis praesentium illo suscipit ipsam vel voluptatem delectus.', '71649', NULL, '1998-02-18 05:35:02', '2003-08-22 08:37:21');
INSERT INTO `media` (`id`, `media_name`, `user_id`, `offer_id`, `media_type_id`, `description`, `filesize`, `metadata`, `created_at`, `updated_at`) VALUES (265, 'totam', 30, 35, 2, 'Reprehenderit libero minima ut quos et molestiae rerum. Distinctio nam hic qui. Nemo cum dolorem molestias accusamus ipsa distinctio aut quidem. Doloribus aspernatur molestias nobis officia nulla.', '36', NULL, '1998-07-06 19:13:16', '1979-08-15 04:55:34');
INSERT INTO `media` (`id`, `media_name`, `user_id`, `offer_id`, `media_type_id`, `description`, `filesize`, `metadata`, `created_at`, `updated_at`) VALUES (266, 'eum', 65, 36, 2, 'Unde ut est repudiandae dicta et repellendus. Dolore asperiores quisquam aut laborum.', '2989703', NULL, '1991-12-11 09:59:00', '2010-03-06 20:03:10');
INSERT INTO `media` (`id`, `media_name`, `user_id`, `offer_id`, `media_type_id`, `description`, `filesize`, `metadata`, `created_at`, `updated_at`) VALUES (267, 'iste', 38, 1, 1, 'Tempore aperiam explicabo consequatur soluta facilis est hic. Accusantium corporis eligendi exercitationem voluptas est id qui. Beatae et quibusdam rerum aut.', '33876', NULL, '2001-10-15 05:04:18', '1998-05-10 07:46:01');
INSERT INTO `media` (`id`, `media_name`, `user_id`, `offer_id`, `media_type_id`, `description`, `filesize`, `metadata`, `created_at`, `updated_at`) VALUES (268, 'qui', 67, 36, 1, 'Ut eius veritatis voluptates. Excepturi quia illum et ea eveniet quo sequi. Aut sit et magnam est fuga.', '134266', NULL, '2010-04-28 03:02:03', '1994-06-18 20:59:29');
INSERT INTO `media` (`id`, `media_name`, `user_id`, `offer_id`, `media_type_id`, `description`, `filesize`, `metadata`, `created_at`, `updated_at`) VALUES (269, 'dolorem', 83, 8, 2, 'Rerum beatae quisquam quia error autem sint aut. Non repellat qui doloremque doloremque qui. At nisi provident sint amet ipsum.', '4', NULL, '1981-09-06 17:06:03', '2018-11-27 10:52:59');
INSERT INTO `media` (`id`, `media_name`, `user_id`, `offer_id`, `media_type_id`, `description`, `filesize`, `metadata`, `created_at`, `updated_at`) VALUES (270, 'voluptatem', 70, 32, 2, 'Adipisci tempora est quia voluptas eos. Illo quis saepe facilis rerum error saepe quam. Est enim sit a qui soluta numquam et. Veniam sapiente cupiditate aperiam ad rerum quis.', '324', NULL, '2001-10-21 09:07:59', '2019-04-28 01:06:22');
INSERT INTO `media` (`id`, `media_name`, `user_id`, `offer_id`, `media_type_id`, `description`, `filesize`, `metadata`, `created_at`, `updated_at`) VALUES (271, 'soluta', 46, 23, 2, 'Ut illo nobis quae velit est. Aut officiis et id quam qui blanditiis. Earum corrupti qui et est. Vero autem consequatur iste sed quia eum.', '71803', NULL, '1994-10-01 01:11:19', '2013-03-17 05:46:44');
INSERT INTO `media` (`id`, `media_name`, `user_id`, `offer_id`, `media_type_id`, `description`, `filesize`, `metadata`, `created_at`, `updated_at`) VALUES (272, 'tempora', 67, 12, 2, 'Sed sapiente est similique fuga est doloremque. Dolorem et nobis maxime dolores. Excepturi ut in mollitia aut omnis et. Sunt nobis occaecati mollitia voluptatem ut.', '3543199', NULL, '1989-06-08 12:08:16', '2011-04-01 21:04:42');
INSERT INTO `media` (`id`, `media_name`, `user_id`, `offer_id`, `media_type_id`, `description`, `filesize`, `metadata`, `created_at`, `updated_at`) VALUES (273, 'at', 91, 16, 1, 'Aliquid nam porro quos quod a est repudiandae. Sed cum blanditiis itaque. Laboriosam nemo ut nam aut maxime itaque at.', '0', NULL, '1975-08-23 19:17:04', '2011-10-21 11:48:30');
INSERT INTO `media` (`id`, `media_name`, `user_id`, `offer_id`, `media_type_id`, `description`, `filesize`, `metadata`, `created_at`, `updated_at`) VALUES (274, 'repudiandae', 68, 11, 1, 'Minus non pariatur consectetur voluptas delectus nihil. Laboriosam ad harum molestiae natus vero. Quo vero quaerat dolores ipsam voluptatem. Earum quaerat vitae repellat explicabo eveniet. Provident quaerat aut eligendi aut corrupti ab.', '4222931', NULL, '1981-03-18 07:24:39', '1994-11-09 08:24:34');
INSERT INTO `media` (`id`, `media_name`, `user_id`, `offer_id`, `media_type_id`, `description`, `filesize`, `metadata`, `created_at`, `updated_at`) VALUES (275, 'dolorem', 96, 2, 2, 'Officiis ut nisi ea incidunt iure ut delectus quia. Totam hic tempore temporibus eveniet id qui. Qui ipsa non dolorum inventore occaecati rerum. Quidem aut consequatur omnis eos.', '847', NULL, '2007-03-11 04:28:39', '2013-10-03 08:04:44');
INSERT INTO `media` (`id`, `media_name`, `user_id`, `offer_id`, `media_type_id`, `description`, `filesize`, `metadata`, `created_at`, `updated_at`) VALUES (276, 'sint', 17, 36, 1, 'Ea quis dolores omnis molestiae culpa. Voluptatum quis quod asperiores maxime provident quo ut. Blanditiis voluptatem quidem assumenda.', '137', NULL, '2004-07-09 05:19:48', '1970-09-16 01:53:26');
INSERT INTO `media` (`id`, `media_name`, `user_id`, `offer_id`, `media_type_id`, `description`, `filesize`, `metadata`, `created_at`, `updated_at`) VALUES (277, 'sapiente', 48, 50, 2, 'Sequi consequatur aliquam illo enim vel. Voluptates quis perspiciatis sint quos autem repellat. Facilis minus doloribus quia quam qui sit.', '948808370', NULL, '1990-03-08 04:33:42', '1980-04-07 12:43:16');
INSERT INTO `media` (`id`, `media_name`, `user_id`, `offer_id`, `media_type_id`, `description`, `filesize`, `metadata`, `created_at`, `updated_at`) VALUES (278, 'ipsum', 9, 40, 1, 'Aut eum et repellendus aperiam enim repellendus. Quis nobis et quisquam eveniet alias.', '17', NULL, '1990-03-29 02:43:10', '1992-11-16 09:00:45');
INSERT INTO `media` (`id`, `media_name`, `user_id`, `offer_id`, `media_type_id`, `description`, `filesize`, `metadata`, `created_at`, `updated_at`) VALUES (279, 'ipsa', 83, 44, 2, 'At consectetur maiores autem enim sit voluptate. Rerum quo perferendis laborum porro harum fugit dolorem. Aliquid eaque et molestias aut fugit vel provident doloribus. Provident est rem sed minus tempore soluta exercitationem quis. Numquam voluptatem voluptatem nesciunt exercitationem sint.', '4', NULL, '1992-10-25 20:08:48', '1999-10-23 13:07:46');
INSERT INTO `media` (`id`, `media_name`, `user_id`, `offer_id`, `media_type_id`, `description`, `filesize`, `metadata`, `created_at`, `updated_at`) VALUES (280, 'rerum', 25, 34, 1, 'Sed molestiae enim asperiores totam veritatis. Modi sed qui vero cumque qui quis similique eius. Dolorem dolores amet ratione nihil molestiae nemo. Doloribus molestiae autem facilis recusandae ratione repellendus. Magni neque quidem nesciunt quod id est et.', '1635596', NULL, '1985-11-20 13:46:16', '2001-08-22 09:52:40');
INSERT INTO `media` (`id`, `media_name`, `user_id`, `offer_id`, `media_type_id`, `description`, `filesize`, `metadata`, `created_at`, `updated_at`) VALUES (281, 'quibusdam', 8, 5, 1, 'Ut architecto mollitia qui. Accusantium eligendi voluptate minus nisi dicta ut. Et est voluptate provident explicabo tempora perspiciatis.', '89', NULL, '1989-03-06 15:04:11', '1989-06-08 10:13:08');
INSERT INTO `media` (`id`, `media_name`, `user_id`, `offer_id`, `media_type_id`, `description`, `filesize`, `metadata`, `created_at`, `updated_at`) VALUES (282, 'et', 85, 34, 2, 'Sapiente quo sed quidem impedit distinctio et reprehenderit consequatur. Amet dolores placeat ut recusandae voluptatum ea libero perferendis. Omnis aut esse tempora eligendi cupiditate quis.', '2', NULL, '1998-09-17 10:26:23', '2006-09-25 22:59:26');
INSERT INTO `media` (`id`, `media_name`, `user_id`, `offer_id`, `media_type_id`, `description`, `filesize`, `metadata`, `created_at`, `updated_at`) VALUES (283, 'provident', 16, 5, 1, 'Aperiam nostrum sit vero voluptatem est. Sunt voluptatibus et earum excepturi tempore maiores optio. Ea minus consectetur qui omnis harum dolorem eum.', '635882542', NULL, '2008-10-08 06:09:57', '1984-10-06 11:49:09');
INSERT INTO `media` (`id`, `media_name`, `user_id`, `offer_id`, `media_type_id`, `description`, `filesize`, `metadata`, `created_at`, `updated_at`) VALUES (284, 'est', 80, 3, 2, 'Animi quae non quasi velit aut similique suscipit. Sit provident omnis enim. Illo laboriosam iste asperiores dolore ipsum voluptatem. Delectus beatae quae ut sit.', '670487045', NULL, '2004-06-19 19:22:00', '2010-02-27 20:59:13');
INSERT INTO `media` (`id`, `media_name`, `user_id`, `offer_id`, `media_type_id`, `description`, `filesize`, `metadata`, `created_at`, `updated_at`) VALUES (285, 'porro', 12, 27, 1, 'Est aliquam voluptas et tempora nam. Sit consequuntur sunt voluptas aut perferendis aspernatur vero. Alias rerum ratione odio veniam et expedita dolorem. Quia voluptas minima eligendi voluptatem aut.', '296256882', NULL, '1975-01-20 18:55:16', '1996-04-18 02:43:29');
INSERT INTO `media` (`id`, `media_name`, `user_id`, `offer_id`, `media_type_id`, `description`, `filesize`, `metadata`, `created_at`, `updated_at`) VALUES (286, 'officia', 55, 36, 2, 'Voluptatem quaerat ut qui dolor numquam. Est quas earum debitis ratione aliquam. Et numquam enim porro id qui soluta nam. Non repellendus et aut tempore laboriosam.', '0', NULL, '1979-11-26 14:30:27', '1996-03-19 15:40:00');
INSERT INTO `media` (`id`, `media_name`, `user_id`, `offer_id`, `media_type_id`, `description`, `filesize`, `metadata`, `created_at`, `updated_at`) VALUES (287, 'et', 52, 21, 2, 'Nihil qui voluptatibus voluptate officia. Mollitia dignissimos cumque velit excepturi voluptatibus nam fugit ea. Explicabo qui repellendus deleniti.', '819736', NULL, '2019-01-27 19:11:48', '1990-10-13 17:54:21');
INSERT INTO `media` (`id`, `media_name`, `user_id`, `offer_id`, `media_type_id`, `description`, `filesize`, `metadata`, `created_at`, `updated_at`) VALUES (288, 'ipsam', 92, 47, 1, 'Possimus quibusdam nesciunt atque iure error consectetur. Quo dolor qui cum molestiae ut molestiae dignissimos. Molestiae sequi officiis iusto et reiciendis doloremque cupiditate. Eius earum qui ratione deleniti aliquid.', '128437', NULL, '2002-01-10 20:46:04', '1986-07-10 01:48:56');
INSERT INTO `media` (`id`, `media_name`, `user_id`, `offer_id`, `media_type_id`, `description`, `filesize`, `metadata`, `created_at`, `updated_at`) VALUES (289, 'sit', 25, 33, 2, 'Laborum sint iusto recusandae aliquam natus est a. Inventore et saepe excepturi quo magni nemo earum. Quis reprehenderit dolor placeat fugit.', '4724', NULL, '1996-03-06 02:25:36', '2008-04-06 07:42:23');
INSERT INTO `media` (`id`, `media_name`, `user_id`, `offer_id`, `media_type_id`, `description`, `filesize`, `metadata`, `created_at`, `updated_at`) VALUES (290, 'facilis', 79, 49, 2, 'Esse laboriosam temporibus autem culpa. Nam voluptatem rerum impedit. Eum et et quasi aut laborum molestias rerum qui.', '3264292', NULL, '1973-01-07 18:16:43', '1988-04-17 06:15:16');
INSERT INTO `media` (`id`, `media_name`, `user_id`, `offer_id`, `media_type_id`, `description`, `filesize`, `metadata`, `created_at`, `updated_at`) VALUES (291, 'odio', 100, 36, 2, 'Culpa et libero et atque eveniet. Esse quibusdam enim ex. Ut nulla eius officiis quod nam in reprehenderit.', '531399', NULL, '1980-02-16 19:41:52', '1983-07-02 16:21:26');
INSERT INTO `media` (`id`, `media_name`, `user_id`, `offer_id`, `media_type_id`, `description`, `filesize`, `metadata`, `created_at`, `updated_at`) VALUES (292, 'enim', 92, 15, 2, 'Accusantium temporibus repudiandae sed aut praesentium quisquam. Et inventore facere dolorum voluptatum corrupti. Sunt voluptates veritatis et recusandae soluta dolorem ut nihil. Veniam neque veniam aut et omnis illum laboriosam cupiditate. Aut et vitae ut harum harum et.', '70604', NULL, '2018-02-20 05:10:01', '2003-12-16 07:01:20');
INSERT INTO `media` (`id`, `media_name`, `user_id`, `offer_id`, `media_type_id`, `description`, `filesize`, `metadata`, `created_at`, `updated_at`) VALUES (293, 'laudantium', 21, 33, 2, 'Fugit fuga in id blanditiis quasi odio. Facere id ut et odio dolor.', '0', NULL, '2019-03-21 16:38:21', '2014-12-18 18:11:07');
INSERT INTO `media` (`id`, `media_name`, `user_id`, `offer_id`, `media_type_id`, `description`, `filesize`, `metadata`, `created_at`, `updated_at`) VALUES (294, 'ipsam', 21, 29, 2, 'Sapiente sequi excepturi officia pariatur magnam ab qui. Qui dolores non nemo accusantium expedita rerum nobis. Qui amet minus repudiandae quidem vel eos cumque consequatur. Fugiat eius sapiente qui ipsa omnis quia.', '845', NULL, '1971-02-08 09:09:06', '2017-01-07 04:52:38');
INSERT INTO `media` (`id`, `media_name`, `user_id`, `offer_id`, `media_type_id`, `description`, `filesize`, `metadata`, `created_at`, `updated_at`) VALUES (295, 'ipsum', 50, 3, 2, 'Consequatur quia at possimus explicabo sunt. Odit ea ipsum sit est accusamus. Possimus perspiciatis repellendus mollitia eum.', '861654236', NULL, '1980-10-03 06:10:19', '2019-09-08 02:03:49');
INSERT INTO `media` (`id`, `media_name`, `user_id`, `offer_id`, `media_type_id`, `description`, `filesize`, `metadata`, `created_at`, `updated_at`) VALUES (296, 'aliquid', 50, 29, 2, 'Et repudiandae consectetur repellat sed tempore hic veniam. Dolorem quaerat labore optio ducimus ea. Itaque ullam reprehenderit ut voluptatem. Vel assumenda ullam maxime quidem eos quia.', '90', NULL, '1990-05-13 06:18:38', '1979-12-11 21:03:15');
INSERT INTO `media` (`id`, `media_name`, `user_id`, `offer_id`, `media_type_id`, `description`, `filesize`, `metadata`, `created_at`, `updated_at`) VALUES (297, 'vel', 55, 30, 1, 'Dolores sit cumque quis. Voluptatem qui explicabo eius dolores similique. Nisi molestias quas voluptatibus sed.', '10', NULL, '2015-11-28 01:42:23', '2006-03-11 10:29:57');
INSERT INTO `media` (`id`, `media_name`, `user_id`, `offer_id`, `media_type_id`, `description`, `filesize`, `metadata`, `created_at`, `updated_at`) VALUES (298, 'est', 71, 33, 2, 'Mollitia perspiciatis cupiditate sed dolorem adipisci quidem nihil. Veniam eligendi voluptatibus est quidem accusamus. Esse et voluptate aut.', '85', NULL, '1978-07-06 05:26:24', '1972-07-07 08:18:37');
INSERT INTO `media` (`id`, `media_name`, `user_id`, `offer_id`, `media_type_id`, `description`, `filesize`, `metadata`, `created_at`, `updated_at`) VALUES (299, 'quisquam', 67, 37, 2, 'Impedit cumque excepturi quia unde magnam nisi aperiam. Voluptas non at nisi. Et est quo asperiores doloremque.', '61', NULL, '1974-10-09 17:03:12', '1988-02-06 06:50:52');
INSERT INTO `media` (`id`, `media_name`, `user_id`, `offer_id`, `media_type_id`, `description`, `filesize`, `metadata`, `created_at`, `updated_at`) VALUES (300, 'sunt', 29, 28, 1, 'Reprehenderit exercitationem minus id in inventore perferendis minus. Fuga similique ut nihil. Similique sunt consectetur deleniti. Alias nihil sit illo perspiciatis exercitationem.', '2633272', NULL, '2011-07-15 11:48:25', '1991-09-30 18:44:47');
INSERT INTO `media` (`id`, `media_name`, `user_id`, `offer_id`, `media_type_id`, `description`, `filesize`, `metadata`, `created_at`, `updated_at`) VALUES (301, 'magni', 19, 30, 1, 'Nam rerum accusamus voluptate. Placeat rerum praesentium consequatur. Cumque blanditiis enim earum voluptatibus. Modi consequuntur dignissimos facere voluptatibus libero dolore.', '518168', NULL, '1995-09-27 09:19:24', '2012-01-09 07:17:31');
INSERT INTO `media` (`id`, `media_name`, `user_id`, `offer_id`, `media_type_id`, `description`, `filesize`, `metadata`, `created_at`, `updated_at`) VALUES (302, 'officia', 49, 11, 2, 'Praesentium quasi accusantium omnis error at neque rerum. Suscipit magni fuga eum consequuntur. Facere ut architecto excepturi nemo.', '71317774', NULL, '1991-10-02 00:09:12', '2017-04-09 09:04:22');
INSERT INTO `media` (`id`, `media_name`, `user_id`, `offer_id`, `media_type_id`, `description`, `filesize`, `metadata`, `created_at`, `updated_at`) VALUES (303, 'nihil', 58, 3, 2, 'Qui esse fugit incidunt veniam magnam dignissimos. Rem quis sapiente temporibus alias non nemo.', '245424642', NULL, '1999-07-28 02:03:25', '2018-05-07 12:51:49');
INSERT INTO `media` (`id`, `media_name`, `user_id`, `offer_id`, `media_type_id`, `description`, `filesize`, `metadata`, `created_at`, `updated_at`) VALUES (304, 'voluptatem', 98, 26, 1, 'Et voluptatem a perspiciatis maiores dolorem reiciendis. Illo molestias et aut quia explicabo. Cumque sed ut eaque quaerat exercitationem tenetur qui. Voluptate eum adipisci dicta velit explicabo excepturi.', '63526768', NULL, '2005-01-07 17:35:35', '2015-07-01 12:10:29');
INSERT INTO `media` (`id`, `media_name`, `user_id`, `offer_id`, `media_type_id`, `description`, `filesize`, `metadata`, `created_at`, `updated_at`) VALUES (305, 'dicta', 9, 33, 2, 'Consequatur suscipit autem inventore odio ad in voluptas. Ad ea beatae sit ipsa delectus voluptatibus. Non id laboriosam porro. Repudiandae doloremque dolorum et.', '921291118', NULL, '2005-04-23 21:56:33', '1980-07-14 04:43:42');
INSERT INTO `media` (`id`, `media_name`, `user_id`, `offer_id`, `media_type_id`, `description`, `filesize`, `metadata`, `created_at`, `updated_at`) VALUES (306, 'fugiat', 95, 1, 1, 'Culpa quisquam delectus quasi repudiandae ipsam velit error qui. Quia eum reiciendis aut dolore voluptatem. Voluptatem repellat doloremque et et id laborum.', '97032', NULL, '1992-12-27 16:40:51', '1979-10-21 15:47:37');
INSERT INTO `media` (`id`, `media_name`, `user_id`, `offer_id`, `media_type_id`, `description`, `filesize`, `metadata`, `created_at`, `updated_at`) VALUES (307, 'sit', 78, 43, 2, 'Et voluptatem iure ut accusantium temporibus rerum. Expedita modi sapiente vel iusto omnis. Aliquid nesciunt et velit ea velit architecto.', '134', NULL, '1986-05-12 00:46:02', '1996-04-16 00:30:24');
INSERT INTO `media` (`id`, `media_name`, `user_id`, `offer_id`, `media_type_id`, `description`, `filesize`, `metadata`, `created_at`, `updated_at`) VALUES (308, 'ut', 41, 25, 2, 'Recusandae eius ut excepturi vel ut quasi. Placeat in ab beatae tempora molestias aliquam et. Consequatur quae voluptate vel aliquam excepturi explicabo corporis provident. Non ut voluptas consequuntur officiis dicta enim et.', '60862203', NULL, '1977-03-23 14:40:48', '1994-03-12 10:00:24');
INSERT INTO `media` (`id`, `media_name`, `user_id`, `offer_id`, `media_type_id`, `description`, `filesize`, `metadata`, `created_at`, `updated_at`) VALUES (309, 'nemo', 85, 49, 2, 'Ea in ea et corrupti rerum architecto. Tempora soluta ducimus aut sed id excepturi consequuntur.', '982810457', NULL, '2017-06-27 17:50:41', '2014-01-04 17:18:39');
INSERT INTO `media` (`id`, `media_name`, `user_id`, `offer_id`, `media_type_id`, `description`, `filesize`, `metadata`, `created_at`, `updated_at`) VALUES (310, 'velit', 86, 12, 2, 'Repellat ut sapiente assumenda hic quae. Magni dignissimos nisi cumque repellat quidem eaque eum. Aspernatur debitis dolorum ut vitae consequatur corporis eos. Qui nihil beatae alias magnam. Exercitationem et architecto optio rerum dolorum cupiditate suscipit consequuntur.', '9693', NULL, '1981-09-20 12:09:07', '1985-12-06 12:10:33');
INSERT INTO `media` (`id`, `media_name`, `user_id`, `offer_id`, `media_type_id`, `description`, `filesize`, `metadata`, `created_at`, `updated_at`) VALUES (311, 'molestiae', 35, 29, 1, 'Sunt aliquid qui aspernatur ea. Voluptatem laudantium blanditiis qui labore labore doloremque aut. Non dolorum adipisci qui.', '9997067', NULL, '1973-09-17 13:05:14', '1976-12-26 14:17:20');
INSERT INTO `media` (`id`, `media_name`, `user_id`, `offer_id`, `media_type_id`, `description`, `filesize`, `metadata`, `created_at`, `updated_at`) VALUES (312, 'enim', 98, 27, 2, 'Voluptas molestiae dolores ullam ullam in veniam inventore explicabo. Doloremque quo quam voluptas ut. Voluptatem consequatur aut alias quas sit. Tempora placeat quis eius repudiandae. Magnam nesciunt voluptatem ipsa autem reprehenderit nostrum.', '0', NULL, '1976-01-02 12:12:32', '2012-06-24 12:05:29');
INSERT INTO `media` (`id`, `media_name`, `user_id`, `offer_id`, `media_type_id`, `description`, `filesize`, `metadata`, `created_at`, `updated_at`) VALUES (313, 'voluptatem', 38, 29, 1, 'Voluptate natus hic eum cumque excepturi cupiditate pariatur. Alias nihil doloremque unde necessitatibus. Dolorem ipsam ullam ut consequatur accusamus ut. Illo consequatur quasi sit est ut.', '5022', NULL, '2011-09-02 16:48:40', '1985-01-21 23:54:52');
INSERT INTO `media` (`id`, `media_name`, `user_id`, `offer_id`, `media_type_id`, `description`, `filesize`, `metadata`, `created_at`, `updated_at`) VALUES (314, 'libero', 33, 15, 2, 'Similique provident quae adipisci exercitationem deserunt voluptas sapiente. Explicabo ipsa deleniti optio aut velit enim debitis. Omnis expedita sed accusamus ipsa rerum.', '86', NULL, '1984-02-22 22:27:13', '2011-09-02 22:00:20');
INSERT INTO `media` (`id`, `media_name`, `user_id`, `offer_id`, `media_type_id`, `description`, `filesize`, `metadata`, `created_at`, `updated_at`) VALUES (315, 'voluptas', 87, 43, 2, 'Excepturi et rerum provident ex deserunt. Est voluptatum quaerat saepe et. Doloribus molestiae eaque voluptates nesciunt fugit. Repellendus aut commodi itaque tempore velit molestiae.', '4', NULL, '2004-07-09 15:00:18', '1995-10-05 05:01:28');
INSERT INTO `media` (`id`, `media_name`, `user_id`, `offer_id`, `media_type_id`, `description`, `filesize`, `metadata`, `created_at`, `updated_at`) VALUES (316, 'iure', 46, 14, 1, 'Beatae culpa ut dolorum. Laboriosam ut dolorem qui magni. Accusantium odio dolorem velit unde velit nulla.', '7', NULL, '1972-08-07 11:59:02', '1979-04-24 21:11:09');
INSERT INTO `media` (`id`, `media_name`, `user_id`, `offer_id`, `media_type_id`, `description`, `filesize`, `metadata`, `created_at`, `updated_at`) VALUES (317, 'animi', 43, 48, 1, 'Voluptas voluptatem culpa dignissimos neque rerum rerum. Amet et non saepe nostrum ipsa repellat unde. Natus laborum doloribus autem culpa voluptas sed praesentium.', '62217', NULL, '1990-10-05 09:44:39', '2008-01-16 09:35:36');
INSERT INTO `media` (`id`, `media_name`, `user_id`, `offer_id`, `media_type_id`, `description`, `filesize`, `metadata`, `created_at`, `updated_at`) VALUES (318, 'id', 85, 50, 1, 'Nemo non blanditiis corporis dolore qui nulla. Tenetur suscipit quis voluptatem animi. Quia non distinctio cum.', '931', NULL, '2018-11-02 02:47:39', '1988-07-11 19:06:24');
INSERT INTO `media` (`id`, `media_name`, `user_id`, `offer_id`, `media_type_id`, `description`, `filesize`, `metadata`, `created_at`, `updated_at`) VALUES (319, 'autem', 7, 1, 2, 'Quo rerum ipsum perspiciatis similique veniam. Dolores id repellat excepturi dolor sequi non exercitationem. Voluptatem consequatur ex voluptas quod reiciendis. Consequatur et deserunt in voluptas laudantium in adipisci.', '49629', NULL, '1991-05-13 17:58:24', '2019-01-30 12:35:03');
INSERT INTO `media` (`id`, `media_name`, `user_id`, `offer_id`, `media_type_id`, `description`, `filesize`, `metadata`, `created_at`, `updated_at`) VALUES (320, 'aut', 88, 15, 1, 'Eius reiciendis molestias est cupiditate totam. Rerum fugit voluptatem soluta laborum in quia et. Fugit velit quasi ex qui. Autem est iste est cum quia libero repellendus.', '0', NULL, '1977-09-25 20:37:57', '1975-06-06 11:48:07');
INSERT INTO `media` (`id`, `media_name`, `user_id`, `offer_id`, `media_type_id`, `description`, `filesize`, `metadata`, `created_at`, `updated_at`) VALUES (321, 'rem', 70, 18, 1, 'Quos rerum exercitationem ipsum porro incidunt quisquam possimus. Inventore dolorem perspiciatis quaerat vitae repellat dolores. Ut delectus porro sunt cumque est adipisci non asperiores.', '17450', NULL, '2005-12-12 16:15:39', '1998-02-05 06:58:57');
INSERT INTO `media` (`id`, `media_name`, `user_id`, `offer_id`, `media_type_id`, `description`, `filesize`, `metadata`, `created_at`, `updated_at`) VALUES (322, 'aspernatur', 89, 8, 1, 'Consequatur dignissimos illum doloribus. Et iste ut sint perspiciatis id quia. Qui qui fuga ipsa ut in tempora.', '374', NULL, '1978-09-15 11:58:08', '2004-10-26 21:08:25');
INSERT INTO `media` (`id`, `media_name`, `user_id`, `offer_id`, `media_type_id`, `description`, `filesize`, `metadata`, `created_at`, `updated_at`) VALUES (323, 'est', 63, 33, 2, 'Veritatis et ut praesentium. Deserunt explicabo nihil repellendus quae voluptas illo quia nihil. Ut saepe fuga corporis est autem. Odio ex voluptatem consequuntur fuga ad.', '513528', NULL, '1970-05-08 22:03:29', '2010-05-01 12:03:00');
INSERT INTO `media` (`id`, `media_name`, `user_id`, `offer_id`, `media_type_id`, `description`, `filesize`, `metadata`, `created_at`, `updated_at`) VALUES (324, 'molestiae', 70, 9, 1, 'Optio sint nostrum ab nihil aut minus est. Qui laboriosam amet reiciendis et et sequi. Assumenda qui doloribus porro voluptatem eos alias quas. Nihil quam aut et officia quidem.', '677977', NULL, '1980-12-01 04:44:46', '1973-07-24 08:36:30');
INSERT INTO `media` (`id`, `media_name`, `user_id`, `offer_id`, `media_type_id`, `description`, `filesize`, `metadata`, `created_at`, `updated_at`) VALUES (325, 'ipsum', 48, 26, 1, 'Qui vitae error quia possimus. Omnis doloribus dicta exercitationem nam et. Velit fuga autem voluptas delectus expedita in et. Nobis est hic dolor non qui minus.', '57', NULL, '1980-05-26 02:26:36', '2006-03-05 00:32:01');
INSERT INTO `media` (`id`, `media_name`, `user_id`, `offer_id`, `media_type_id`, `description`, `filesize`, `metadata`, `created_at`, `updated_at`) VALUES (326, 'dicta', 73, 48, 1, 'Ipsum nesciunt iste itaque est est pariatur. Necessitatibus consequatur aut id. Consectetur laboriosam porro atque quae quia nihil. Ratione sit molestiae harum labore maxime quia quod. Dignissimos in sint itaque distinctio eum excepturi ipsa.', '3741', NULL, '2000-02-02 15:23:12', '1974-03-25 05:34:32');
INSERT INTO `media` (`id`, `media_name`, `user_id`, `offer_id`, `media_type_id`, `description`, `filesize`, `metadata`, `created_at`, `updated_at`) VALUES (327, 'sit', 25, 3, 2, 'Dolorum minus totam rerum mollitia. Dolor sint quia sed voluptas odit ipsum. Sunt facere necessitatibus earum vel sapiente omnis. Est excepturi quam illum quam.', '913', NULL, '2011-06-07 21:31:37', '2000-09-30 03:32:17');
INSERT INTO `media` (`id`, `media_name`, `user_id`, `offer_id`, `media_type_id`, `description`, `filesize`, `metadata`, `created_at`, `updated_at`) VALUES (328, 'facere', 30, 12, 2, 'Ut soluta vero impedit nostrum nemo nihil quas. Facere magnam qui sed ipsa repellat. Vel earum nulla fuga assumenda. Vitae sed soluta error est eius pariatur numquam.', '7119967', NULL, '1999-12-03 00:28:57', '1983-11-14 09:31:56');
INSERT INTO `media` (`id`, `media_name`, `user_id`, `offer_id`, `media_type_id`, `description`, `filesize`, `metadata`, `created_at`, `updated_at`) VALUES (329, 'ratione', 41, 19, 2, 'Et amet voluptate nemo praesentium a non. Perferendis sed eum rerum architecto odio. Officiis beatae eaque in sit rerum.', '2180852', NULL, '2017-01-31 10:24:18', '2017-02-14 13:22:37');
INSERT INTO `media` (`id`, `media_name`, `user_id`, `offer_id`, `media_type_id`, `description`, `filesize`, `metadata`, `created_at`, `updated_at`) VALUES (330, 'et', 59, 36, 2, 'Omnis voluptatem molestiae ex consequatur dolores accusamus officia voluptas. Nisi maxime et nesciunt voluptate. Voluptas exercitationem illum maiores qui sit expedita qui.', '861', NULL, '1973-05-24 17:42:12', '1974-01-12 21:27:56');
INSERT INTO `media` (`id`, `media_name`, `user_id`, `offer_id`, `media_type_id`, `description`, `filesize`, `metadata`, `created_at`, `updated_at`) VALUES (331, 'consequuntur', 14, 33, 1, 'Qui dolor suscipit vero ea fugit. Atque error ea velit saepe ipsam itaque fugiat et. Voluptatum consequatur illum illum vel dicta.', '24663707', NULL, '1971-03-01 09:24:01', '2001-12-17 19:10:26');
INSERT INTO `media` (`id`, `media_name`, `user_id`, `offer_id`, `media_type_id`, `description`, `filesize`, `metadata`, `created_at`, `updated_at`) VALUES (332, 'consequatur', 7, 27, 1, 'Ipsam labore modi sit sit minus est facere. Recusandae asperiores possimus ipsum. Error impedit non et ipsum omnis ducimus aut.', '29210', NULL, '1970-04-15 22:27:42', '1974-09-11 18:09:55');
INSERT INTO `media` (`id`, `media_name`, `user_id`, `offer_id`, `media_type_id`, `description`, `filesize`, `metadata`, `created_at`, `updated_at`) VALUES (333, 'repellat', 79, 33, 2, 'Inventore in qui atque. Aliquid dolores veniam ad praesentium ex omnis non dolorem.', '0', NULL, '1990-06-14 19:07:32', '1973-02-14 20:53:03');
INSERT INTO `media` (`id`, `media_name`, `user_id`, `offer_id`, `media_type_id`, `description`, `filesize`, `metadata`, `created_at`, `updated_at`) VALUES (334, 'praesentium', 62, 41, 2, 'Corporis est molestias accusantium quo deserunt repellat. Tempore eum corrupti velit.', '94849524', NULL, '1982-12-15 08:59:48', '2020-12-10 18:23:29');
INSERT INTO `media` (`id`, `media_name`, `user_id`, `offer_id`, `media_type_id`, `description`, `filesize`, `metadata`, `created_at`, `updated_at`) VALUES (335, 'aliquid', 90, 11, 2, 'Mollitia omnis et aut fugit suscipit facilis. Perspiciatis reprehenderit quasi aliquid sit. Quae ea adipisci dolores excepturi sequi dolorum pariatur.', '8', NULL, '1994-09-22 20:05:15', '1972-05-07 08:42:19');
INSERT INTO `media` (`id`, `media_name`, `user_id`, `offer_id`, `media_type_id`, `description`, `filesize`, `metadata`, `created_at`, `updated_at`) VALUES (336, 'labore', 34, 40, 2, 'Architecto soluta adipisci ea. Aut dolores quos occaecati nihil. Qui omnis maiores quia eos tempore aut.', '774319', NULL, '1984-09-02 04:46:40', '2001-06-16 12:00:38');
INSERT INTO `media` (`id`, `media_name`, `user_id`, `offer_id`, `media_type_id`, `description`, `filesize`, `metadata`, `created_at`, `updated_at`) VALUES (337, 'qui', 99, 25, 1, 'Qui suscipit ut sit accusantium accusamus. Non ex aperiam dolores laboriosam iure. Sed necessitatibus sint sit vel tenetur enim. Sequi dignissimos dolores voluptate tempora.', '3', NULL, '1992-09-25 15:20:55', '1975-05-28 10:38:28');
INSERT INTO `media` (`id`, `media_name`, `user_id`, `offer_id`, `media_type_id`, `description`, `filesize`, `metadata`, `created_at`, `updated_at`) VALUES (338, 'corporis', 16, 8, 2, 'Dolores ut tenetur est quas. Suscipit dolor quia molestiae voluptas pariatur hic. Consectetur corporis soluta porro accusamus sit et. Nobis laboriosam doloremque ea quibusdam.', '6466563', NULL, '1982-01-04 09:47:25', '2020-06-29 22:49:42');
INSERT INTO `media` (`id`, `media_name`, `user_id`, `offer_id`, `media_type_id`, `description`, `filesize`, `metadata`, `created_at`, `updated_at`) VALUES (339, 'perspiciatis', 62, 4, 2, 'Assumenda quasi ut et quia rerum. Reprehenderit ea ex recusandae laboriosam et cumque.', '8', NULL, '1992-05-01 19:54:23', '2021-01-20 16:42:54');
INSERT INTO `media` (`id`, `media_name`, `user_id`, `offer_id`, `media_type_id`, `description`, `filesize`, `metadata`, `created_at`, `updated_at`) VALUES (340, 'quasi', 72, 4, 1, 'Aut repellendus harum aut odit fugit ut. Inventore odio officia voluptatem esse modi quidem. Error dignissimos et quidem aut voluptas. Veritatis assumenda quia unde.', '895423319', NULL, '2006-11-27 03:17:08', '1985-10-15 01:30:51');
INSERT INTO `media` (`id`, `media_name`, `user_id`, `offer_id`, `media_type_id`, `description`, `filesize`, `metadata`, `created_at`, `updated_at`) VALUES (341, 'sapiente', 15, 42, 1, 'Sapiente nesciunt rem et incidunt et dolores voluptatem. Maxime molestiae deleniti esse minus dolores dolor nisi. Optio amet consectetur tenetur sed voluptatem officia. Labore omnis aut porro ab quaerat.', '57', NULL, '2007-02-11 23:13:39', '1972-02-02 15:36:57');
INSERT INTO `media` (`id`, `media_name`, `user_id`, `offer_id`, `media_type_id`, `description`, `filesize`, `metadata`, `created_at`, `updated_at`) VALUES (342, 'voluptas', 34, 49, 1, 'Recusandae hic corporis explicabo voluptatem. Consequatur mollitia voluptatem sit dolore nesciunt. Est commodi earum eum sed sequi tenetur.', '240', NULL, '2010-07-31 02:51:44', '2009-07-11 17:51:45');
INSERT INTO `media` (`id`, `media_name`, `user_id`, `offer_id`, `media_type_id`, `description`, `filesize`, `metadata`, `created_at`, `updated_at`) VALUES (343, 'assumenda', 35, 19, 1, 'Ducimus a omnis libero labore aut nisi vero. Maxime tempora ut id distinctio saepe. Fugit soluta maiores doloribus dolorem voluptatem.', '615881105', NULL, '2000-12-01 07:05:01', '1983-06-01 22:03:57');
INSERT INTO `media` (`id`, `media_name`, `user_id`, `offer_id`, `media_type_id`, `description`, `filesize`, `metadata`, `created_at`, `updated_at`) VALUES (344, 'vel', 45, 18, 1, 'Magni reiciendis ut quia culpa. Suscipit laboriosam vero enim blanditiis libero aperiam. Perferendis doloremque beatae et velit eius. Voluptatem tenetur et et quo. Dolorem praesentium repellat aut enim et alias.', '29976266', NULL, '2005-01-04 09:50:31', '2005-03-22 13:38:29');
INSERT INTO `media` (`id`, `media_name`, `user_id`, `offer_id`, `media_type_id`, `description`, `filesize`, `metadata`, `created_at`, `updated_at`) VALUES (345, 'nihil', 7, 38, 1, 'Eaque omnis reprehenderit ex impedit hic voluptatibus doloribus. Iusto aliquid qui perferendis. Qui aut et ut perspiciatis. Est aut rerum aut quasi ut.', '912', NULL, '1990-10-19 18:19:41', '1970-03-20 16:20:16');
INSERT INTO `media` (`id`, `media_name`, `user_id`, `offer_id`, `media_type_id`, `description`, `filesize`, `metadata`, `created_at`, `updated_at`) VALUES (346, 'error', 35, 36, 1, 'Ipsam laboriosam et in. Error aut illo quia veniam quod et. Qui odio nesciunt voluptatem animi voluptatibus repellat. Nemo quisquam iste sunt non et.', '9', NULL, '2006-12-11 12:11:57', '1987-12-06 07:06:34');
INSERT INTO `media` (`id`, `media_name`, `user_id`, `offer_id`, `media_type_id`, `description`, `filesize`, `metadata`, `created_at`, `updated_at`) VALUES (347, 'aut', 55, 20, 1, 'Et veritatis fugit blanditiis tempore quibusdam quos sint. Illum quia dolor labore officiis beatae. Dolorum officiis deserunt et voluptatem qui voluptatem quo. Possimus et aut ad.', '21961', NULL, '1975-09-11 14:22:19', '1978-06-02 11:48:15');
INSERT INTO `media` (`id`, `media_name`, `user_id`, `offer_id`, `media_type_id`, `description`, `filesize`, `metadata`, `created_at`, `updated_at`) VALUES (348, 'sunt', 15, 4, 2, 'Odit labore aperiam voluptas sint vitae. Et expedita id impedit. Ipsam quaerat mollitia placeat aut est iure in dolores.', '4317', NULL, '1980-04-15 12:45:29', '2010-02-05 05:55:43');
INSERT INTO `media` (`id`, `media_name`, `user_id`, `offer_id`, `media_type_id`, `description`, `filesize`, `metadata`, `created_at`, `updated_at`) VALUES (349, 'et', 78, 20, 1, 'Neque magni facilis consequuntur qui eius. Praesentium rerum explicabo iure occaecati sit. Id natus voluptatem culpa voluptas ea.', '7', NULL, '2000-06-04 10:09:02', '1983-07-17 09:03:55');
INSERT INTO `media` (`id`, `media_name`, `user_id`, `offer_id`, `media_type_id`, `description`, `filesize`, `metadata`, `created_at`, `updated_at`) VALUES (350, 'rerum', 71, 37, 2, 'Id molestiae nesciunt possimus quo possimus temporibus amet. Tempora fugit repellat et perferendis dolorem quasi a. Inventore cum aut consequuntur iusto tempore.', '93840074', NULL, '1982-06-07 04:16:50', '1970-02-03 04:52:51');
INSERT INTO `media` (`id`, `media_name`, `user_id`, `offer_id`, `media_type_id`, `description`, `filesize`, `metadata`, `created_at`, `updated_at`) VALUES (351, 'beatae', 96, 45, 2, 'Non quas nostrum similique dolor sunt ipsa nulla. Doloribus et ab et veniam. Dolores nulla quas et magni ut dicta veniam. Dolore voluptas eligendi ratione harum aperiam delectus.', '76214', NULL, '1990-01-06 14:06:12', '1971-03-03 01:24:35');
INSERT INTO `media` (`id`, `media_name`, `user_id`, `offer_id`, `media_type_id`, `description`, `filesize`, `metadata`, `created_at`, `updated_at`) VALUES (352, 'aut', 66, 1, 2, 'Alias autem eligendi et consequuntur iste non distinctio perferendis. Est culpa possimus necessitatibus repellendus consequatur ad quidem. Quisquam optio dolore cum nam sequi amet voluptatem.', '8557500', NULL, '2015-07-11 13:43:46', '1973-09-21 19:57:10');
INSERT INTO `media` (`id`, `media_name`, `user_id`, `offer_id`, `media_type_id`, `description`, `filesize`, `metadata`, `created_at`, `updated_at`) VALUES (353, 'animi', 43, 47, 2, 'Placeat cumque et nostrum nostrum voluptate eum magnam. Aperiam ut impedit natus quia suscipit hic perferendis. Labore aut porro culpa aliquam libero.', '680282812', NULL, '2011-10-24 19:56:27', '2014-01-10 09:17:11');
INSERT INTO `media` (`id`, `media_name`, `user_id`, `offer_id`, `media_type_id`, `description`, `filesize`, `metadata`, `created_at`, `updated_at`) VALUES (354, 'omnis', 45, 42, 2, 'Corrupti id in id qui. Facilis optio mollitia ullam adipisci. Qui nam consequatur in ea velit vel iste. Nesciunt consequatur in ut cumque quia.', '83137', NULL, '1987-11-06 05:06:45', '1990-07-01 07:46:50');
INSERT INTO `media` (`id`, `media_name`, `user_id`, `offer_id`, `media_type_id`, `description`, `filesize`, `metadata`, `created_at`, `updated_at`) VALUES (355, 'temporibus', 30, 47, 1, 'Perspiciatis non sed non neque veritatis alias. Dolorem eum dicta et debitis reprehenderit. Unde vel corporis ratione dolores numquam nemo nam. Placeat sit enim dolorum voluptatum qui et.', '757365517', NULL, '1991-06-02 21:41:36', '1992-08-23 05:34:48');
INSERT INTO `media` (`id`, `media_name`, `user_id`, `offer_id`, `media_type_id`, `description`, `filesize`, `metadata`, `created_at`, `updated_at`) VALUES (356, 'provident', 47, 3, 1, 'Neque consequatur rem quas impedit. Assumenda excepturi rerum autem iste debitis. Laboriosam voluptatem eveniet modi ut minus qui enim. Quo assumenda debitis sit consequuntur corporis sint.', '40800', NULL, '2019-02-14 07:58:51', '1975-02-01 10:08:19');
INSERT INTO `media` (`id`, `media_name`, `user_id`, `offer_id`, `media_type_id`, `description`, `filesize`, `metadata`, `created_at`, `updated_at`) VALUES (357, 'facere', 68, 44, 1, 'Commodi iure quasi maiores assumenda beatae. Ad aut aut ut hic exercitationem perferendis. Iure enim est nisi qui est commodi culpa. Consequatur libero accusamus praesentium est.', '26284458', NULL, '2014-09-28 09:38:11', '1986-12-28 15:05:53');
INSERT INTO `media` (`id`, `media_name`, `user_id`, `offer_id`, `media_type_id`, `description`, `filesize`, `metadata`, `created_at`, `updated_at`) VALUES (358, 'laborum', 27, 11, 2, 'Et quibusdam vero saepe sunt. Cumque quae blanditiis porro consequatur quod ipsam repellat.', '5718', NULL, '2006-01-21 00:08:12', '2015-09-10 23:37:19');
INSERT INTO `media` (`id`, `media_name`, `user_id`, `offer_id`, `media_type_id`, `description`, `filesize`, `metadata`, `created_at`, `updated_at`) VALUES (359, 'labore', 70, 46, 2, 'Labore quo ducimus maxime architecto. Nisi beatae ullam numquam. Sed quis voluptatem qui doloremque voluptatem et voluptatum. Corrupti laborum quia doloribus sit labore voluptatibus.', '5223', NULL, '2001-08-02 14:22:36', '2003-09-19 18:23:08');
INSERT INTO `media` (`id`, `media_name`, `user_id`, `offer_id`, `media_type_id`, `description`, `filesize`, `metadata`, `created_at`, `updated_at`) VALUES (360, 'officia', 89, 19, 1, 'Voluptatibus officiis veniam provident voluptate laudantium asperiores quaerat. Cupiditate voluptatibus aut ut aspernatur rerum. Nesciunt occaecati distinctio nobis iste. Molestiae nihil repellat soluta officia.', '59612677', NULL, '1993-10-05 13:31:24', '2012-05-15 04:24:03');
INSERT INTO `media` (`id`, `media_name`, `user_id`, `offer_id`, `media_type_id`, `description`, `filesize`, `metadata`, `created_at`, `updated_at`) VALUES (361, 'nulla', 95, 7, 2, 'Voluptatem impedit dolores pariatur soluta laboriosam aliquid consequuntur. Itaque asperiores est ea. Alias voluptatum odit consectetur quidem dolores.', '1791121', NULL, '1979-10-19 18:38:11', '2006-05-22 01:37:59');
INSERT INTO `media` (`id`, `media_name`, `user_id`, `offer_id`, `media_type_id`, `description`, `filesize`, `metadata`, `created_at`, `updated_at`) VALUES (362, 'repudiandae', 92, 10, 1, 'Perferendis ab ducimus ut architecto similique qui et. Ut expedita rerum quam commodi blanditiis assumenda consequatur. Qui et quidem quasi dolor.', '287492', NULL, '1983-12-14 22:38:20', '1983-08-25 22:07:25');
INSERT INTO `media` (`id`, `media_name`, `user_id`, `offer_id`, `media_type_id`, `description`, `filesize`, `metadata`, `created_at`, `updated_at`) VALUES (363, 'nostrum', 81, 22, 2, 'Minus sint quia odio unde non eos occaecati. Voluptatem soluta sed expedita esse nobis aut aut.', '3767', NULL, '2006-06-24 06:40:43', '2019-10-09 02:25:31');
INSERT INTO `media` (`id`, `media_name`, `user_id`, `offer_id`, `media_type_id`, `description`, `filesize`, `metadata`, `created_at`, `updated_at`) VALUES (364, 'asperiores', 18, 21, 1, 'Officiis reiciendis excepturi adipisci qui officia voluptatem ut beatae. Omnis numquam sunt alias. Molestias fugit repellat voluptatibus omnis vitae. Nihil ullam dolor reprehenderit sit vel quo.', '332', NULL, '2019-05-10 02:18:16', '2015-07-20 02:17:02');
INSERT INTO `media` (`id`, `media_name`, `user_id`, `offer_id`, `media_type_id`, `description`, `filesize`, `metadata`, `created_at`, `updated_at`) VALUES (365, 'minima', 68, 30, 1, 'Quia amet illo voluptatibus eius. Et quis voluptas consequatur aspernatur quae neque. Expedita maxime quis laborum earum. Et voluptatum culpa est ut asperiores illum quia.', '10733927', NULL, '1974-01-13 06:27:38', '1989-11-29 18:52:04');
INSERT INTO `media` (`id`, `media_name`, `user_id`, `offer_id`, `media_type_id`, `description`, `filesize`, `metadata`, `created_at`, `updated_at`) VALUES (366, 'iusto', 66, 32, 2, 'Saepe ducimus rerum sit quos enim saepe perspiciatis. Officiis occaecati quis doloribus illum officiis. Voluptatem ut inventore eius et nesciunt. Deleniti reprehenderit qui aperiam aut ex quia magni.', '76494', NULL, '1973-06-22 05:13:47', '2014-07-11 04:35:17');
INSERT INTO `media` (`id`, `media_name`, `user_id`, `offer_id`, `media_type_id`, `description`, `filesize`, `metadata`, `created_at`, `updated_at`) VALUES (367, 'libero', 55, 7, 2, 'Error autem tempora qui dicta sint amet natus libero. Dignissimos consequatur dolores et eveniet adipisci. Est quia dolores aut nobis consequatur sequi.', '121812479', NULL, '1982-12-24 01:56:01', '2007-08-13 12:28:54');
INSERT INTO `media` (`id`, `media_name`, `user_id`, `offer_id`, `media_type_id`, `description`, `filesize`, `metadata`, `created_at`, `updated_at`) VALUES (368, 'autem', 91, 37, 1, 'Pariatur velit ut dolorem quisquam at rerum ad. Accusantium inventore corporis voluptatem possimus inventore. Aspernatur molestias omnis et. Consectetur soluta ut sed delectus dicta.', '548658558', NULL, '2016-07-07 15:22:19', '1988-01-04 07:03:33');
INSERT INTO `media` (`id`, `media_name`, `user_id`, `offer_id`, `media_type_id`, `description`, `filesize`, `metadata`, `created_at`, `updated_at`) VALUES (369, 'quidem', 4, 2, 2, 'Asperiores totam reprehenderit velit repellat repellendus quia blanditiis. Aut repellendus perspiciatis nostrum nostrum possimus et. Debitis iure perspiciatis quod non explicabo quia illo architecto.', '0', NULL, '1991-03-13 16:42:36', '1974-04-10 07:48:28');
INSERT INTO `media` (`id`, `media_name`, `user_id`, `offer_id`, `media_type_id`, `description`, `filesize`, `metadata`, `created_at`, `updated_at`) VALUES (370, 'et', 79, 33, 1, 'Aut eum quas est dolorem. Eius sit architecto explicabo voluptate. Voluptate sunt aliquam est sequi. Et voluptas velit nobis natus quo impedit.', '2503375', NULL, '2017-02-04 12:23:06', '2009-01-07 15:39:16');
INSERT INTO `media` (`id`, `media_name`, `user_id`, `offer_id`, `media_type_id`, `description`, `filesize`, `metadata`, `created_at`, `updated_at`) VALUES (371, 'soluta', 81, 32, 1, 'Suscipit dolores laborum hic velit officiis quia beatae. Repellat ex laboriosam dolorem ratione ea a minima. Repellat amet maiores labore sit cum esse voluptatem. Molestiae voluptatem fugiat deleniti quo rerum voluptatibus. Molestiae ut excepturi corrupti dolorem.', '90', NULL, '1980-04-15 10:51:22', '2013-01-24 00:38:00');
INSERT INTO `media` (`id`, `media_name`, `user_id`, `offer_id`, `media_type_id`, `description`, `filesize`, `metadata`, `created_at`, `updated_at`) VALUES (372, 'minima', 20, 41, 2, 'Vero voluptas nulla perferendis voluptates similique illum necessitatibus. Neque inventore culpa porro iusto necessitatibus. Consequuntur accusantium eum et delectus et.', '1257', NULL, '2005-12-13 00:15:32', '1984-03-08 09:24:42');
INSERT INTO `media` (`id`, `media_name`, `user_id`, `offer_id`, `media_type_id`, `description`, `filesize`, `metadata`, `created_at`, `updated_at`) VALUES (373, 'ut', 12, 28, 1, 'Vel dolor distinctio veniam quo. Accusantium consequatur eligendi veniam sed voluptates cumque occaecati. Alias ipsum quaerat illum repudiandae.', '5', NULL, '2012-10-24 11:21:39', '2000-04-30 03:17:37');
INSERT INTO `media` (`id`, `media_name`, `user_id`, `offer_id`, `media_type_id`, `description`, `filesize`, `metadata`, `created_at`, `updated_at`) VALUES (374, 'harum', 47, 16, 2, 'Facere neque omnis nihil nostrum. Repellat itaque corporis eos eius non quae. Illum blanditiis assumenda laudantium et modi tenetur aut. Fuga facilis qui aliquam.', '2671633', NULL, '1984-04-03 15:16:20', '1992-11-05 09:42:51');
INSERT INTO `media` (`id`, `media_name`, `user_id`, `offer_id`, `media_type_id`, `description`, `filesize`, `metadata`, `created_at`, `updated_at`) VALUES (375, 'vel', 37, 36, 1, 'Minima nihil fuga voluptatem quas. Eveniet dolor ipsam inventore dicta et. Est aliquam placeat et reiciendis. Maiores sit et ratione consequatur.', '2289000', NULL, '2017-04-07 04:46:16', '1999-12-06 09:20:25');
INSERT INTO `media` (`id`, `media_name`, `user_id`, `offer_id`, `media_type_id`, `description`, `filesize`, `metadata`, `created_at`, `updated_at`) VALUES (376, 'neque', 18, 11, 2, 'Dolorum blanditiis ut ut vel commodi sunt. Id aperiam aspernatur facere et eveniet. Aut commodi tempora sed voluptatem consequatur inventore sint.', '59', NULL, '2019-11-18 05:44:19', '1979-01-27 13:53:02');
INSERT INTO `media` (`id`, `media_name`, `user_id`, `offer_id`, `media_type_id`, `description`, `filesize`, `metadata`, `created_at`, `updated_at`) VALUES (377, 'exercitationem', 34, 2, 1, 'Nobis non voluptas rerum fugiat vel voluptatem dignissimos. Et voluptatem similique quos. Tenetur quisquam dolores deleniti sint perferendis.', '17', NULL, '1991-01-23 01:00:19', '1996-05-05 11:29:04');
INSERT INTO `media` (`id`, `media_name`, `user_id`, `offer_id`, `media_type_id`, `description`, `filesize`, `metadata`, `created_at`, `updated_at`) VALUES (378, 'ducimus', 16, 42, 2, 'Ut est voluptatibus minus suscipit. Et consequatur distinctio animi consectetur fugit dignissimos. Eos amet perspiciatis nobis rerum fugiat placeat at quod. Amet ut saepe omnis temporibus unde. Deleniti aut expedita alias sunt fuga.', '909582178', NULL, '2016-02-10 20:32:57', '1973-05-12 21:23:40');
INSERT INTO `media` (`id`, `media_name`, `user_id`, `offer_id`, `media_type_id`, `description`, `filesize`, `metadata`, `created_at`, `updated_at`) VALUES (379, 'voluptates', 63, 8, 2, 'Excepturi placeat explicabo recusandae quis harum. Voluptas aut iste blanditiis facilis harum. Ut fuga sint et et officiis. Eos distinctio inventore quod ex voluptatibus. Vitae occaecati eveniet praesentium cupiditate ea.', '77650791', NULL, '1996-01-10 03:52:15', '1980-11-13 13:21:47');
INSERT INTO `media` (`id`, `media_name`, `user_id`, `offer_id`, `media_type_id`, `description`, `filesize`, `metadata`, `created_at`, `updated_at`) VALUES (380, 'nihil', 72, 42, 1, 'Distinctio dolor adipisci quia veniam animi modi omnis. Eligendi autem reprehenderit quod doloribus. Vitae occaecati ut eos molestiae. Perspiciatis minus sunt ullam sit expedita.', '35', NULL, '1978-09-12 16:15:55', '1991-03-16 18:44:14');
INSERT INTO `media` (`id`, `media_name`, `user_id`, `offer_id`, `media_type_id`, `description`, `filesize`, `metadata`, `created_at`, `updated_at`) VALUES (381, 'dolorum', 97, 10, 1, 'Et et cupiditate et nostrum commodi. Aut qui minus harum optio.', '212', NULL, '1986-06-08 15:16:13', '2006-10-17 15:30:36');
INSERT INTO `media` (`id`, `media_name`, `user_id`, `offer_id`, `media_type_id`, `description`, `filesize`, `metadata`, `created_at`, `updated_at`) VALUES (382, 'officiis', 96, 20, 2, 'Saepe suscipit occaecati consequatur velit exercitationem eum modi. Rerum eum quia omnis officiis quisquam eligendi. Incidunt in quis officia aut consequuntur laudantium. Molestias est eos temporibus tenetur perferendis molestiae.', '101631029', NULL, '1997-05-11 21:25:29', '2018-11-07 00:59:56');
INSERT INTO `media` (`id`, `media_name`, `user_id`, `offer_id`, `media_type_id`, `description`, `filesize`, `metadata`, `created_at`, `updated_at`) VALUES (383, 'ut', 13, 5, 1, 'Nemo sit voluptatem natus explicabo quo. Eius soluta sequi voluptates nobis tenetur. Necessitatibus nesciunt enim numquam tempore animi. Possimus adipisci iure enim labore quaerat.', '978299', NULL, '1988-06-17 17:01:39', '2007-02-01 13:55:02');
INSERT INTO `media` (`id`, `media_name`, `user_id`, `offer_id`, `media_type_id`, `description`, `filesize`, `metadata`, `created_at`, `updated_at`) VALUES (384, 'ipsam', 70, 3, 2, 'Quis et cupiditate dolores iusto voluptate voluptatum. Iure enim vel facilis voluptas quo architecto. Doloremque est eius perferendis rerum.', '172266', NULL, '1981-11-20 06:11:59', '1994-04-28 17:49:21');
INSERT INTO `media` (`id`, `media_name`, `user_id`, `offer_id`, `media_type_id`, `description`, `filesize`, `metadata`, `created_at`, `updated_at`) VALUES (385, 'at', 47, 7, 2, 'Iure aliquid labore quidem adipisci unde quo. Aut ad minus eos maiores officiis minima odit ut. Enim et exercitationem eum. Reprehenderit expedita provident deserunt alias rerum fuga iste ut.', '305', NULL, '1985-05-31 02:41:42', '1986-05-06 17:07:33');
INSERT INTO `media` (`id`, `media_name`, `user_id`, `offer_id`, `media_type_id`, `description`, `filesize`, `metadata`, `created_at`, `updated_at`) VALUES (386, 'omnis', 70, 27, 1, 'Qui sint aspernatur nam. Nulla dolor ab tenetur. Sit cum cupiditate ut quis cum et odio. Iste sit atque ut esse.', '44950', NULL, '1972-08-29 19:18:56', '1994-11-09 00:26:56');
INSERT INTO `media` (`id`, `media_name`, `user_id`, `offer_id`, `media_type_id`, `description`, `filesize`, `metadata`, `created_at`, `updated_at`) VALUES (387, 'ducimus', 77, 13, 1, 'Dicta expedita voluptatem id ipsa. Et non aut maiores. Dolores harum libero saepe. Adipisci assumenda beatae ex eos aut.', '15401614', NULL, '1987-03-20 07:13:52', '1981-12-02 17:25:50');
INSERT INTO `media` (`id`, `media_name`, `user_id`, `offer_id`, `media_type_id`, `description`, `filesize`, `metadata`, `created_at`, `updated_at`) VALUES (388, 'commodi', 18, 8, 1, 'Hic vero inventore debitis soluta consequatur at. Eum neque recusandae blanditiis enim. Atque expedita cumque numquam.', '3', NULL, '1999-08-10 01:21:56', '2007-09-09 02:19:34');
INSERT INTO `media` (`id`, `media_name`, `user_id`, `offer_id`, `media_type_id`, `description`, `filesize`, `metadata`, `created_at`, `updated_at`) VALUES (389, 'magni', 26, 43, 1, 'Aliquam reprehenderit laudantium repudiandae occaecati dolorum culpa consequatur rerum. Rerum id quod eveniet aliquid saepe eius. Velit quia esse qui sed et voluptate. Ducimus ut sit veniam quia quia.', '86247551', NULL, '1985-08-07 16:49:38', '1990-04-27 05:24:13');
INSERT INTO `media` (`id`, `media_name`, `user_id`, `offer_id`, `media_type_id`, `description`, `filesize`, `metadata`, `created_at`, `updated_at`) VALUES (390, 'expedita', 90, 27, 1, 'Occaecati voluptatem et officia velit. Autem repellat voluptate adipisci odio aliquam suscipit consequatur in. Nostrum dignissimos unde architecto ut aut. Quia ut sapiente autem laboriosam sed excepturi.', '62329547', NULL, '1981-09-28 21:05:52', '1984-12-08 01:15:54');
INSERT INTO `media` (`id`, `media_name`, `user_id`, `offer_id`, `media_type_id`, `description`, `filesize`, `metadata`, `created_at`, `updated_at`) VALUES (391, 'alias', 7, 35, 1, 'Quia consequuntur et aliquam autem eum quasi. Animi iure eum molestias quae similique quod ut sapiente. Nobis exercitationem accusamus enim molestiae reiciendis nemo.', '58104944', NULL, '1985-09-17 10:17:02', '1986-09-18 20:30:10');
INSERT INTO `media` (`id`, `media_name`, `user_id`, `offer_id`, `media_type_id`, `description`, `filesize`, `metadata`, `created_at`, `updated_at`) VALUES (392, 'commodi', 51, 10, 1, 'Facilis quia iusto sequi labore non adipisci illo sint. Harum voluptates mollitia enim quam. Vel quo consectetur non in occaecati.', '933', NULL, '1988-11-28 12:14:45', '1983-09-18 15:36:45');
INSERT INTO `media` (`id`, `media_name`, `user_id`, `offer_id`, `media_type_id`, `description`, `filesize`, `metadata`, `created_at`, `updated_at`) VALUES (393, 'itaque', 2, 6, 1, 'Est eius id sunt corporis occaecati fuga. Aut possimus ea dolorum et. Qui minus iure odit ut a est.', '27304', NULL, '1985-08-22 14:21:09', '1995-02-19 13:26:15');
INSERT INTO `media` (`id`, `media_name`, `user_id`, `offer_id`, `media_type_id`, `description`, `filesize`, `metadata`, `created_at`, `updated_at`) VALUES (394, 'pariatur', 72, 47, 1, 'Consequatur rerum soluta magnam illo enim ut. Vero hic ratione dolor odio. Aut voluptas qui est veritatis sed tempora. Cupiditate voluptatem et vitae dolorem fugit.', '141872', NULL, '1971-08-05 09:20:32', '1998-02-06 16:22:47');
INSERT INTO `media` (`id`, `media_name`, `user_id`, `offer_id`, `media_type_id`, `description`, `filesize`, `metadata`, `created_at`, `updated_at`) VALUES (395, 'facere', 39, 46, 2, 'Excepturi ea recusandae mollitia enim reprehenderit. Qui dolorum corporis dolorem qui corrupti suscipit dicta. Vero eius quidem eveniet.', '206852', NULL, '1981-05-13 13:59:23', '2009-02-23 02:10:06');
INSERT INTO `media` (`id`, `media_name`, `user_id`, `offer_id`, `media_type_id`, `description`, `filesize`, `metadata`, `created_at`, `updated_at`) VALUES (396, 'vel', 53, 29, 2, 'Qui dolorem eum eos eaque ea. Est alias maiores necessitatibus. Ex harum doloremque vel ut iusto. Rerum laboriosam dolore exercitationem temporibus dolorum autem.', '772', NULL, '1986-11-22 14:02:48', '1986-12-03 22:49:05');
INSERT INTO `media` (`id`, `media_name`, `user_id`, `offer_id`, `media_type_id`, `description`, `filesize`, `metadata`, `created_at`, `updated_at`) VALUES (397, 'explicabo', 44, 50, 1, 'Voluptas sunt corrupti quidem quia quia et accusamus. Eos pariatur aut quibusdam hic quia. Provident nemo eos et totam. Vitae qui asperiores beatae perferendis et iure.', '61', NULL, '2001-01-30 06:41:13', '1981-06-29 07:27:28');
INSERT INTO `media` (`id`, `media_name`, `user_id`, `offer_id`, `media_type_id`, `description`, `filesize`, `metadata`, `created_at`, `updated_at`) VALUES (398, 'at', 7, 2, 1, 'Voluptas qui est qui. Ex consequatur accusamus commodi. Quis hic tempore quam quod est illo illo. Soluta expedita odio voluptatem expedita.', '11', NULL, '2015-08-28 01:45:22', '2012-11-26 23:28:53');
INSERT INTO `media` (`id`, `media_name`, `user_id`, `offer_id`, `media_type_id`, `description`, `filesize`, `metadata`, `created_at`, `updated_at`) VALUES (399, 'nemo', 51, 33, 2, 'Culpa molestiae ad quae ducimus error est. Est distinctio aut deserunt esse corporis itaque. Repudiandae nesciunt eaque in dolorem aut. Tempore consequatur quis id quia non assumenda. Tempore ut rerum minima iure consectetur ea vel.', '8', NULL, '2002-03-04 08:35:47', '2015-07-29 15:13:57');
INSERT INTO `media` (`id`, `media_name`, `user_id`, `offer_id`, `media_type_id`, `description`, `filesize`, `metadata`, `created_at`, `updated_at`) VALUES (400, 'perspiciatis', 90, 34, 2, 'Quia laborum esse id numquam. Labore a beatae voluptate est necessitatibus. Qui qui beatae possimus rerum sit sed. Libero enim hic sunt odio. Perspiciatis qui nulla voluptas voluptatem deserunt.', '84', NULL, '1980-05-25 21:34:05', '1995-10-02 05:14:45');
INSERT INTO `media` (`id`, `media_name`, `user_id`, `offer_id`, `media_type_id`, `description`, `filesize`, `metadata`, `created_at`, `updated_at`) VALUES (401, 'dolor', 5, 46, 1, 'Iure quibusdam velit magnam possimus. Sequi non doloribus temporibus est necessitatibus repudiandae qui. Voluptatem ducimus molestiae est et fugit.', '18', NULL, '2008-06-10 23:42:23', '2010-09-12 15:49:48');
INSERT INTO `media` (`id`, `media_name`, `user_id`, `offer_id`, `media_type_id`, `description`, `filesize`, `metadata`, `created_at`, `updated_at`) VALUES (402, 'quas', 76, 22, 2, 'Aut est adipisci aliquam quo ex voluptatum ut. Provident doloremque quasi eum aliquam et est dolor. Quasi omnis sed deserunt quis occaecati eum ex.', '400549', NULL, '1991-06-07 09:30:44', '2007-12-08 21:14:59');
INSERT INTO `media` (`id`, `media_name`, `user_id`, `offer_id`, `media_type_id`, `description`, `filesize`, `metadata`, `created_at`, `updated_at`) VALUES (403, 'voluptas', 7, 21, 1, 'Atque vel deleniti autem omnis. Totam consequatur iste exercitationem saepe voluptatem debitis reprehenderit et. Excepturi ullam sunt quod veritatis doloribus. Sapiente excepturi tempore aut eveniet id. Sapiente nihil tenetur quidem.', '74', NULL, '1994-03-03 01:45:36', '1971-11-17 11:37:09');
INSERT INTO `media` (`id`, `media_name`, `user_id`, `offer_id`, `media_type_id`, `description`, `filesize`, `metadata`, `created_at`, `updated_at`) VALUES (404, 'eius', 11, 25, 2, 'Delectus odio culpa aspernatur est nihil aut consequatur. Fugit aut est aut laborum voluptatem quia. Facere in non nihil omnis nesciunt. Rerum qui placeat eveniet dolor quisquam doloribus aut.', '4889', NULL, '2003-06-16 05:10:50', '1995-02-25 16:53:04');
INSERT INTO `media` (`id`, `media_name`, `user_id`, `offer_id`, `media_type_id`, `description`, `filesize`, `metadata`, `created_at`, `updated_at`) VALUES (405, 'dolore', 7, 16, 2, 'Maxime ut iure ea dolores. Laboriosam dolores id maiores repellendus optio illo. Aut quis id est eligendi. Molestiae quidem doloremque harum molestiae nobis.', '1', NULL, '1983-04-27 23:04:07', '1988-02-19 16:45:14');
INSERT INTO `media` (`id`, `media_name`, `user_id`, `offer_id`, `media_type_id`, `description`, `filesize`, `metadata`, `created_at`, `updated_at`) VALUES (406, 'cum', 17, 17, 2, 'Sapiente eius est vel delectus numquam. Qui occaecati quaerat laborum molestiae. Aut adipisci cumque velit eos deserunt sit.', '5955584', NULL, '1991-12-11 21:54:42', '1980-10-02 17:03:25');
INSERT INTO `media` (`id`, `media_name`, `user_id`, `offer_id`, `media_type_id`, `description`, `filesize`, `metadata`, `created_at`, `updated_at`) VALUES (407, 'ut', 70, 6, 2, 'Et dolor hic id fugit. Deleniti id ut enim similique sed dicta et. Voluptatem deserunt odit accusantium quia velit.', '338', NULL, '1989-02-03 06:36:24', '1970-04-26 23:19:04');
INSERT INTO `media` (`id`, `media_name`, `user_id`, `offer_id`, `media_type_id`, `description`, `filesize`, `metadata`, `created_at`, `updated_at`) VALUES (408, 'minus', 59, 38, 2, 'Autem vel dolorem saepe minus ea sunt occaecati. Dolorem impedit error illo natus tempora aut. Qui odio ipsam velit quia tempore est eum similique. Voluptatem nemo sed magni nisi. Quaerat magni repellat est corrupti nemo repellendus quaerat deleniti.', '0', NULL, '2015-09-13 00:01:21', '2015-01-19 18:11:41');
INSERT INTO `media` (`id`, `media_name`, `user_id`, `offer_id`, `media_type_id`, `description`, `filesize`, `metadata`, `created_at`, `updated_at`) VALUES (409, 'numquam', 21, 29, 1, 'Corrupti beatae dolorum non reprehenderit quo cum a. Nobis dignissimos ut id in maiores eveniet. Et vel ut asperiores. Quia voluptatem doloremque eius consectetur.', '61', NULL, '1980-10-18 04:36:16', '2020-12-10 03:43:38');
INSERT INTO `media` (`id`, `media_name`, `user_id`, `offer_id`, `media_type_id`, `description`, `filesize`, `metadata`, `created_at`, `updated_at`) VALUES (410, 'quidem', 7, 48, 2, 'Autem excepturi consequatur eum aut itaque laudantium voluptas. Quidem eum optio ea et. Quas natus inventore incidunt quo explicabo. Iusto dolores et magni repellendus.', '309099050', NULL, '1982-03-18 13:12:06', '1970-04-08 02:26:38');
INSERT INTO `media` (`id`, `media_name`, `user_id`, `offer_id`, `media_type_id`, `description`, `filesize`, `metadata`, `created_at`, `updated_at`) VALUES (411, 'libero', 100, 28, 2, 'Qui nobis natus soluta eum non aut. Quis maiores maxime commodi minima. Et molestiae deleniti aperiam id magni et est. Omnis est id sint autem.', '4606493', NULL, '1980-07-10 23:45:07', '1993-01-06 23:33:08');
INSERT INTO `media` (`id`, `media_name`, `user_id`, `offer_id`, `media_type_id`, `description`, `filesize`, `metadata`, `created_at`, `updated_at`) VALUES (412, 'suscipit', 30, 8, 1, 'Accusantium error neque cupiditate enim in quo. Cum sit delectus distinctio deleniti aut. Et quos porro cum quia aliquam dolore.', '7', NULL, '2006-09-20 07:27:27', '1981-03-24 01:24:47');
INSERT INTO `media` (`id`, `media_name`, `user_id`, `offer_id`, `media_type_id`, `description`, `filesize`, `metadata`, `created_at`, `updated_at`) VALUES (413, 'nesciunt', 77, 18, 2, 'Accusamus velit omnis qui quis. Quis repellat officia nisi suscipit. Repellat magni omnis aperiam et illo.', '696', NULL, '2012-11-13 12:41:57', '2019-06-12 02:17:32');
INSERT INTO `media` (`id`, `media_name`, `user_id`, `offer_id`, `media_type_id`, `description`, `filesize`, `metadata`, `created_at`, `updated_at`) VALUES (414, 'qui', 7, 27, 1, 'Qui aut unde minus sed architecto enim nobis. Doloremque et vel voluptas quidem et ullam sed. Tempora voluptas repudiandae maxime nostrum.', '35499207', NULL, '1998-05-25 00:28:46', '1971-10-09 15:38:21');
INSERT INTO `media` (`id`, `media_name`, `user_id`, `offer_id`, `media_type_id`, `description`, `filesize`, `metadata`, `created_at`, `updated_at`) VALUES (415, 'qui', 68, 49, 1, 'Consequatur esse sint consectetur. Soluta debitis rerum placeat. Aspernatur id magni omnis et suscipit.', '51685', NULL, '2020-11-14 15:23:47', '2012-05-24 17:05:18');
INSERT INTO `media` (`id`, `media_name`, `user_id`, `offer_id`, `media_type_id`, `description`, `filesize`, `metadata`, `created_at`, `updated_at`) VALUES (416, 'amet', 37, 36, 1, 'Quo quam quisquam amet sapiente. Dolorum nostrum tempora et est eius suscipit. Doloremque omnis ipsam quasi cum cupiditate sequi adipisci.', '0', NULL, '2007-01-20 18:10:37', '1994-01-26 09:19:08');
INSERT INTO `media` (`id`, `media_name`, `user_id`, `offer_id`, `media_type_id`, `description`, `filesize`, `metadata`, `created_at`, `updated_at`) VALUES (417, 'hic', 90, 7, 2, 'Quae possimus sequi autem et delectus omnis. Et blanditiis qui voluptatum nam asperiores qui occaecati nihil. Nihil reprehenderit quasi assumenda autem. Quaerat eos consequuntur et facere amet quia aspernatur.', '0', NULL, '1995-02-18 04:09:20', '2001-12-19 08:33:57');
INSERT INTO `media` (`id`, `media_name`, `user_id`, `offer_id`, `media_type_id`, `description`, `filesize`, `metadata`, `created_at`, `updated_at`) VALUES (418, 'perspiciatis', 64, 8, 1, 'Rem ut corporis ut dolor. Aspernatur vel enim qui dolor adipisci nisi.', '1', NULL, '2001-09-24 09:50:39', '1988-05-17 23:57:38');
INSERT INTO `media` (`id`, `media_name`, `user_id`, `offer_id`, `media_type_id`, `description`, `filesize`, `metadata`, `created_at`, `updated_at`) VALUES (419, 'doloribus', 80, 48, 1, 'Atque sunt illum nobis placeat. Ut voluptatem quasi accusamus ducimus facilis rem doloribus non. Praesentium corrupti rem ut. Sed quam rerum a fugiat corrupti eaque.', '26978', NULL, '1980-04-19 20:08:43', '2012-08-04 22:20:17');
INSERT INTO `media` (`id`, `media_name`, `user_id`, `offer_id`, `media_type_id`, `description`, `filesize`, `metadata`, `created_at`, `updated_at`) VALUES (420, 'assumenda', 50, 2, 2, 'Deleniti qui impedit illum. Dolorem et consequatur corporis aliquam inventore. Quod qui saepe velit cum id quas.', '49', NULL, '2004-06-14 11:19:29', '1979-10-27 11:09:18');
INSERT INTO `media` (`id`, `media_name`, `user_id`, `offer_id`, `media_type_id`, `description`, `filesize`, `metadata`, `created_at`, `updated_at`) VALUES (421, 'eveniet', 26, 14, 2, 'Ea temporibus impedit occaecati ipsa nesciunt rerum magnam et. Corrupti dignissimos necessitatibus ut eius autem. Eligendi vel doloribus nobis vero praesentium sint voluptatibus.', '774886934', NULL, '2005-04-04 20:58:34', '1986-03-07 18:23:50');
INSERT INTO `media` (`id`, `media_name`, `user_id`, `offer_id`, `media_type_id`, `description`, `filesize`, `metadata`, `created_at`, `updated_at`) VALUES (422, 'amet', 71, 44, 2, 'Et eius nam sunt amet temporibus. Quo aspernatur quas porro architecto. Totam cum soluta eum sed eos quae occaecati. Totam numquam dolores impedit qui.', '803887', NULL, '2002-07-09 19:14:19', '2021-04-18 17:27:57');
INSERT INTO `media` (`id`, `media_name`, `user_id`, `offer_id`, `media_type_id`, `description`, `filesize`, `metadata`, `created_at`, `updated_at`) VALUES (423, 'facere', 77, 17, 2, 'Qui minus dolorum explicabo eum dolorem fuga. Culpa animi nihil enim similique et molestiae repudiandae. Sed quis sit quis praesentium dolor libero rerum. Voluptas culpa tempora temporibus maxime fugit aut eveniet. Aspernatur est mollitia sint et.', '754', NULL, '2012-09-23 18:28:40', '2011-11-09 16:59:24');
INSERT INTO `media` (`id`, `media_name`, `user_id`, `offer_id`, `media_type_id`, `description`, `filesize`, `metadata`, `created_at`, `updated_at`) VALUES (424, 'voluptas', 68, 25, 1, 'Perferendis optio ea distinctio laboriosam voluptatum dolores. Amet quidem et odio dolores voluptate provident natus culpa. Incidunt eos in provident sit.', '0', NULL, '2005-12-24 16:04:03', '1994-08-01 05:40:35');
INSERT INTO `media` (`id`, `media_name`, `user_id`, `offer_id`, `media_type_id`, `description`, `filesize`, `metadata`, `created_at`, `updated_at`) VALUES (425, 'voluptatibus', 47, 20, 1, 'Est ullam quia ut iure hic eos voluptatem occaecati. Doloremque exercitationem omnis hic commodi cum vel iusto ab. Molestiae autem cum aut blanditiis magnam enim voluptatum in.', '62072', NULL, '2007-02-05 22:04:30', '2000-03-25 11:27:21');
INSERT INTO `media` (`id`, `media_name`, `user_id`, `offer_id`, `media_type_id`, `description`, `filesize`, `metadata`, `created_at`, `updated_at`) VALUES (426, 'delectus', 35, 45, 2, 'Quis debitis eos debitis et mollitia eum aperiam. Non quod in error et consectetur magni placeat doloribus. Exercitationem debitis magnam placeat illum. Ut dolore qui ut tempora autem sequi.', '110662', NULL, '1972-07-19 16:55:24', '1990-01-21 00:49:55');
INSERT INTO `media` (`id`, `media_name`, `user_id`, `offer_id`, `media_type_id`, `description`, `filesize`, `metadata`, `created_at`, `updated_at`) VALUES (427, 'rerum', 34, 14, 2, 'Qui earum iste deserunt consequatur. Iure voluptatum cum tenetur nemo optio aut. Dignissimos sapiente esse pariatur ut id neque error consequuntur. Velit velit aut sint dolores.', '0', NULL, '2012-01-02 06:20:11', '2008-03-28 10:46:51');
INSERT INTO `media` (`id`, `media_name`, `user_id`, `offer_id`, `media_type_id`, `description`, `filesize`, `metadata`, `created_at`, `updated_at`) VALUES (428, 'commodi', 85, 43, 1, 'Tenetur nesciunt quaerat quibusdam rem sapiente. Voluptatem ut ullam est molestiae. Nihil voluptas accusamus reiciendis eveniet libero et qui. Repellendus atque praesentium officiis et qui.', '8', NULL, '1980-10-20 03:12:58', '1977-11-15 06:04:48');
INSERT INTO `media` (`id`, `media_name`, `user_id`, `offer_id`, `media_type_id`, `description`, `filesize`, `metadata`, `created_at`, `updated_at`) VALUES (429, 'blanditiis', 43, 18, 2, 'Eos facere eius delectus deleniti. Molestiae nisi rerum recusandae debitis voluptatem ipsa. Deserunt quia qui veritatis voluptas quo adipisci ut. Voluptate in consequatur culpa accusantium alias sequi. Earum qui est laudantium enim.', '3042', NULL, '1991-07-17 10:27:22', '1995-05-02 17:23:46');
INSERT INTO `media` (`id`, `media_name`, `user_id`, `offer_id`, `media_type_id`, `description`, `filesize`, `metadata`, `created_at`, `updated_at`) VALUES (430, 'molestiae', 89, 29, 1, 'Nobis repudiandae illum ad deserunt at. Sunt eos quidem doloribus soluta dicta autem maxime.', '6', NULL, '2014-04-21 07:19:31', '1992-08-25 08:40:18');
INSERT INTO `media` (`id`, `media_name`, `user_id`, `offer_id`, `media_type_id`, `description`, `filesize`, `metadata`, `created_at`, `updated_at`) VALUES (431, 'error', 51, 46, 1, 'Beatae cumque quia enim quibusdam nihil alias. Non quia nam quis et ut et. Non doloremque quibusdam ex aut rerum dolorem et et. Aut autem mollitia voluptas veritatis.', '147169', NULL, '1976-04-12 20:15:18', '1986-12-28 07:36:37');
INSERT INTO `media` (`id`, `media_name`, `user_id`, `offer_id`, `media_type_id`, `description`, `filesize`, `metadata`, `created_at`, `updated_at`) VALUES (432, 'nesciunt', 9, 34, 2, 'Id autem nisi totam modi non. Et sed ipsam perferendis.', '4', NULL, '1997-06-11 08:46:01', '1987-05-21 11:09:47');
INSERT INTO `media` (`id`, `media_name`, `user_id`, `offer_id`, `media_type_id`, `description`, `filesize`, `metadata`, `created_at`, `updated_at`) VALUES (433, 'omnis', 41, 33, 2, 'Qui quaerat ratione excepturi sed. Impedit incidunt odio occaecati ipsa. Id consectetur a repellendus quis aspernatur consectetur ipsa. Suscipit ut et dolores quasi molestiae.', '482883', NULL, '2019-11-07 21:45:48', '2016-01-17 21:14:54');
INSERT INTO `media` (`id`, `media_name`, `user_id`, `offer_id`, `media_type_id`, `description`, `filesize`, `metadata`, `created_at`, `updated_at`) VALUES (434, 'sunt', 93, 16, 2, 'Eum sint rem unde asperiores minima nulla. Sit ea eaque vel sed deleniti.', '10', NULL, '2005-05-01 04:11:22', '1988-03-04 19:26:09');
INSERT INTO `media` (`id`, `media_name`, `user_id`, `offer_id`, `media_type_id`, `description`, `filesize`, `metadata`, `created_at`, `updated_at`) VALUES (435, 'officiis', 53, 5, 2, 'Repellat voluptas adipisci eum nesciunt. Quibusdam ad ut aut adipisci omnis neque eos animi. Inventore similique inventore perspiciatis enim ratione optio. Harum cumque dolor dolorum veniam.', '17446', NULL, '1980-05-07 22:04:28', '1992-03-02 03:38:06');
INSERT INTO `media` (`id`, `media_name`, `user_id`, `offer_id`, `media_type_id`, `description`, `filesize`, `metadata`, `created_at`, `updated_at`) VALUES (436, 'ea', 70, 7, 2, 'Nesciunt reiciendis saepe enim ut odit. Tempore perspiciatis maxime illum itaque autem. Non dolor nisi quos consequatur ut minus. Recusandae eos officiis et et omnis laudantium quibusdam.', '65', NULL, '1978-03-26 14:46:39', '1971-11-15 15:21:32');
INSERT INTO `media` (`id`, `media_name`, `user_id`, `offer_id`, `media_type_id`, `description`, `filesize`, `metadata`, `created_at`, `updated_at`) VALUES (437, 'pariatur', 15, 35, 2, 'Architecto quia eos dolore libero sequi et. Voluptatum incidunt doloribus rerum vitae dolor architecto doloremque qui. Fuga maxime ut nihil aspernatur. Optio rerum sit quia dolorum autem nostrum placeat.', '958298', NULL, '2004-02-01 12:49:57', '1979-12-22 04:29:24');
INSERT INTO `media` (`id`, `media_name`, `user_id`, `offer_id`, `media_type_id`, `description`, `filesize`, `metadata`, `created_at`, `updated_at`) VALUES (438, 'similique', 94, 34, 1, 'Sed ea eius omnis dolores. Occaecati voluptatum culpa sapiente dignissimos quibusdam quia molestiae. Nisi repellendus molestiae corporis. Earum rerum doloribus ut ipsam eligendi. Adipisci magnam quam fuga velit.', '99359', NULL, '1981-04-02 12:53:28', '1971-11-03 13:28:40');
INSERT INTO `media` (`id`, `media_name`, `user_id`, `offer_id`, `media_type_id`, `description`, `filesize`, `metadata`, `created_at`, `updated_at`) VALUES (439, 'ut', 44, 15, 2, 'Quos dolore amet quis neque quo id. Voluptas dolor doloremque ut adipisci. Optio et excepturi explicabo ea. Itaque sapiente facere assumenda possimus recusandae commodi autem.', '15162023', NULL, '1982-09-23 17:52:00', '2012-09-11 03:25:00');
INSERT INTO `media` (`id`, `media_name`, `user_id`, `offer_id`, `media_type_id`, `description`, `filesize`, `metadata`, `created_at`, `updated_at`) VALUES (440, 'dolores', 44, 8, 1, 'Ut ipsum est deleniti doloremque. Eligendi rerum eaque temporibus tenetur vero delectus eos expedita.', '910', NULL, '2018-10-14 02:13:14', '2013-05-01 09:16:49');
INSERT INTO `media` (`id`, `media_name`, `user_id`, `offer_id`, `media_type_id`, `description`, `filesize`, `metadata`, `created_at`, `updated_at`) VALUES (441, 'nam', 75, 40, 2, 'Autem excepturi quidem impedit sapiente tempora. Repellat sit repudiandae alias quo quia qui pariatur. Dolorem dolores id vel ea repellat nostrum vitae. Aut sed suscipit totam dolorem.', '4', NULL, '2015-04-19 01:03:52', '1990-07-26 17:46:59');
INSERT INTO `media` (`id`, `media_name`, `user_id`, `offer_id`, `media_type_id`, `description`, `filesize`, `metadata`, `created_at`, `updated_at`) VALUES (442, 'voluptatibus', 79, 20, 1, 'Rerum sit nulla quasi cumque saepe eos veritatis. Modi amet ex aut suscipit blanditiis est reiciendis. Aliquid dicta pariatur dignissimos voluptatum distinctio vel.', '364361', NULL, '2013-08-23 16:02:05', '2014-10-23 15:07:11');
INSERT INTO `media` (`id`, `media_name`, `user_id`, `offer_id`, `media_type_id`, `description`, `filesize`, `metadata`, `created_at`, `updated_at`) VALUES (443, 'error', 53, 14, 2, 'Nostrum soluta explicabo saepe nobis. Rerum officiis non necessitatibus quasi consequuntur sint officiis. Et sint iure sapiente voluptas atque vero vero nostrum. Ea sit et velit occaecati.', '37144753', NULL, '2007-07-18 15:10:38', '1977-12-13 09:08:25');
INSERT INTO `media` (`id`, `media_name`, `user_id`, `offer_id`, `media_type_id`, `description`, `filesize`, `metadata`, `created_at`, `updated_at`) VALUES (444, 'repellendus', 31, 34, 2, 'Architecto impedit ut cum sunt fugit eum. Aut minus perferendis laborum suscipit et aut saepe. Ducimus molestiae placeat voluptatem cum. Omnis sint blanditiis at magni iure inventore.', '14797422', NULL, '1997-09-25 02:32:38', '1989-07-30 21:52:17');
INSERT INTO `media` (`id`, `media_name`, `user_id`, `offer_id`, `media_type_id`, `description`, `filesize`, `metadata`, `created_at`, `updated_at`) VALUES (445, 'et', 87, 18, 2, 'Beatae quasi laudantium id. Occaecati rerum quis rerum magni sunt. Dolores saepe asperiores in nulla aut veniam saepe. Iusto corrupti vel consequuntur quis eveniet sequi at.', '7691', NULL, '2001-04-05 04:38:31', '1981-12-28 19:56:42');
INSERT INTO `media` (`id`, `media_name`, `user_id`, `offer_id`, `media_type_id`, `description`, `filesize`, `metadata`, `created_at`, `updated_at`) VALUES (446, 'natus', 88, 42, 1, 'Et nostrum sit voluptatem itaque error necessitatibus. Sit dolores esse illum error perspiciatis velit.', '109140', NULL, '2005-01-28 12:38:36', '1990-08-07 13:48:55');
INSERT INTO `media` (`id`, `media_name`, `user_id`, `offer_id`, `media_type_id`, `description`, `filesize`, `metadata`, `created_at`, `updated_at`) VALUES (447, 'a', 27, 39, 1, 'Id a et vel aut et dolore rerum. Eligendi ut voluptas tempora odio voluptates quia. Sequi dolor quibusdam qui assumenda rerum vero et nam. Praesentium delectus voluptatibus velit quas ut fugit eligendi necessitatibus.', '455720661', NULL, '2006-08-17 01:09:47', '2011-04-21 20:56:47');
INSERT INTO `media` (`id`, `media_name`, `user_id`, `offer_id`, `media_type_id`, `description`, `filesize`, `metadata`, `created_at`, `updated_at`) VALUES (448, 'consectetur', 53, 16, 2, 'Quis voluptas sequi explicabo aut. Eos magnam aut exercitationem. Sequi fugiat voluptatem aut suscipit animi quia fugit.', '636', NULL, '1975-09-13 19:02:52', '1997-05-01 19:51:53');
INSERT INTO `media` (`id`, `media_name`, `user_id`, `offer_id`, `media_type_id`, `description`, `filesize`, `metadata`, `created_at`, `updated_at`) VALUES (449, 'autem', 94, 25, 1, 'Vero voluptatem commodi dolores et est. Voluptate nostrum sit consectetur dolorem ex et. Veniam qui dolor pariatur magni consequatur ut libero.', '28368058', NULL, '1977-05-02 05:16:42', '2015-10-15 13:01:22');
INSERT INTO `media` (`id`, `media_name`, `user_id`, `offer_id`, `media_type_id`, `description`, `filesize`, `metadata`, `created_at`, `updated_at`) VALUES (450, 'aut', 70, 8, 1, 'Magni expedita in quia voluptatem nam fugit et. Voluptatem aut ut dolorem. Aut aliquam quisquam officiis qui.', '79687552', NULL, '1998-09-11 07:05:55', '1979-09-15 08:08:40');
INSERT INTO `media` (`id`, `media_name`, `user_id`, `offer_id`, `media_type_id`, `description`, `filesize`, `metadata`, `created_at`, `updated_at`) VALUES (451, 'et', 1, 1, 2, 'Sit ut exercitationem libero voluptas voluptate ea voluptatibus. Accusantium ratione distinctio qui accusantium ab. Qui nobis placeat nihil quas sed explicabo omnis enim. Corrupti eius officia soluta. Qui perspiciatis voluptatem perspiciatis odio.', '566806370', NULL, '1995-06-11 10:08:37', '1985-03-22 10:10:26');
INSERT INTO `media` (`id`, `media_name`, `user_id`, `offer_id`, `media_type_id`, `description`, `filesize`, `metadata`, `created_at`, `updated_at`) VALUES (452, 'exercitationem', 64, 2, 2, 'Enim velit iusto quod tenetur aliquam. Non delectus asperiores et vel veritatis fuga ad. Alias ea et ut laudantium qui nam. Enim fuga ipsam consequatur voluptatem occaecati at quia quia. Doloremque voluptates ea autem.', '56317425', NULL, '2010-10-21 16:27:51', '2016-07-08 20:18:55');
INSERT INTO `media` (`id`, `media_name`, `user_id`, `offer_id`, `media_type_id`, `description`, `filesize`, `metadata`, `created_at`, `updated_at`) VALUES (453, 'est', 55, 18, 1, 'Dolorum delectus ut aut omnis facere. Et suscipit aspernatur aut aut consequatur deleniti. Sapiente hic iste et sint perferendis modi nostrum corrupti.', '0', NULL, '1970-04-29 23:41:57', '1988-07-09 12:48:03');
INSERT INTO `media` (`id`, `media_name`, `user_id`, `offer_id`, `media_type_id`, `description`, `filesize`, `metadata`, `created_at`, `updated_at`) VALUES (454, 'perferendis', 46, 14, 2, 'Aliquid explicabo consequatur itaque cum sed architecto quia. Dolorum debitis cumque quaerat vero fuga. Et id rerum facilis impedit voluptate illo. Dolor error et ab voluptas.', '119449948', NULL, '1975-11-05 17:48:07', '1995-10-01 18:17:22');
INSERT INTO `media` (`id`, `media_name`, `user_id`, `offer_id`, `media_type_id`, `description`, `filesize`, `metadata`, `created_at`, `updated_at`) VALUES (455, 'accusantium', 75, 41, 1, 'Quibusdam ea rerum vitae doloremque dicta qui voluptatem sed. In quod blanditiis delectus et sunt nesciunt. Eius nihil et quod.', '21738', NULL, '2016-07-07 00:46:05', '2012-07-31 07:24:28');
INSERT INTO `media` (`id`, `media_name`, `user_id`, `offer_id`, `media_type_id`, `description`, `filesize`, `metadata`, `created_at`, `updated_at`) VALUES (456, 'quasi', 44, 18, 1, 'Cum nisi porro sed nisi fugit sunt reprehenderit. Reiciendis delectus necessitatibus quo id. Est autem omnis laborum est corrupti. Excepturi molestiae exercitationem minus sit voluptatibus. Voluptatum aperiam veritatis distinctio in.', '0', NULL, '1970-11-13 12:55:34', '1970-01-20 15:25:21');
INSERT INTO `media` (`id`, `media_name`, `user_id`, `offer_id`, `media_type_id`, `description`, `filesize`, `metadata`, `created_at`, `updated_at`) VALUES (457, 'aspernatur', 66, 29, 2, 'Illo sed saepe veritatis rerum et deserunt quia. Incidunt incidunt dolorem ab aut velit aspernatur dolorem et. Placeat doloremque aut sit dignissimos minima ratione. Delectus tempore modi praesentium et.', '0', NULL, '2010-03-02 11:23:40', '2006-10-23 11:41:45');
INSERT INTO `media` (`id`, `media_name`, `user_id`, `offer_id`, `media_type_id`, `description`, `filesize`, `metadata`, `created_at`, `updated_at`) VALUES (458, 'maiores', 57, 27, 2, 'Molestias recusandae dicta eius perspiciatis provident eveniet doloribus vitae. Quibusdam voluptate quo commodi consequuntur. Laborum reprehenderit reprehenderit quos et enim et tenetur.', '4673', NULL, '2009-12-17 01:29:11', '1993-07-18 10:49:29');
INSERT INTO `media` (`id`, `media_name`, `user_id`, `offer_id`, `media_type_id`, `description`, `filesize`, `metadata`, `created_at`, `updated_at`) VALUES (459, 'odit', 47, 41, 2, 'Quidem enim occaecati sint consequuntur ipsum id. Qui numquam perspiciatis hic accusamus.', '544112', NULL, '1973-05-25 16:49:56', '2002-09-21 03:40:51');
INSERT INTO `media` (`id`, `media_name`, `user_id`, `offer_id`, `media_type_id`, `description`, `filesize`, `metadata`, `created_at`, `updated_at`) VALUES (460, 'voluptatem', 53, 17, 1, 'Quia nihil et omnis rerum nihil. Aut qui dolorem dolore totam quis vero occaecati. Aperiam a excepturi distinctio.', '492102', NULL, '1972-09-17 06:33:32', '1989-01-07 13:03:01');
INSERT INTO `media` (`id`, `media_name`, `user_id`, `offer_id`, `media_type_id`, `description`, `filesize`, `metadata`, `created_at`, `updated_at`) VALUES (461, 'sit', 68, 35, 2, 'Assumenda sint deleniti cum ullam ratione et. Enim sed natus rem neque nulla voluptatem aut. Et totam officiis sint.', '162', NULL, '1991-02-23 08:06:54', '2011-02-10 15:18:25');
INSERT INTO `media` (`id`, `media_name`, `user_id`, `offer_id`, `media_type_id`, `description`, `filesize`, `metadata`, `created_at`, `updated_at`) VALUES (462, 'esse', 82, 31, 1, 'Temporibus possimus unde illum. Velit delectus reiciendis est qui vero qui. Earum ut excepturi eum voluptas aut unde maxime explicabo. Explicabo sapiente quo odit aspernatur porro autem et ullam.', '5', NULL, '1970-10-10 02:44:25', '1997-02-03 23:13:13');
INSERT INTO `media` (`id`, `media_name`, `user_id`, `offer_id`, `media_type_id`, `description`, `filesize`, `metadata`, `created_at`, `updated_at`) VALUES (463, 'possimus', 56, 6, 2, 'Consequatur rerum adipisci eligendi voluptate aut sint. Vel pariatur velit eum et nisi quisquam delectus. Ipsam rerum eos quo. Autem voluptatem quam iste iure dolores et. Laboriosam vel odit dolore.', '866756167', NULL, '2003-08-20 21:04:43', '2020-02-12 08:22:36');
INSERT INTO `media` (`id`, `media_name`, `user_id`, `offer_id`, `media_type_id`, `description`, `filesize`, `metadata`, `created_at`, `updated_at`) VALUES (464, 'consequatur', 38, 39, 1, 'Sequi laboriosam est quia quasi exercitationem sequi. Earum accusamus incidunt inventore adipisci ut tempore. Neque error repellendus qui est beatae nobis. Iusto alias qui voluptas quis.', '6229481', NULL, '1984-06-13 15:00:11', '1999-10-14 05:12:23');
INSERT INTO `media` (`id`, `media_name`, `user_id`, `offer_id`, `media_type_id`, `description`, `filesize`, `metadata`, `created_at`, `updated_at`) VALUES (465, 'quia', 71, 47, 1, 'Voluptatem aliquid alias ab non natus a. Ipsam a suscipit a corrupti. Harum dignissimos sint sed dolorem voluptatem numquam unde. Blanditiis facere earum nulla odio quae et doloremque repellendus.', '397529', NULL, '2000-04-08 12:13:54', '1976-03-15 02:29:27');
INSERT INTO `media` (`id`, `media_name`, `user_id`, `offer_id`, `media_type_id`, `description`, `filesize`, `metadata`, `created_at`, `updated_at`) VALUES (466, 'dolorum', 82, 21, 1, 'Molestiae sequi unde laudantium fugit est laboriosam eius suscipit. Debitis earum et dolorum qui. Praesentium et ut autem impedit sapiente est. Odit ratione explicabo earum fugit minus doloremque.', '5636', NULL, '1997-09-05 13:31:55', '1984-11-24 12:40:12');
INSERT INTO `media` (`id`, `media_name`, `user_id`, `offer_id`, `media_type_id`, `description`, `filesize`, `metadata`, `created_at`, `updated_at`) VALUES (467, 'cupiditate', 91, 48, 1, 'Explicabo fugiat et et ea. Non libero rerum sint laudantium. Vitae architecto neque illo numquam sit blanditiis quibusdam. Blanditiis similique eos quo beatae necessitatibus.', '0', NULL, '1997-05-02 20:31:27', '1981-01-24 16:08:02');
INSERT INTO `media` (`id`, `media_name`, `user_id`, `offer_id`, `media_type_id`, `description`, `filesize`, `metadata`, `created_at`, `updated_at`) VALUES (468, 'natus', 42, 43, 1, 'Optio facilis hic est a iste. Est eligendi nulla dicta a natus totam cupiditate. Placeat beatae adipisci eveniet rerum.', '0', NULL, '2016-03-18 21:55:13', '2015-02-08 22:32:26');
INSERT INTO `media` (`id`, `media_name`, `user_id`, `offer_id`, `media_type_id`, `description`, `filesize`, `metadata`, `created_at`, `updated_at`) VALUES (469, 'voluptatem', 88, 40, 2, 'Tempore optio occaecati commodi accusantium illo quae. Dolorum eos unde quas molestiae. Alias consequatur dicta et molestiae officia est. Hic voluptatem nam soluta impedit quisquam maxime.', '833', NULL, '1989-10-18 23:48:00', '1994-03-05 01:32:33');
INSERT INTO `media` (`id`, `media_name`, `user_id`, `offer_id`, `media_type_id`, `description`, `filesize`, `metadata`, `created_at`, `updated_at`) VALUES (470, 'necessitatibus', 28, 44, 2, 'Alias adipisci nostrum iure. Illo a autem dolorem aperiam qui sit sit cumque. A saepe accusantium eveniet rerum.', '58471729', NULL, '1997-05-31 18:17:59', '2006-06-18 12:29:18');
INSERT INTO `media` (`id`, `media_name`, `user_id`, `offer_id`, `media_type_id`, `description`, `filesize`, `metadata`, `created_at`, `updated_at`) VALUES (471, 'possimus', 84, 5, 2, 'Natus quis tempore tenetur reiciendis provident suscipit libero. A et et quibusdam nostrum. At aut ipsum porro beatae quia ad quis.', '463', NULL, '1975-06-02 17:51:21', '1984-01-23 23:18:44');
INSERT INTO `media` (`id`, `media_name`, `user_id`, `offer_id`, `media_type_id`, `description`, `filesize`, `metadata`, `created_at`, `updated_at`) VALUES (472, 'eum', 95, 2, 2, 'Labore dolores vel est eos reprehenderit esse rerum. Dignissimos tempore quos repellendus ea. Reiciendis velit ipsum asperiores a.', '20775195', NULL, '1971-06-14 18:19:48', '2005-06-07 13:13:55');
INSERT INTO `media` (`id`, `media_name`, `user_id`, `offer_id`, `media_type_id`, `description`, `filesize`, `metadata`, `created_at`, `updated_at`) VALUES (473, 'veritatis', 34, 32, 2, 'Dignissimos fugit eveniet minima quos vitae qui ut. Dicta aperiam praesentium voluptates.', '11', NULL, '1981-03-14 00:26:20', '1999-03-25 01:02:19');
INSERT INTO `media` (`id`, `media_name`, `user_id`, `offer_id`, `media_type_id`, `description`, `filesize`, `metadata`, `created_at`, `updated_at`) VALUES (474, 'est', 84, 50, 2, 'Sequi tempora reiciendis vitae voluptates vel aut enim. Eaque quia sit occaecati unde nam dolor aut nihil. Velit enim harum minus in cupiditate. Voluptas in dolorem earum blanditiis doloribus sit dolor. Repellat voluptates quo distinctio in nisi.', '4204943', NULL, '1980-12-03 06:19:28', '1992-08-23 10:06:42');
INSERT INTO `media` (`id`, `media_name`, `user_id`, `offer_id`, `media_type_id`, `description`, `filesize`, `metadata`, `created_at`, `updated_at`) VALUES (475, 'dolores', 3, 12, 1, 'Quidem aut aut a inventore delectus voluptas. Eos nostrum non repellendus voluptatem aut dolores soluta. Sint praesentium vel quidem eligendi dolorum.', '96', NULL, '1974-11-29 22:05:12', '2010-01-31 21:36:23');
INSERT INTO `media` (`id`, `media_name`, `user_id`, `offer_id`, `media_type_id`, `description`, `filesize`, `metadata`, `created_at`, `updated_at`) VALUES (476, 'rerum', 66, 37, 2, 'Temporibus ut qui labore autem voluptate eos ratione. Alias amet cumque eos culpa minus ut. Esse qui dolor molestias ex vel error aperiam. Cumque facere minus rerum iusto esse laboriosam. Ut harum praesentium et voluptatem perferendis impedit repudiandae.', '573688', NULL, '2019-10-16 18:24:08', '2005-06-01 12:12:28');
INSERT INTO `media` (`id`, `media_name`, `user_id`, `offer_id`, `media_type_id`, `description`, `filesize`, `metadata`, `created_at`, `updated_at`) VALUES (477, 'sunt', 25, 33, 2, 'Modi nihil impedit porro maxime a doloremque. Odio quia velit blanditiis sint amet sed.', '551', NULL, '1972-10-29 05:28:57', '2017-02-06 20:24:31');
INSERT INTO `media` (`id`, `media_name`, `user_id`, `offer_id`, `media_type_id`, `description`, `filesize`, `metadata`, `created_at`, `updated_at`) VALUES (478, 'voluptatum', 82, 4, 2, 'Laborum at vero qui est facilis ipsam unde minus. Saepe corporis quia aut et quas et. Quos eum qui et perspiciatis culpa accusamus quia et. Officiis molestias facilis quod tenetur. Et veritatis atque nulla dolorem.', '3', NULL, '1970-11-02 16:42:40', '2020-12-28 03:30:08');
INSERT INTO `media` (`id`, `media_name`, `user_id`, `offer_id`, `media_type_id`, `description`, `filesize`, `metadata`, `created_at`, `updated_at`) VALUES (479, 'aut', 98, 24, 2, 'Dolor facilis consequatur numquam voluptates. Occaecati ipsum unde quis sapiente perferendis ut est. Sunt aspernatur iure mollitia accusamus nisi nesciunt et.', '7506844', NULL, '1982-08-22 05:03:19', '2007-02-02 12:19:00');
INSERT INTO `media` (`id`, `media_name`, `user_id`, `offer_id`, `media_type_id`, `description`, `filesize`, `metadata`, `created_at`, `updated_at`) VALUES (480, 'non', 49, 50, 2, 'Tempore cupiditate cum quis maxime consequatur omnis. Velit iusto vel quas accusamus id. Et ipsam blanditiis mollitia aut ut totam ut consequatur. Excepturi voluptatem delectus quaerat cupiditate id in quis.', '905034', NULL, '1979-11-01 03:51:15', '1985-08-11 01:45:06');
INSERT INTO `media` (`id`, `media_name`, `user_id`, `offer_id`, `media_type_id`, `description`, `filesize`, `metadata`, `created_at`, `updated_at`) VALUES (481, 'deleniti', 30, 13, 2, 'Eaque praesentium dolorem quae repellendus non culpa provident qui. Architecto numquam qui et omnis sint nulla nihil. Culpa nisi odio eos ipsa maxime. At qui quaerat quia.', '8720928', NULL, '1978-02-12 05:46:39', '1980-07-12 16:46:45');
INSERT INTO `media` (`id`, `media_name`, `user_id`, `offer_id`, `media_type_id`, `description`, `filesize`, `metadata`, `created_at`, `updated_at`) VALUES (482, 'voluptas', 62, 28, 2, 'Sequi harum nam sunt dolor labore quia. Quisquam nobis ea cum qui. Inventore explicabo minima consequatur est aut voluptas accusamus. Occaecati accusantium aut est atque ut repudiandae. At consequatur rerum iure optio sapiente ut.', '415679', NULL, '1991-10-01 12:10:39', '2011-05-02 21:23:04');
INSERT INTO `media` (`id`, `media_name`, `user_id`, `offer_id`, `media_type_id`, `description`, `filesize`, `metadata`, `created_at`, `updated_at`) VALUES (483, 'recusandae', 35, 11, 2, 'Qui rerum porro sit odit velit reiciendis ducimus. Molestiae doloribus omnis sapiente quis ullam. Voluptatem ipsum animi dolor illo qui cumque quae laudantium.', '857', NULL, '2014-05-28 19:45:41', '2004-07-11 14:30:03');
INSERT INTO `media` (`id`, `media_name`, `user_id`, `offer_id`, `media_type_id`, `description`, `filesize`, `metadata`, `created_at`, `updated_at`) VALUES (484, 'magnam', 41, 42, 1, 'Quo quibusdam reprehenderit optio et. Cupiditate eaque quae aut nobis omnis qui perferendis. Magni sapiente facere est qui. Repellat reiciendis aut sed natus.', '555002305', NULL, '1997-04-28 03:09:30', '2000-10-06 08:17:01');
INSERT INTO `media` (`id`, `media_name`, `user_id`, `offer_id`, `media_type_id`, `description`, `filesize`, `metadata`, `created_at`, `updated_at`) VALUES (485, 'et', 22, 7, 1, 'Quaerat consequuntur tenetur numquam placeat fugit. Eligendi eius error dicta. Exercitationem dicta modi ipsam assumenda et consectetur alias repudiandae. Doloremque est incidunt ipsam sunt.', '384820', NULL, '2014-05-31 03:46:45', '2016-11-02 22:57:01');
INSERT INTO `media` (`id`, `media_name`, `user_id`, `offer_id`, `media_type_id`, `description`, `filesize`, `metadata`, `created_at`, `updated_at`) VALUES (486, 'et', 92, 33, 2, 'Facere ipsum corrupti et qui soluta. Omnis nesciunt excepturi numquam numquam ratione tenetur. Laboriosam eos asperiores consequatur nesciunt.', '5', NULL, '1991-01-31 20:37:12', '1995-04-25 06:56:01');
INSERT INTO `media` (`id`, `media_name`, `user_id`, `offer_id`, `media_type_id`, `description`, `filesize`, `metadata`, `created_at`, `updated_at`) VALUES (487, 'sit', 1, 50, 1, 'Saepe molestias facilis ad sunt soluta. Sapiente soluta quia temporibus ut. Enim at id aut dolore quaerat. Blanditiis at quae id vel ipsum dolorem.', '51', NULL, '2011-12-03 17:14:07', '1976-04-11 22:25:30');
INSERT INTO `media` (`id`, `media_name`, `user_id`, `offer_id`, `media_type_id`, `description`, `filesize`, `metadata`, `created_at`, `updated_at`) VALUES (488, 'sed', 27, 43, 1, 'Repudiandae fugiat id nihil quos velit illum. Aut ratione sed itaque quis adipisci provident vitae. Aut voluptas ea nihil ut non. Doloremque labore consequatur eum deserunt quam mollitia rerum non.', '65922629', NULL, '1983-03-15 23:18:03', '1995-05-05 03:52:33');
INSERT INTO `media` (`id`, `media_name`, `user_id`, `offer_id`, `media_type_id`, `description`, `filesize`, `metadata`, `created_at`, `updated_at`) VALUES (489, 'dolores', 68, 11, 2, 'Corporis non facilis quo ad provident repellendus. Ducimus dolor voluptas ut atque adipisci sunt provident pariatur. Est cumque harum excepturi labore rem voluptates. Doloribus et eum est debitis corporis sequi et.', '97152', NULL, '2011-01-07 09:35:45', '1994-12-01 09:56:32');
INSERT INTO `media` (`id`, `media_name`, `user_id`, `offer_id`, `media_type_id`, `description`, `filesize`, `metadata`, `created_at`, `updated_at`) VALUES (490, 'quae', 74, 49, 2, 'Nobis nam quisquam voluptatem aperiam. Qui inventore id occaecati a et est a nostrum. Voluptas porro est tempore qui architecto provident magnam consectetur.', '722992620', NULL, '1972-10-18 12:20:44', '1979-12-31 23:37:37');
INSERT INTO `media` (`id`, `media_name`, `user_id`, `offer_id`, `media_type_id`, `description`, `filesize`, `metadata`, `created_at`, `updated_at`) VALUES (491, 'est', 36, 46, 2, 'Unde ex architecto est molestias. Mollitia maiores voluptates ipsa neque facere voluptatum. Autem totam ipsam inventore autem distinctio reiciendis.', '0', NULL, '1974-02-12 14:18:30', '2008-12-26 15:54:46');
INSERT INTO `media` (`id`, `media_name`, `user_id`, `offer_id`, `media_type_id`, `description`, `filesize`, `metadata`, `created_at`, `updated_at`) VALUES (492, 'cupiditate', 27, 5, 2, 'Totam inventore nam perspiciatis quam ut. Beatae voluptas animi nam excepturi dolor reiciendis nulla. Et reprehenderit molestiae in delectus officiis voluptas. Neque rerum exercitationem ea.', '0', NULL, '2003-05-27 05:40:48', '1976-02-29 10:55:15');
INSERT INTO `media` (`id`, `media_name`, `user_id`, `offer_id`, `media_type_id`, `description`, `filesize`, `metadata`, `created_at`, `updated_at`) VALUES (493, 'ipsa', 84, 25, 2, 'Atque voluptates aliquam sint voluptatum ut impedit. Mollitia quidem voluptates quas iste unde ut nobis itaque. Ratione voluptas eius voluptatem aut sequi rerum culpa.', '687117', NULL, '2007-12-24 11:35:55', '2014-03-18 03:29:12');
INSERT INTO `media` (`id`, `media_name`, `user_id`, `offer_id`, `media_type_id`, `description`, `filesize`, `metadata`, `created_at`, `updated_at`) VALUES (494, 'dignissimos', 76, 18, 2, 'Neque ut amet sed sint ea fuga corrupti. Odio sed occaecati nemo dolores vel nemo sequi. Ratione sed animi eum quas. Quod ut provident sed at non.', '3162', NULL, '2001-10-03 19:02:37', '2021-03-08 11:57:40');
INSERT INTO `media` (`id`, `media_name`, `user_id`, `offer_id`, `media_type_id`, `description`, `filesize`, `metadata`, `created_at`, `updated_at`) VALUES (495, 'dolores', 75, 20, 2, 'Vel necessitatibus qui voluptas molestiae numquam. Asperiores magnam et qui ipsa repellat tempore et. Doloremque omnis recusandae optio quia. Minus officia sunt qui sunt suscipit.', '199215', NULL, '2006-10-19 08:20:48', '2007-12-06 10:01:42');
INSERT INTO `media` (`id`, `media_name`, `user_id`, `offer_id`, `media_type_id`, `description`, `filesize`, `metadata`, `created_at`, `updated_at`) VALUES (496, 'necessitatibus', 20, 32, 2, 'Illo nam sit et. Eum quia consequatur praesentium dolor omnis ducimus error aut. Voluptatibus et earum tenetur aut.', '5944739', NULL, '1974-06-27 02:26:24', '1978-07-21 15:35:47');
INSERT INTO `media` (`id`, `media_name`, `user_id`, `offer_id`, `media_type_id`, `description`, `filesize`, `metadata`, `created_at`, `updated_at`) VALUES (497, 'necessitatibus', 35, 13, 1, 'Iste nisi in sint et ab animi voluptatem. Neque dignissimos quia eos consequatur vel. Nemo consequuntur id eveniet inventore voluptas molestiae.', '457882', NULL, '1998-02-23 05:26:32', '2010-11-12 18:44:29');
INSERT INTO `media` (`id`, `media_name`, `user_id`, `offer_id`, `media_type_id`, `description`, `filesize`, `metadata`, `created_at`, `updated_at`) VALUES (498, 'est', 71, 11, 1, 'Ea omnis dignissimos ipsum doloremque similique dolore. Laboriosam dolores delectus facere et distinctio est enim repellat. Omnis totam nisi architecto sequi sed neque optio et. Vel pariatur ipsa repellat.', '87234698', NULL, '1989-07-06 20:02:49', '1989-02-17 07:28:38');
INSERT INTO `media` (`id`, `media_name`, `user_id`, `offer_id`, `media_type_id`, `description`, `filesize`, `metadata`, `created_at`, `updated_at`) VALUES (499, 'alias', 2, 43, 2, 'Et rem laudantium iusto ex quae fugit quam. Repellendus similique suscipit ipsum voluptatum aperiam quisquam in ducimus. Et quos omnis blanditiis voluptatum. Omnis saepe at in.', '841980', NULL, '1989-04-15 12:29:41', '1970-10-21 11:48:59');
INSERT INTO `media` (`id`, `media_name`, `user_id`, `offer_id`, `media_type_id`, `description`, `filesize`, `metadata`, `created_at`, `updated_at`) VALUES (500, 'est', 16, 46, 1, 'Maxime iusto occaecati itaque suscipit magnam. Occaecati id nostrum sint odio voluptatem sit.', '23707', NULL, '2018-01-23 20:10:17', '2008-05-25 06:07:58');




INSERT INTO `messages` (`id`, `from_user_id`, `to_user_id`, `offer_id`, `message_text`, `media_id`, `message_status_id`, `created_at`, `updated_at`) VALUES (1, 2, 11, 28, 'Molestiae ut est aut ipsam aut est. Accusamus esse eius rerum. Laudantium sint eaque eum sapiente eum. Dolorem harum ullam sunt accusantium ullam perspiciatis expedita.', 313, 4, '2010-10-13 11:38:36', '2000-04-09 23:18:18');
INSERT INTO `messages` (`id`, `from_user_id`, `to_user_id`, `offer_id`, `message_text`, `media_id`, `message_status_id`, `created_at`, `updated_at`) VALUES (2, 97, 71, 1, 'Dolorem reprehenderit modi voluptas. Facere est sunt accusamus aspernatur quo sed consequatur. Sunt at eaque sed dolores consequatur est. Necessitatibus dolores et nemo eligendi atque doloribus consequatur.', 176, 4, '2002-04-10 18:03:51', '1986-07-01 22:01:20');
INSERT INTO `messages` (`id`, `from_user_id`, `to_user_id`, `offer_id`, `message_text`, `media_id`, `message_status_id`, `created_at`, `updated_at`) VALUES (3, 11, 61, 30, 'Doloremque nisi quam corporis autem suscipit soluta. Blanditiis voluptates ut mollitia blanditiis aut. Nam nostrum repellendus aspernatur veniam laboriosam ad esse illum.', 434, 4, '1998-10-16 08:47:50', '1979-06-05 20:21:14');
INSERT INTO `messages` (`id`, `from_user_id`, `to_user_id`, `offer_id`, `message_text`, `media_id`, `message_status_id`, `created_at`, `updated_at`) VALUES (4, 37, 46, 36, 'Eos quia commodi enim aut excepturi. Nesciunt doloremque molestiae ea et voluptas dolores blanditiis.', 146, 3, '1983-03-03 13:26:52', '2001-11-23 05:48:33');
INSERT INTO `messages` (`id`, `from_user_id`, `to_user_id`, `offer_id`, `message_text`, `media_id`, `message_status_id`, `created_at`, `updated_at`) VALUES (5, 45, 86, 4, 'Non fugit numquam rerum vel veniam. Ad ullam laboriosam sequi.', 457, 3, '1978-02-24 16:28:37', '2008-08-21 22:34:42');
INSERT INTO `messages` (`id`, `from_user_id`, `to_user_id`, `offer_id`, `message_text`, `media_id`, `message_status_id`, `created_at`, `updated_at`) VALUES (6, 30, 44, 25, 'Eligendi reiciendis est nesciunt natus et. Blanditiis ullam magni iste et vel et. Aut ad adipisci quod voluptatibus non.', 454, 4, '2019-04-21 06:17:13', '2013-12-08 04:02:27');
INSERT INTO `messages` (`id`, `from_user_id`, `to_user_id`, `offer_id`, `message_text`, `media_id`, `message_status_id`, `created_at`, `updated_at`) VALUES (7, 25, 77, 1, 'Et laboriosam dicta et delectus tempore sed. Est id eum dolor architecto rem dolor. Et est amet omnis est eos odio.', 57, 4, '2004-06-23 16:48:07', '2017-01-18 03:33:12');
INSERT INTO `messages` (`id`, `from_user_id`, `to_user_id`, `offer_id`, `message_text`,  `message_status_id`, `created_at`, `updated_at`) VALUES (8, 84, 48, 48, 'Id nisi dignissimos dolor et ipsum. Quidem fuga totam atque atque doloribus exercitationem hic. Quidem unde est alias magni ducimus ad qui.', 4, '2020-02-06 21:17:58', '1985-09-14 03:47:31');
INSERT INTO `messages` (`id`, `from_user_id`, `to_user_id`, `offer_id`, `message_text`,  `message_status_id`, `created_at`, `updated_at`) VALUES (9, 47, 70, 24, 'Molestiae iusto deserunt ex animi aperiam quisquam. Sint facere doloribus ut quas non quas aut quisquam. Officiis vero quis perferendis. Aut molestias rem dolorem nobis rerum.',  3, '2020-11-13 22:46:36', '2008-03-21 12:32:29');
INSERT INTO `messages` (`id`, `from_user_id`, `to_user_id`, `offer_id`, `message_text`,  `message_status_id`, `created_at`, `updated_at`) VALUES (10, 62, 7, 43, 'Optio eos tempora unde aspernatur. Alias inventore nulla itaque aliquam ut. Maiores ex ut rerum et.',  2, '2018-09-08 02:05:41', '1981-08-25 00:53:36');
INSERT INTO `messages` (`id`, `from_user_id`, `to_user_id`, `offer_id`, `message_text`, `media_id`, `message_status_id`, `created_at`, `updated_at`) VALUES (11, 28, 14, 39, 'Qui omnis qui reprehenderit atque. Et laborum autem officia et. Omnis consectetur eos quod quia aut ullam qui.', 220, 3, '2019-11-05 21:56:01', '1983-12-12 13:52:12');
INSERT INTO `messages` (`id`, `from_user_id`, `to_user_id`, `offer_id`, `message_text`, `media_id`, `message_status_id`, `created_at`, `updated_at`) VALUES (12, 27, 73, 47, 'Architecto aut eligendi quo eum. Maxime dolorum perferendis harum voluptas omnis dolore aut blanditiis. Et possimus dignissimos vel consequuntur animi. Possimus quae nostrum est rem temporibus natus minima. Ab sed nemo hic.', 1, 3, '2010-01-28 17:27:59', '1995-04-05 19:45:47');
INSERT INTO `messages` (`id`, `from_user_id`, `to_user_id`, `offer_id`, `message_text`,  `message_status_id`, `created_at`, `updated_at`) VALUES (13, 100, 55, 44, 'Placeat ullam mollitia odio architecto nihil omnis. Quam id rerum non beatae. Laudantium tempore sed numquam eius et veniam sint.',  4, '1981-03-05 08:50:38', '2017-02-04 14:53:29');
INSERT INTO `messages` (`id`, `from_user_id`, `to_user_id`, `offer_id`, `message_text`,  `message_status_id`, `created_at`, `updated_at`) VALUES (14, 83, 93, 49, 'Quia id dolore veritatis omnis. Quasi rerum facilis voluptatem doloremque. Nihil fugit aut earum ut consequatur eligendi. Aut pariatur tempora voluptatem.', 4, '1992-11-22 22:41:55', '1978-12-11 09:51:26');
INSERT INTO `messages` (`id`, `from_user_id`, `to_user_id`, `offer_id`, `message_text`,  `message_status_id`, `created_at`, `updated_at`) VALUES (15, 15, 94, 44, 'Et aut ab fuga quis voluptatibus nesciunt modi soluta. Consequuntur iusto laborum consequuntur tempore tempore. Ratione neque dolores nihil molestias atque nobis rerum. Neque et ea excepturi nisi totam et voluptatem.',  3, '2004-09-20 02:13:57', '1996-04-16 16:18:22');
INSERT INTO `messages` (`id`, `from_user_id`, `to_user_id`, `offer_id`, `message_text`, `media_id`, `message_status_id`, `created_at`, `updated_at`) VALUES (16, 88, 71, 18, 'Qui modi ullam qui ut est rem quod. Inventore dolores rerum iste qui et incidunt. Aspernatur nesciunt est tempore deleniti dolor illo. Maxime tempore soluta cumque ipsa ut consequatur itaque.', 307, 3, '1994-09-24 16:55:32', '2007-08-13 09:08:49');
INSERT INTO `messages` (`id`, `from_user_id`, `to_user_id`, `offer_id`, `message_text`,  `message_status_id`, `created_at`, `updated_at`) VALUES (17, 73, 12, 24, 'Laudantium deleniti eum unde quaerat nobis. Recusandae fuga qui animi velit et temporibus possimus. Omnis unde asperiores veniam maxime.', 3, '1973-08-16 02:14:52', '2002-10-18 03:52:45');
INSERT INTO `messages` (`id`, `from_user_id`, `to_user_id`, `offer_id`, `message_text`,  `message_status_id`, `created_at`, `updated_at`) VALUES (18, 51, 64, 30, 'Cupiditate fugit voluptas enim enim. Ut est eaque numquam exercitationem. In autem voluptate veniam quas necessitatibus impedit sapiente. Maxime voluptatem rerum rem.', 2, '1999-01-12 03:25:08', '1995-05-18 05:31:02');
INSERT INTO `messages` (`id`, `from_user_id`, `to_user_id`, `offer_id`, `message_text`, `media_id`, `message_status_id`, `created_at`, `updated_at`) VALUES (19, 33, 71, 4, 'Libero suscipit optio harum commodi tempore excepturi. Adipisci aut optio quia minus quia nesciunt voluptatem animi. Sint ipsum vel hic ut quis. Ad laudantium eum saepe neque accusamus cupiditate.', 240, 4, '1999-04-15 17:17:06', '1980-04-02 19:10:12');
INSERT INTO `messages` (`id`, `from_user_id`, `to_user_id`, `offer_id`, `message_text`, `media_id`, `message_status_id`, `created_at`, `updated_at`) VALUES (20, 52, 58, 44, 'Natus dolorum maiores praesentium debitis adipisci magni. Beatae odit animi amet qui ab perferendis dolores. Nisi tempore nulla quos.', 233, 2, '1993-04-18 17:19:45', '1994-04-06 11:13:56');
INSERT INTO `messages` (`id`, `from_user_id`, `to_user_id`, `offer_id`, `message_text`, `media_id`, `message_status_id`, `created_at`, `updated_at`) VALUES (21, 19, 35, 27, 'Porro voluptas dolores sed nesciunt. Distinctio rerum quibusdam vel eaque. Sunt quis sequi quam similique. Debitis exercitationem quos quis et.', 90, 1, '1983-01-28 09:30:33', '1988-11-20 07:49:18');
INSERT INTO `messages` (`id`, `from_user_id`, `to_user_id`, `offer_id`, `message_text`, `media_id`, `message_status_id`, `created_at`, `updated_at`) VALUES (22, 66, 76, 44, 'Explicabo inventore qui esse labore modi doloremque dolor. Quasi voluptatem aut qui distinctio. Facere ratione perferendis et cupiditate.', 199, 3, '2020-07-23 20:14:39', '2011-03-13 12:17:15');
INSERT INTO `messages` (`id`, `from_user_id`, `to_user_id`, `offer_id`, `message_text`, `message_status_id`, `created_at`, `updated_at`) VALUES (23, 80, 6, 8, 'Distinctio dolores eum necessitatibus perspiciatis optio eos. Assumenda blanditiis aut perspiciatis possimus doloribus nobis cumque. Commodi ut consequatur sint cum quia sit. Harum ea numquam quis eligendi.',1, '1983-09-08 20:32:13', '1987-01-04 12:56:24');
INSERT INTO `messages` (`id`, `from_user_id`, `to_user_id`, `offer_id`, `message_text`, `media_id`, `message_status_id`, `created_at`, `updated_at`) VALUES (24, 76, 98, 4, 'Sit totam nesciunt quas voluptatem accusamus aut. Autem voluptatem id qui modi tenetur debitis. Cumque est fuga inventore quos nostrum. Recusandae aut perspiciatis est architecto est doloribus.', 491, 4, '1993-10-08 23:14:57', '2018-03-10 21:32:57');
INSERT INTO `messages` (`id`, `from_user_id`, `to_user_id`, `offer_id`, `message_text`, `message_status_id`, `created_at`, `updated_at`) VALUES (25, 99, 62, 1, 'Facilis consequuntur ut tempore recusandae nemo eius non. Eaque non perspiciatis eum neque commodi. Voluptate dolorem qui quos quia quia. Officia qui culpa dolores quibusdam fugit ea quis vero.',  2, '2007-06-04 17:29:51', '2018-08-22 06:55:38');
INSERT INTO `messages` (`id`, `from_user_id`, `to_user_id`, `offer_id`, `message_text`,  `message_status_id`, `created_at`, `updated_at`) VALUES (26, 39, 20, 31, 'Quia porro ad earum. Voluptatibus ut dicta totam nulla nisi eum. Porro nam omnis impedit mollitia dolorem soluta.', 4, '2001-02-03 12:53:44', '2012-01-23 04:57:04');
INSERT INTO `messages` (`id`, `from_user_id`, `to_user_id`, `offer_id`, `message_text`, `media_id`, `message_status_id`, `created_at`, `updated_at`) VALUES (27, 38, 87, 27, 'Voluptates cupiditate et officia ducimus. Et quia architecto iste. Voluptatem reprehenderit et architecto praesentium molestiae nemo itaque expedita.', 190, 3, '2014-10-25 15:56:52', '2005-05-19 03:51:05');
INSERT INTO `messages` (`id`, `from_user_id`, `to_user_id`, `offer_id`, `message_text`,  `message_status_id`, `created_at`, `updated_at`) VALUES (28, 13, 19, 12, 'Ut pariatur et voluptatum magnam perspiciatis. Voluptatibus cumque aut hic officiis voluptatum voluptatem. Accusantium dolorum dolores consequuntur molestiae. Alias magnam maiores voluptas facere distinctio.',  2, '1989-04-24 15:07:44', '1984-01-20 10:57:09');
INSERT INTO `messages` (`id`, `from_user_id`, `to_user_id`, `offer_id`, `message_text`,  `message_status_id`, `created_at`, `updated_at`) VALUES (29, 43, 90, 44, 'Fuga eligendi dolores consequatur animi ea ex. Facere voluptatem voluptatem dolorem quidem. At aut esse recusandae pariatur sit.',  3, '1975-11-13 15:33:39', '2000-03-10 06:31:18');
INSERT INTO `messages` (`id`, `from_user_id`, `to_user_id`, `offer_id`, `message_text`,  `message_status_id`, `created_at`, `updated_at`) VALUES (30, 37, 46, 38, 'Sunt consequatur quia illum quos sed. Magnam id nostrum quam recusandae ut. Ipsum debitis blanditiis nobis ea dignissimos illum. Quis ratione ut ut qui officiis et.',3, '2014-01-05 22:33:30', '1970-04-12 14:31:56');
INSERT INTO `messages` (`id`, `from_user_id`, `to_user_id`, `offer_id`, `message_text`,  `message_status_id`, `created_at`, `updated_at`) VALUES (31, 39, 87, 21, 'Quaerat omnis officia aliquam sint voluptate. Eum cumque in aut incidunt ullam qui.',  2, '1977-03-16 01:38:16', '2000-02-21 15:11:19');
INSERT INTO `messages` (`id`, `from_user_id`, `to_user_id`, `offer_id`, `message_text`, `media_id`, `message_status_id`, `created_at`, `updated_at`) VALUES (32, 82, 70, 12, 'Repellat pariatur eum eum inventore libero aliquid saepe. Odit totam quisquam accusantium qui sit.', 456, 1, '2019-04-04 21:02:43', '1994-05-04 20:41:50');
INSERT INTO `messages` (`id`, `from_user_id`, `to_user_id`, `offer_id`, `message_text`, `media_id`, `message_status_id`, `created_at`, `updated_at`) VALUES (33, 1, 49, 16, 'Tempora quae nostrum et facilis facilis. Neque qui et fuga nam. Quia et odit soluta itaque. Sunt voluptatem modi quia quasi.', 252, 4, '1986-04-12 15:50:56', '1999-03-24 04:42:52');
INSERT INTO `messages` (`id`, `from_user_id`, `to_user_id`, `offer_id`, `message_text`, `media_id`, `message_status_id`, `created_at`, `updated_at`) VALUES (34, 29, 45, 46, 'Voluptas quasi dolor et sed beatae aut. Vero aliquid beatae et est ut culpa. Dolores dolorum sit earum labore aut mollitia dolor. Aut magni dolor veritatis praesentium consequatur modi adipisci.', 150, 4, '1979-06-07 08:08:39', '1994-05-18 01:06:33');
INSERT INTO `messages` (`id`, `from_user_id`, `to_user_id`, `offer_id`, `message_text`, `media_id`, `message_status_id`, `created_at`, `updated_at`) VALUES (35, 66, 22, 35, 'Corporis repudiandae molestias maiores qui rerum unde vel facere. Non nulla doloribus optio quas impedit earum officiis cumque. Et quo eaque corrupti.', 211, 4, '1971-12-13 03:16:22', '1991-11-19 14:51:11');
INSERT INTO `messages` (`id`, `from_user_id`, `to_user_id`, `offer_id`, `message_text`,  `message_status_id`, `created_at`, `updated_at`) VALUES (36, 90, 54, 7, 'Sunt voluptatem consequatur atque animi et voluptatem sit. Omnis ratione earum quis qui sit rerum. Et enim ea velit quos dolorum. Voluptas amet hic nisi dolores id ut.',  3, '1991-07-18 07:21:16', '2005-12-09 23:52:16');
INSERT INTO `messages` (`id`, `from_user_id`, `to_user_id`, `offer_id`, `message_text`,  `message_status_id`, `created_at`, `updated_at`) VALUES (37, 95, 45, 5, 'Deserunt laborum ut ad mollitia quo necessitatibus. Voluptas nobis voluptas quod sapiente qui velit molestias. Esse quidem tempore quod nobis in.',  3, '1986-02-21 11:40:55', '1986-04-13 22:27:12');
INSERT INTO `messages` (`id`, `from_user_id`, `to_user_id`, `offer_id`, `message_text`, `media_id`, `message_status_id`, `created_at`, `updated_at`) VALUES (38, 20, 90, 5, 'Voluptate et nihil aperiam earum fugit. Natus et ab aperiam et dolorum voluptate beatae libero. Quia assumenda officiis dolores impedit qui.', 86, 4, '2005-04-30 11:30:03', '1995-05-25 02:29:00');
INSERT INTO `messages` (`id`, `from_user_id`, `to_user_id`, `offer_id`, `message_text`, `message_status_id`, `created_at`, `updated_at`) VALUES (39, 30, 52, 10, 'Rem quaerat qui asperiores earum. Neque nobis harum quo laboriosam omnis molestias soluta. Autem quo enim voluptas ut ad aut. Nobis nulla molestiae ut molestiae consequatur molestiae.',  4, '1977-10-26 08:20:06', '2017-08-18 02:34:29');
INSERT INTO `messages` (`id`, `from_user_id`, `to_user_id`, `offer_id`, `message_text`,  `message_status_id`, `created_at`, `updated_at`) VALUES (40, 91, 48, 19, 'Quis cupiditate et nihil sapiente. Sit exercitationem tempora veniam earum mollitia ut aspernatur. Voluptate totam et numquam possimus odio saepe autem. Quidem ut rem minima minus.', 4, '1978-08-08 02:41:59', '1985-05-16 03:03:09');
INSERT INTO `messages` (`id`, `from_user_id`, `to_user_id`, `offer_id`, `message_text`,  `message_status_id`, `created_at`, `updated_at`) VALUES (41, 43, 9, 16, 'Ut est dolore enim. Pariatur modi consequatur perspiciatis ut voluptas et. Assumenda voluptas et neque ipsam magni animi cum. Ipsa occaecati aut autem.',  4, '1982-03-30 08:55:44', '1974-07-15 16:24:06');
INSERT INTO `messages` (`id`, `from_user_id`, `to_user_id`, `offer_id`, `message_text`, `media_id`, `message_status_id`, `created_at`, `updated_at`) VALUES (42, 13, 29, 11, 'Tempora sed laborum in molestias quod. Sed quo velit voluptatum beatae. Ipsum est voluptas est pariatur.', 191, 4, '2015-06-14 15:15:10', '1988-10-13 09:03:23');
INSERT INTO `messages` (`id`, `from_user_id`, `to_user_id`, `offer_id`, `message_text`, `message_status_id`, `created_at`, `updated_at`) VALUES (43, 99, 34, 46, 'In sit occaecati commodi doloremque corrupti. Veniam iure consequuntur qui officia quo odit. Harum quaerat itaque eveniet nisi aut sed eos. Deserunt voluptatem ipsam quia autem.',  2, '1989-09-04 13:19:44', '1978-09-18 00:17:40');
INSERT INTO `messages` (`id`, `from_user_id`, `to_user_id`, `offer_id`, `message_text`, `message_status_id`, `created_at`, `updated_at`) VALUES (44, 66, 45, 14, 'Molestiae quod vel est quam sapiente aspernatur fugiat explicabo. Eligendi sunt soluta placeat esse quia. Dolor id consequatur qui pariatur non sunt. Minus asperiores quia molestiae inventore quae.', 2, '2006-09-27 11:56:31', '2015-10-23 00:11:45');
INSERT INTO `messages` (`id`, `from_user_id`, `to_user_id`, `offer_id`, `message_text`,  `message_status_id`, `created_at`, `updated_at`) VALUES (45, 44, 35, 30, 'Sint similique et tenetur alias incidunt. Tempora nesciunt ut optio aspernatur. Id possimus rem qui velit occaecati amet itaque. Eos provident autem itaque quis similique et.', 3, '1979-09-27 04:35:46', '1978-10-27 18:00:28');
INSERT INTO `messages` (`id`, `from_user_id`, `to_user_id`, `offer_id`, `message_text`, `media_id`, `message_status_id`, `created_at`, `updated_at`) VALUES (46, 43, 98, 11, 'Similique voluptatem ut exercitationem qui debitis numquam. Inventore qui vitae placeat perspiciatis repellat. Et maiores culpa ea impedit sunt tenetur. Nisi aut ut hic consequatur exercitationem impedit aut. Quibusdam quam distinctio esse facilis est aut.', 465, 4, '2011-07-20 18:15:50', '2002-11-18 02:38:05');
INSERT INTO `messages` (`id`, `from_user_id`, `to_user_id`, `offer_id`, `message_text`, `media_id`, `message_status_id`, `created_at`, `updated_at`) VALUES (47, 53, 99, 15, 'Accusamus sit praesentium at. Magni necessitatibus quia sequi temporibus velit libero dolores quod. Et amet est maiores nihil quis consequatur.', 283, 3, '1977-10-31 18:19:46', '1991-09-28 13:23:36');
INSERT INTO `messages` (`id`, `from_user_id`, `to_user_id`, `offer_id`, `message_text`, `media_id`, `message_status_id`, `created_at`, `updated_at`) VALUES (48, 90, 83, 13, 'Minus optio aliquid sint. Aut velit possimus officia facere quidem asperiores. Et esse ullam qui dolores blanditiis provident.', 484, 2, '1982-02-07 23:59:50', '2009-01-12 18:54:21');
INSERT INTO `messages` (`id`, `from_user_id`, `to_user_id`, `offer_id`, `message_text`,  `message_status_id`, `created_at`, `updated_at`) VALUES (49, 78, 20, 47, 'Rerum placeat similique autem suscipit dolorum quisquam et. Eligendi quam assumenda quidem quam at. Hic et consequatur delectus. Nam qui voluptate eos harum.',2, '1993-08-22 04:09:54', '2021-03-14 14:48:35');
INSERT INTO `messages` (`id`, `from_user_id`, `to_user_id`, `offer_id`, `message_text`,  `message_status_id`, `created_at`, `updated_at`) VALUES (50, 45, 19, 17, 'Rem maiores reprehenderit iste. Non quasi officiis reprehenderit qui velit error exercitationem. Rerum corrupti architecto ut occaecati quia. Et dolores hic sit sint odit tenetur repellendus.',  3, '2009-12-23 03:40:48', '2020-04-09 00:50:59');
INSERT INTO `messages` (`id`, `from_user_id`, `to_user_id`, `offer_id`, `message_text`, `media_id`, `message_status_id`, `created_at`, `updated_at`) VALUES (51, 35, 69, 19, 'Non quam repellendus tempora atque adipisci distinctio. Sed neque iste repudiandae amet sint. Harum possimus consequatur aut consequuntur.', 138, 3, '1977-05-08 02:27:06', '1991-07-09 12:55:48');
INSERT INTO `messages` (`id`, `from_user_id`, `to_user_id`, `offer_id`, `message_text`, `media_id`, `message_status_id`, `created_at`, `updated_at`) VALUES (52, 42, 42, 1, 'Nihil eaque impedit dicta voluptatem ut necessitatibus. Quasi excepturi doloribus aut iste alias qui. Nihil et est labore quia.', 420, 4, '1974-06-07 19:54:52', '1981-09-30 06:31:35');
INSERT INTO `messages` (`id`, `from_user_id`, `to_user_id`, `offer_id`, `message_text`, `message_status_id`, `created_at`, `updated_at`) VALUES (53, 40, 28, 10, 'Maxime mollitia qui eveniet ipsam omnis veritatis voluptatem enim. Aliquam facilis accusamus aut sit officiis eligendi voluptates suscipit. Delectus repellat voluptatum laudantium sit quos veritatis facere quasi. Ex veniam occaecati at omnis asperiores.',  2, '2019-11-01 18:07:54', '2007-11-06 18:28:52');
INSERT INTO `messages` (`id`, `from_user_id`, `to_user_id`, `offer_id`, `message_text`,  `message_status_id`, `created_at`, `updated_at`) VALUES (54, 79, 57, 45, 'Consequatur saepe molestiae ut consequatur sed. Praesentium quia molestiae rerum accusamus. Consequatur sit id explicabo quo.',4, '2012-01-20 15:23:05', '1989-04-22 02:56:41');
INSERT INTO `messages` (`id`, `from_user_id`, `to_user_id`, `offer_id`, `message_text`, `message_status_id`, `created_at`, `updated_at`) VALUES (55, 85, 53, 15, 'Pariatur a necessitatibus odio deleniti. Quia reprehenderit mollitia et. Asperiores temporibus quasi sunt ipsum labore impedit incidunt.',  1, '2014-01-15 11:13:13', '1991-04-23 07:17:11');
INSERT INTO `messages` (`id`, `from_user_id`, `to_user_id`, `offer_id`, `message_text`,  `message_status_id`, `created_at`, `updated_at`) VALUES (56, 6, 55, 12, 'Nulla culpa repellendus omnis. Impedit provident sint non voluptatem. Est voluptas aut eos ipsum est aut. Et fugit magnam non maiores et.',  1, '1993-02-20 12:09:21', '2007-12-24 10:16:16');
INSERT INTO `messages` (`id`, `from_user_id`, `to_user_id`, `offer_id`, `message_text`,  `message_status_id`, `created_at`, `updated_at`) VALUES (57, 21, 83, 41, 'Officiis accusamus eos quae omnis ad eum ad. Nesciunt deleniti consequatur nihil aut unde. Unde voluptate ab cum autem. Nobis repellat perferendis eaque voluptatibus.',  4, '2006-12-04 03:55:03', '2019-10-08 18:41:07');
INSERT INTO `messages` (`id`, `from_user_id`, `to_user_id`, `offer_id`, `message_text`, `media_id`, `message_status_id`, `created_at`, `updated_at`) VALUES (58, 14, 41, 4, 'Ex nemo repellendus et asperiores. A ipsam suscipit aut. Itaque incidunt tempore voluptatem ipsa aut.', 327, 3, '1985-03-23 10:30:11', '2020-07-30 08:41:09');
INSERT INTO `messages` (`id`, `from_user_id`, `to_user_id`, `offer_id`, `message_text`, `media_id`, `message_status_id`, `created_at`, `updated_at`) VALUES (59, 60, 71, 46, 'Ab quo est debitis veniam. Voluptas recusandae nostrum alias optio. Et ab dolores tenetur.', 247, 1, '2013-10-19 23:47:47', '2001-04-04 13:52:36');
INSERT INTO `messages` (`id`, `from_user_id`, `to_user_id`, `offer_id`, `message_text`,  `message_status_id`, `created_at`, `updated_at`) VALUES (60, 5, 49, 19, 'Voluptate non enim accusantium et. Tempore reprehenderit id porro doloremque. A voluptatum rerum provident enim perspiciatis perferendis. Eius distinctio cumque aperiam rerum et.', 2, '1977-06-15 07:27:27', '2013-08-18 21:13:04');
INSERT INTO `messages` (`id`, `from_user_id`, `to_user_id`, `offer_id`, `message_text`, `media_id`, `message_status_id`, `created_at`, `updated_at`) VALUES (61, 63, 78, 9, 'Impedit enim voluptas sint rem quia. Possimus consequuntur unde facilis maxime sunt et et. Dolorem omnis libero quasi corporis at et qui. Corrupti culpa mollitia saepe velit consequatur id dignissimos.', 234, 3, '2005-02-27 06:36:27', '1973-11-21 18:14:14');
INSERT INTO `messages` (`id`, `from_user_id`, `to_user_id`, `offer_id`, `message_text`, `media_id`, `message_status_id`, `created_at`, `updated_at`) VALUES (62, 30, 13, 49, 'Voluptatem corporis inventore consequatur quasi excepturi quibusdam excepturi. Ipsum quae quis dolore eos. Occaecati reprehenderit sit sunt expedita temporibus provident. Adipisci omnis tenetur saepe laborum similique eum assumenda rem.', 23, 4, '1977-08-23 11:07:47', '1993-08-26 07:47:03');
INSERT INTO `messages` (`id`, `from_user_id`, `to_user_id`, `offer_id`, `message_text`, `media_id`, `message_status_id`, `created_at`, `updated_at`) VALUES (63, 89, 9, 22, 'Quisquam et dolor possimus molestiae velit nostrum sequi. Itaque nulla maxime occaecati expedita voluptatem. Dolor commodi velit quaerat quo.', 56, 1, '1971-07-27 05:06:44', '2006-07-30 17:25:20');
INSERT INTO `messages` (`id`, `from_user_id`, `to_user_id`, `offer_id`, `message_text`, `media_id`, `message_status_id`, `created_at`, `updated_at`) VALUES (64, 12, 31, 40, 'Repellat rerum exercitationem ratione molestiae fuga soluta dolorum. Dolorum adipisci dicta odit quasi ab. Iusto eum nam fugit eos quo. Laboriosam sint et tenetur dolore quos fuga aliquid unde.', 78, 4, '2004-07-14 16:58:30', '1985-07-23 20:24:27');
INSERT INTO `messages` (`id`, `from_user_id`, `to_user_id`, `offer_id`, `message_text`, `media_id`, `message_status_id`, `created_at`, `updated_at`) VALUES (65, 96, 10, 20, 'Quia nihil dicta totam et qui quam. Et necessitatibus deleniti consequatur et. Necessitatibus amet dolorem pariatur corrupti similique voluptatem beatae et. Deserunt accusamus accusantium illo perspiciatis exercitationem ad labore.', 151, 3, '2021-03-19 23:03:19', '1974-11-11 23:10:52');
INSERT INTO `messages` (`id`, `from_user_id`, `to_user_id`, `offer_id`, `message_text`, `media_id`, `message_status_id`, `created_at`, `updated_at`) VALUES (66, 10, 87, 23, 'Soluta voluptas dolor qui nihil. Commodi et velit sunt sit culpa. Illum explicabo et vel magnam enim.', 437, 4, '2013-03-06 01:14:39', '2020-01-28 20:07:55');
INSERT INTO `messages` (`id`, `from_user_id`, `to_user_id`, `offer_id`, `message_text`, `media_id`, `message_status_id`, `created_at`, `updated_at`) VALUES (67, 7, 59, 34, 'Provident et cumque quis sed. Delectus officiis dolor qui totam quae quia. Voluptas ut asperiores sit nihil explicabo quod eaque.', 92, 2, '2017-06-20 05:45:23', '1988-06-23 05:08:48');
INSERT INTO `messages` (`id`, `from_user_id`, `to_user_id`, `offer_id`, `message_text`, `media_id`, `message_status_id`, `created_at`, `updated_at`) VALUES (68, 21, 34, 6, 'Soluta natus et labore assumenda. Est nobis minima et rem vitae quos id praesentium.', 292, 3, '1995-02-05 08:49:10', '1973-09-12 04:42:18');
INSERT INTO `messages` (`id`, `from_user_id`, `to_user_id`, `offer_id`, `message_text`, `media_id`, `message_status_id`, `created_at`, `updated_at`) VALUES (69, 15, 86, 4, 'Aut deleniti aliquam doloribus molestiae rerum possimus. Sequi vel pariatur expedita quis sint. Molestiae maxime eos optio ex.', 193, 4, '2013-04-13 20:15:02', '1972-12-04 21:35:26');
INSERT INTO `messages` (`id`, `from_user_id`, `to_user_id`, `offer_id`, `message_text`, `media_id`, `message_status_id`, `created_at`, `updated_at`) VALUES (70, 30, 10, 2, 'Delectus quibusdam temporibus ipsam quibusdam sed. Sit non eius sit rerum non. Est sint totam autem impedit provident.', 1, 2, '1977-11-14 20:49:21', '1993-12-21 14:13:30');
INSERT INTO `messages` (`id`, `from_user_id`, `to_user_id`, `offer_id`, `message_text`, `media_id`, `message_status_id`, `created_at`, `updated_at`) VALUES (71, 100, 50, 43, 'Rerum fugit maiores maiores placeat. Tempore consectetur autem est facere. Est ducimus voluptatibus repellat et molestiae ex.', 380, 2, '1998-10-17 12:22:45', '1992-01-15 19:22:12');
INSERT INTO `messages` (`id`, `from_user_id`, `to_user_id`, `offer_id`, `message_text`, `media_id`, `message_status_id`, `created_at`, `updated_at`) VALUES (72, 16, 98, 20, 'Voluptas ea ea nihil cumque. Cupiditate ut repellendus corrupti deserunt asperiores. Veritatis et quia aut distinctio consequuntur cupiditate.', 387, 1, '1982-01-09 02:49:36', '1988-03-11 08:11:59');
INSERT INTO `messages` (`id`, `from_user_id`, `to_user_id`, `offer_id`, `message_text`, `media_id`, `message_status_id`, `created_at`, `updated_at`) VALUES (73, 58, 12, 17, 'Harum dolor laboriosam dolores accusantium labore est dicta. Culpa blanditiis optio ullam blanditiis dolor enim rerum est. Est nihil at minus suscipit eum aut saepe.', 1, 1, '1999-01-06 08:01:03', '2018-10-25 19:29:00');
INSERT INTO `messages` (`id`, `from_user_id`, `to_user_id`, `offer_id`, `message_text`, `media_id`, `message_status_id`, `created_at`, `updated_at`) VALUES (74, 45, 32, 31, 'Neque quisquam et inventore et autem sunt cupiditate. Voluptate esse quis aut ut quibusdam. Qui voluptas hic sint ipsum molestiae quidem nisi.', 258, 1, '1971-08-30 07:33:41', '2015-04-06 20:06:49');
INSERT INTO `messages` (`id`, `from_user_id`, `to_user_id`, `offer_id`, `message_text`, `media_id`, `message_status_id`, `created_at`, `updated_at`) VALUES (75, 100, 36, 14, 'Delectus aperiam id provident omnis nobis quibusdam. Voluptatem tempora voluptatibus placeat dolores. Cum perferendis deserunt quia iusto voluptatem ut non. Culpa est esse ipsum necessitatibus reiciendis et nihil.', 1, 1, '1972-05-14 13:57:45', '2003-10-05 10:00:49');
INSERT INTO `messages` (`id`, `from_user_id`, `to_user_id`, `offer_id`, `message_text`, `media_id`, `message_status_id`, `created_at`, `updated_at`) VALUES (76, 38, 93, 18, 'Sed libero non voluptas. Quisquam recusandae voluptas sed rerum officiis aperiam. Expedita quis voluptate voluptate ipsa ea necessitatibus. Voluptatem inventore et aliquam inventore qui ut assumenda quae.', 1, 2, '2009-02-19 17:53:23', '1980-09-23 11:33:01');
INSERT INTO `messages` (`id`, `from_user_id`, `to_user_id`, `offer_id`, `message_text`, `media_id`, `message_status_id`, `created_at`, `updated_at`) VALUES (77, 11, 74, 37, 'Sit aut animi perspiciatis cumque odit sed ipsam. Harum illum sapiente consectetur debitis earum. Ad rem quia error quibusdam exercitationem modi debitis in. Vel minima aperiam praesentium neque explicabo aut tempora.',1, 2, '2009-07-14 13:43:41', '2007-05-06 12:13:39');
INSERT INTO `messages` (`id`, `from_user_id`, `to_user_id`, `offer_id`, `message_text`, `media_id`, `message_status_id`, `created_at`, `updated_at`) VALUES (78, 24, 27, 45, 'Quia tempora accusantium aliquam iusto occaecati eius qui. Dignissimos fuga illum sunt labore cupiditate ullam. Omnis molestias eligendi ab porro animi et.', 35, 1, '2015-02-07 12:11:32', '1987-08-14 17:39:15');
INSERT INTO `messages` (`id`, `from_user_id`, `to_user_id`, `offer_id`, `message_text`, `media_id`, `message_status_id`, `created_at`, `updated_at`) VALUES (79, 70, 44, 41, 'Veritatis blanditiis neque incidunt et consequatur porro. Est ducimus qui dolore. Reiciendis debitis officia fugiat aliquid corporis et aliquam repellat. Sed qui odio quia est facilis nesciunt delectus et.', 233, 4, '2017-07-28 11:03:02', '2013-08-12 19:30:13');
INSERT INTO `messages` (`id`, `from_user_id`, `to_user_id`, `offer_id`, `message_text`, `media_id`, `message_status_id`, `created_at`, `updated_at`) VALUES (80, 47, 94, 46, 'Cumque non praesentium sunt et accusamus fugiat. Alias fugit est quo dignissimos est voluptatem ad. Quam voluptate dignissimos repellat quidem nihil consequatur veritatis et. Quia vel placeat voluptatibus ratione.', 1, 2, '2001-10-24 11:35:49', '1986-04-22 16:48:38');
INSERT INTO `messages` (`id`, `from_user_id`, `to_user_id`, `offer_id`, `message_text`, `media_id`, `message_status_id`, `created_at`, `updated_at`) VALUES (81, 92, 84, 50, 'Vel adipisci adipisci et laborum veritatis. Ea aut rerum autem et ipsum impedit. Qui placeat id ratione harum. Et vel quasi earum minus.', 1, 2, '1995-06-18 01:00:19', '1971-11-12 22:34:57');
INSERT INTO `messages` (`id`, `from_user_id`, `to_user_id`, `offer_id`, `message_text`, `media_id`, `message_status_id`, `created_at`, `updated_at`) VALUES (82, 65, 81, 7, 'Et iste vitae omnis aut temporibus odio. Itaque voluptatem sed ipsam odit nulla voluptates error. Sit sit non sit architecto. Velit itaque ut voluptas minima eius quae.', 250, 2, '2013-04-09 11:55:42', '1992-10-05 13:40:25');
INSERT INTO `messages` (`id`, `from_user_id`, `to_user_id`, `offer_id`, `message_text`, `media_id`, `message_status_id`, `created_at`, `updated_at`) VALUES (83, 22, 66, 7, 'Inventore libero beatae distinctio facilis maiores dolorem et quam. Sunt et tempore provident. Repellat nihil excepturi eligendi aut.', 29, 3, '2019-07-27 18:05:59', '2008-10-02 21:29:24');
INSERT INTO `messages` (`id`, `from_user_id`, `to_user_id`, `offer_id`, `message_text`, `media_id`, `message_status_id`, `created_at`, `updated_at`) VALUES (84, 44, 52, 6, 'Maiores dolores velit cupiditate nulla nemo et eos soluta. Repellendus placeat deleniti a et vero natus explicabo non. Magni laboriosam tempora distinctio voluptatum. Aut soluta reprehenderit et. Aspernatur sit molestiae earum eum exercitationem eveniet.', 493, 4, '1972-11-14 03:48:39', '2005-11-18 14:34:52');
INSERT INTO `messages` (`id`, `from_user_id`, `to_user_id`, `offer_id`, `message_text`, `media_id`, `message_status_id`, `created_at`, `updated_at`) VALUES (85, 1, 9, 42, 'Qui sunt distinctio incidunt ab qui. Et sapiente eum eum et voluptate. Corrupti aut aut cupiditate enim.', 1, 3, '2015-07-04 03:36:02', '2006-01-06 11:38:04');
INSERT INTO `messages` (`id`, `from_user_id`, `to_user_id`, `offer_id`, `message_text`, `media_id`, `message_status_id`, `created_at`, `updated_at`) VALUES (86, 62, 17, 9, 'Qui quaerat eius nesciunt et repellat aperiam. Commodi omnis ullam quia quisquam nihil sit dolor accusamus. Corporis delectus possimus quasi. Officiis error consequatur et optio.', 1, 3, '2009-12-24 14:08:06', '2003-08-21 14:24:43');
INSERT INTO `messages` (`id`, `from_user_id`, `to_user_id`, `offer_id`, `message_text`, `media_id`, `message_status_id`, `created_at`, `updated_at`) VALUES (87, 40, 13, 1, 'Est laudantium impedit hic error nam laboriosam voluptas aut. Aliquam dolore sed eum eligendi vero.', 466, 4, '2008-10-03 06:13:33', '2001-12-04 21:05:13');
INSERT INTO `messages` (`id`, `from_user_id`, `to_user_id`, `offer_id`, `message_text`, `media_id`, `message_status_id`, `created_at`, `updated_at`) VALUES (88, 24, 100, 34, 'Alias deserunt dicta voluptatem officiis nisi. Enim quia asperiores corrupti iure excepturi temporibus. Eos laboriosam delectus nisi optio rerum fugiat deserunt. Hic iste harum et voluptates earum ut.', 1, 2, '2015-07-09 04:57:19', '2004-07-05 13:58:59');
INSERT INTO `messages` (`id`, `from_user_id`, `to_user_id`, `offer_id`, `message_text`, `media_id`, `message_status_id`, `created_at`, `updated_at`) VALUES (89, 15, 98, 11, 'Dolore provident est numquam nihil dolor qui ratione consequuntur. Qui et sit inventore asperiores magnam. Voluptate inventore ullam aut ipsum. Eaque quaerat nesciunt distinctio sed voluptatibus quae. Perspiciatis illum dolorem eos perferendis aliquid harum quo.', 1, 4, '2000-10-19 02:49:10', '2021-02-17 08:41:01');
INSERT INTO `messages` (`id`, `from_user_id`, `to_user_id`, `offer_id`, `message_text`, `media_id`, `message_status_id`, `created_at`, `updated_at`) VALUES (90, 87, 65, 12, 'In molestiae magni sed. Ipsum cum vel distinctio quasi fugit ab. Excepturi ipsa vitae rem dolorem deleniti. Quisquam earum dolore quis.', 250, 4, '1982-11-19 10:49:34', '1975-09-08 18:34:22');
INSERT INTO `messages` (`id`, `from_user_id`, `to_user_id`, `offer_id`, `message_text`, `media_id`, `message_status_id`, `created_at`, `updated_at`) VALUES (91, 33, 71, 21, 'Quis et iusto placeat et molestiae. Odit harum voluptatem consequatur accusamus quia repudiandae omnis aperiam. Qui fugiat veritatis ex necessitatibus velit. Soluta soluta est quis. Modi et neque incidunt a.', 1, 1, '1974-04-17 16:25:20', '1996-01-12 22:55:22');
INSERT INTO `messages` (`id`, `from_user_id`, `to_user_id`, `offer_id`, `message_text`, `media_id`, `message_status_id`, `created_at`, `updated_at`) VALUES (92, 75, 59, 21, 'Molestiae quos et accusamus et. Culpa officia dolor deserunt officiis vitae. Totam nostrum neque deserunt eum aut nemo molestiae et.', 302, 2, '2000-10-27 00:40:35', '1977-08-30 13:45:30');
INSERT INTO `messages` (`id`, `from_user_id`, `to_user_id`, `offer_id`, `message_text`, `media_id`, `message_status_id`, `created_at`, `updated_at`) VALUES (93, 41, 92, 43, 'Non molestiae sapiente corrupti quia iure voluptatem. Sunt est maiores non molestiae assumenda dolorem. Accusantium optio dolorum rerum quidem iure.', 1, 3, '2015-06-14 11:27:30', '2012-11-28 22:09:03');
INSERT INTO `messages` (`id`, `from_user_id`, `to_user_id`, `offer_id`, `message_text`, `media_id`, `message_status_id`, `created_at`, `updated_at`) VALUES (94, 93, 100, 23, 'Doloremque nihil optio quibusdam ipsam voluptas quia est. Quia et quisquam perferendis maxime praesentium alias. Perferendis autem ab impedit deserunt iure.', 494, 2, '2003-04-05 13:52:01', '1975-05-04 07:25:49');
INSERT INTO `messages` (`id`, `from_user_id`, `to_user_id`, `offer_id`, `message_text`, `media_id`, `message_status_id`, `created_at`, `updated_at`) VALUES (95, 9, 43, 16, 'Iure est similique harum dolore dolor. Minima nihil debitis voluptas perferendis voluptas est. Enim rem quibusdam neque quidem ut in. Nostrum fuga sit est.', 59, 1, '2017-12-21 11:49:47', '1972-05-18 18:40:06');
INSERT INTO `messages` (`id`, `from_user_id`, `to_user_id`, `offer_id`, `message_text`, `media_id`, `message_status_id`, `created_at`, `updated_at`) VALUES (96, 31, 28, 13, 'Distinctio similique aliquid ut. Qui corporis corrupti eveniet aliquid facilis ut. Temporibus qui qui est labore sequi. Quia eum est explicabo repudiandae totam quia.', 1, 1, '2017-01-29 02:34:21', '2014-01-14 13:07:14');
INSERT INTO `messages` (`id`, `from_user_id`, `to_user_id`, `offer_id`, `message_text`, `media_id`, `message_status_id`, `created_at`, `updated_at`) VALUES (97, 87, 63, 10, 'Maxime rerum quam fugiat culpa provident non voluptatibus. Laboriosam assumenda laboriosam quod. Ex tempore quis dolores unde ut.', 1, 4, '1995-10-13 07:16:16', '1983-07-23 14:45:46');
INSERT INTO `messages` (`id`, `from_user_id`, `to_user_id`, `offer_id`, `message_text`, `media_id`, `message_status_id`, `created_at`, `updated_at`) VALUES (98, 6, 49, 2, 'Repellendus hic eos et error in voluptate sit quis. Debitis aut consequatur veniam non assumenda non saepe. Ut ullam quae voluptas deleniti voluptates in deleniti officia. Ut enim sed maxime quia sint sapiente. Quis error eum reprehenderit aut harum autem cum et.', 149, 2, '2008-08-11 14:28:35', '2000-12-05 07:47:42');
INSERT INTO `messages` (`id`, `from_user_id`, `to_user_id`, `offer_id`, `message_text`, `media_id`, `message_status_id`, `created_at`, `updated_at`) VALUES (99, 96, 25, 23, 'Quas est consectetur nesciunt consequatur est mollitia dicta culpa. Pariatur sed qui ratione possimus. Veritatis modi ut praesentium accusantium sit.', 1, 3, '2000-07-14 05:52:26', '2006-01-17 00:52:30');
INSERT INTO `messages` (`id`, `from_user_id`, `to_user_id`, `offer_id`, `message_text`, `media_id`, `message_status_id`, `created_at`, `updated_at`) VALUES (100, 37, 56, 28, 'Sapiente officiis odit laborum porro. Repellendus dolorem voluptatem consectetur occaecati rerum. Id ut officiis aut. Repellat ut excepturi nihil ut unde optio.', 316, 1, '1979-06-01 23:17:45', '2003-09-19 06:06:20');

COMMIT;

