
DROP DATABASE IF EXISTS vk;
CREATE DATABASE vk;

USE vk;

CREATE TABLE users (
  id INT UNSIGNED NOT NULL AUTO_INCREMENT PRIMARY KEY COMMENT "Идентификатор строки", 
  first_name VARCHAR(100) NOT NULL COMMENT "Имя пользователя",
  last_name VARCHAR(100) NOT NULL COMMENT "Фамилия пользователя",
  email VARCHAR(100) NOT NULL UNIQUE COMMENT "Почта",
  phone VARCHAR(100) NOT NULL UNIQUE COMMENT "Телефон",
  created_at DATETIME DEFAULT CURRENT_TIMESTAMP COMMENT "Время создания строки",  
  updated_at DATETIME DEFAULT CURRENT_TIMESTAMP ON UPDATE CURRENT_TIMESTAMP COMMENT "Время обновления строки"
) COMMENT "Пользователи";  

ALTER TABLE users ADD CONSTRAINT `phone_check` CHECK (REGEXP_LIKE(phone, '[0-9]{11}'));

CREATE TABLE profiles (
  user_id INT UNSIGNED NOT NULL PRIMARY KEY COMMENT "Ссылка на пользователя", 
  gender CHAR(1) NOT NULL COMMENT "Пол",
  birthday DATE COMMENT "Дата рождения",
  city VARCHAR(130) COMMENT "Город проживания",
  country VARCHAR(130) COMMENT "Страна проживания",
  created_at DATETIME DEFAULT CURRENT_TIMESTAMP COMMENT "Время создания строки",  
  updated_at DATETIME DEFAULT CURRENT_TIMESTAMP ON UPDATE CURRENT_TIMESTAMP COMMENT "Время обновления строки"
) COMMENT "Профили";

ALTER TABLE profiles ADD CONSTRAINT fk_profiles_users FOREIGN KEY (user_id) REFERENCES users (id);

CREATE TABLE friendship (
  user_id INT UNSIGNED NOT NULL COMMENT "Ссылка на инициатора дружеских отношений",
  friend_id INT UNSIGNED NOT NULL COMMENT "Ссылка на получателя приглашения дружить",
  friendship_status_id INT UNSIGNED NOT NULL COMMENT "Ссылка на статус (текущее состояние) отношений",
  requested_at DATETIME DEFAULT NOW() COMMENT "Время отправления приглашения дружить",
  confirmed_at DATETIME COMMENT "Время подтверждения приглашения",
  created_at DATETIME DEFAULT CURRENT_TIMESTAMP COMMENT "Время создания строки",  
  updated_at DATETIME DEFAULT CURRENT_TIMESTAMP ON UPDATE CURRENT_TIMESTAMP COMMENT "Время обновления строки",  
  PRIMARY KEY (user_id, friend_id) COMMENT "Составной первичный ключ"
) COMMENT "Таблица дружбы";

CREATE TABLE friendship_statuses (
  id INT UNSIGNED NOT NULL AUTO_INCREMENT PRIMARY KEY COMMENT "Идентификатор строки",
  name VARCHAR(150) NOT NULL UNIQUE COMMENT "Название статуса",
  created_at DATETIME DEFAULT CURRENT_TIMESTAMP COMMENT "Время создания строки",  
  updated_at DATETIME DEFAULT CURRENT_TIMESTAMP ON UPDATE CURRENT_TIMESTAMP COMMENT "Время обновления строки"  
) COMMENT "Статусы дружбы";

ALTER TABLE friendship ADD CONSTRAINT fk_friendship_users_1 FOREIGN KEY (user_id) REFERENCES users (id);
ALTER TABLE friendship ADD CONSTRAINT fk_friendship_users_2 FOREIGN KEY (friend_id) REFERENCES users (id);
ALTER TABLE friendship ADD CONSTRAINT fk_friendship_status FOREIGN KEY (friendship_status_id) REFERENCES friendship_statuses (id);

CREATE TABLE messages (
  id INT UNSIGNED NOT NULL AUTO_INCREMENT PRIMARY KEY COMMENT "Идентификатор строки", 
  from_user_id INT UNSIGNED NOT NULL COMMENT "Ссылка на отправителя сообщения",
  to_user_id INT UNSIGNED NOT NULL COMMENT "Ссылка на получателя сообщения",
  body TEXT NOT NULL COMMENT "Текст сообщения",
  message_status_id INT UNSIGNED NOT NULL,  
  created_at DATETIME DEFAULT CURRENT_TIMESTAMP COMMENT "Время создания строки",  
  updated_at DATETIME DEFAULT CURRENT_TIMESTAMP ON UPDATE CURRENT_TIMESTAMP COMMENT "Время обновления строки",
  is_important BOOLEAN COMMENT "Признак важности",
  media_id INT UNSIGNED
) COMMENT "Сообщения";

CREATE TABLE message_statuses (
	id INT UNSIGNED NOT NULL AUTO_INCREMENT PRIMARY KEY,
	name VARCHAR(100) NOT NULL UNIQUE,
	created_at DATETIME DEFAULT CURRENT_TIMESTAMP COMMENT "Время создания строки",  
	updated_at DATETIME DEFAULT CURRENT_TIMESTAMP ON UPDATE CURRENT_TIMESTAMP COMMENT "Время обновления строки"
) COMMENT "Статусы сообщений";

ALTER TABLE messages ADD CONSTRAINT fk_message_users_1 FOREIGN KEY (from_user_id) REFERENCES users (id);
ALTER TABLE messages ADD CONSTRAINT fk_message_users_2 FOREIGN KEY (to_user_id) REFERENCES users (id);
ALTER TABLE messages ADD CONSTRAINT fk_message_status FOREIGN KEY (message_status_id) REFERENCES message_statuses (id);
  

CREATE TABLE communities (
  id INT UNSIGNED NOT NULL AUTO_INCREMENT PRIMARY KEY COMMENT "Идентификатор сроки",
  name VARCHAR(150) NOT NULL UNIQUE COMMENT "Название группы",
  created_at DATETIME DEFAULT CURRENT_TIMESTAMP COMMENT "Время создания строки",  
  updated_at DATETIME DEFAULT CURRENT_TIMESTAMP ON UPDATE CURRENT_TIMESTAMP COMMENT "Время обновления строки"  
) COMMENT "Группы";


CREATE TABLE communities_users (
  user_id INT UNSIGNED NOT NULL COMMENT "Ссылка на пользователя",
  community_id INT UNSIGNED NOT NULL,
  created_at DATETIME DEFAULT CURRENT_TIMESTAMP COMMENT "Время создания строки", 
  updated_at DATETIME DEFAULT CURRENT_TIMESTAMP ON UPDATE CURRENT_TIMESTAMP COMMENT "Время обновления строки",
  PRIMARY KEY (community_id, user_id) COMMENT "Составной первичный ключ"
) COMMENT "Участники групп, связь между пользователями и группами";

ALTER TABLE communities_users ADD CONSTRAINT fk_communities_user FOREIGN KEY (user_id) REFERENCES users (id);
ALTER TABLE communities_users ADD CONSTRAINT fk_community_id FOREIGN KEY (community_id) REFERENCES communities (id);


CREATE TABLE media (
  id INT UNSIGNED NOT NULL AUTO_INCREMENT PRIMARY KEY,
  user_id INT UNSIGNED NOT NULL,
  filename VARCHAR(255) NOT NULL UNIQUE,
  size INT NOT NULL,
  metadata JSON, 
  media_type_id INT UNSIGNED NOT NULL,
  created_at DATETIME DEFAULT CURRENT_TIMESTAMP COMMENT "Время создания строки",
  updated_at DATETIME DEFAULT CURRENT_TIMESTAMP ON UPDATE CURRENT_TIMESTAMP COMMENT "Время обновления строки"
) COMMENT "Медиафайлы";


CREATE TABLE media_types (
  id INT UNSIGNED NOT NULL AUTO_INCREMENT PRIMARY KEY,
  name VARCHAR(100) NOT NULL UNIQUE,
  created_at DATETIME DEFAULT CURRENT_TIMESTAMP COMMENT "Время создания строки",  
  updated_at DATETIME DEFAULT CURRENT_TIMESTAMP ON UPDATE CURRENT_TIMESTAMP COMMENT "Время обновления строки"
) COMMENT "Типы медиаданных";

ALTER TABLE media ADD CONSTRAINT fk_media_type FOREIGN KEY (media_type_id) REFERENCES media_types (id);
ALTER TABLE messages ADD CONSTRAINT fk_messages_media_id FOREIGN KEY (media_id) REFERENCES media (id);

CREATE TABLE entity_types (
  id INT UNSIGNED NOT NULL AUTO_INCREMENT PRIMARY KEY,
  name VARCHAR(100) NOT NULL UNIQUE,
  created_at DATETIME DEFAULT CURRENT_TIMESTAMP COMMENT "Время создания строки",  
  updated_at DATETIME DEFAULT CURRENT_TIMESTAMP ON UPDATE CURRENT_TIMESTAMP COMMENT "Время обновления строки"  
) COMMENT "Типы сущностей";

CREATE TABLE media_post (
	id INT UNSIGNED NOT NULL AUTO_INCREMENT PRIMARY KEY,
    user_id INT UNSIGNED NOT NULL COMMENT "Ссылка на автора",
    media_id INT UNSIGNED NOT NULL COMMENT "Ссылка на медиафайл",
    body TEXT NOT NULL COMMENT "Текст сообщения",
	created_at DATETIME DEFAULT CURRENT_TIMESTAMP COMMENT "Время создания строки",  
	updated_at DATETIME DEFAULT CURRENT_TIMESTAMP ON UPDATE CURRENT_TIMESTAMP
    ) COMMENT "Комментарии к медиа";

ALTER TABLE media_post ADD CONSTRAINT fk_media_post_media_id FOREIGN KEY (media_id) REFERENCES media (id);
ALTER TABLE media_post ADD CONSTRAINT fk_media_post_user_id FOREIGN KEY (user_id) REFERENCES users (id);

CREATE TABLE likes_media (
	id INT UNSIGNED NOT NULL AUTO_INCREMENT PRIMARY KEY,
    user_id INT UNSIGNED NOT NULL COMMENT "Ссылка на автора",
    media_id INT UNSIGNED NOT NULL COMMENT "Ссылка на медиафайл",
	created_at DATETIME DEFAULT CURRENT_TIMESTAMP COMMENT "Время создания строки",  
	updated_at DATETIME DEFAULT CURRENT_TIMESTAMP ON UPDATE CURRENT_TIMESTAMP COMMENT "Время обновления строки"
) COMMENT "Лайки для медиа";

ALTER TABLE likes_media ADD CONSTRAINT fk_likes_media_media_id FOREIGN KEY (media_id) REFERENCES media (id);
ALTER TABLE likes_media ADD CONSTRAINT fk_likes_media_user_id FOREIGN KEY (user_id) REFERENCES users (id);

CREATE TABLE likes_post (
	id INT UNSIGNED NOT NULL AUTO_INCREMENT PRIMARY KEY,
    user_id INT UNSIGNED NOT NULL COMMENT "Ссылка на автора",
    post_id INT UNSIGNED NOT NULL COMMENT "Ссылка на пост",
    body TEXT NOT NULL COMMENT "Текст сообщения",
	created_at DATETIME DEFAULT CURRENT_TIMESTAMP COMMENT "Время создания строки",  
	updated_at DATETIME DEFAULT CURRENT_TIMESTAMP ON UPDATE CURRENT_TIMESTAMP COMMENT "Время обновления строки"
) COMMENT "Лайки для комментариев";

ALTER TABLE likes_post ADD CONSTRAINT fk_likes_post_user_id FOREIGN KEY (user_id) REFERENCES users (id);
ALTER TABLE likes_post ADD CONSTRAINT fk_likes_post_post_id FOREIGN KEY (post_id) REFERENCES media_post (id);

CREATE TABLE likes_person (
	id INT UNSIGNED NOT NULL AUTO_INCREMENT PRIMARY KEY,
    user_id INT UNSIGNED NOT NULL COMMENT "Ссылка на автора лайка",
    person_id INT UNSIGNED NOT NULL COMMENT "Ссылка на получателя лайка",
	created_at DATETIME DEFAULT CURRENT_TIMESTAMP COMMENT "Время создания строки",  
	updated_at DATETIME DEFAULT CURRENT_TIMESTAMP ON UPDATE CURRENT_TIMESTAMP COMMENT "Время обновления строки"
) COMMENT "Лайки для пользователей";

ALTER TABLE likes_person ADD CONSTRAINT fk_likes_person_user_id FOREIGN KEY (user_id) REFERENCES users (id);
ALTER TABLE likes_person ADD CONSTRAINT fk_likes_person_person_id FOREIGN KEY (person_id) REFERENCES users (id);

INSERT INTO `users` (`id`, `first_name`, `last_name`, `email`, `phone`, `created_at`, `updated_at`) VALUES (1, 'Joanne', 'Koss', 'scrona@example.org', '60906664210', '1983-04-19 08:05:06', '1974-01-27 22:24:26');
INSERT INTO `users` (`id`, `first_name`, `last_name`, `email`, `phone`, `created_at`, `updated_at`) VALUES (2, 'Annetta', 'Bauch', 'ansley.boehm@example.com', '37656662864', '2013-02-19 04:46:56', '1986-03-13 06:40:36');
INSERT INTO `users` (`id`, `first_name`, `last_name`, `email`, `phone`, `created_at`, `updated_at`) VALUES (3, 'Jordon', 'Schumm', 'qemard@example.org', '09395665338', '1979-12-01 18:50:52', '1970-09-23 09:52:23');
INSERT INTO `users` (`id`, `first_name`, `last_name`, `email`, `phone`, `created_at`, `updated_at`) VALUES (4, 'Willow', 'Durgan', 'efritsch@example.org', '37726175161', '2006-05-03 00:59:42', '1972-11-25 22:22:52');
INSERT INTO `users` (`id`, `first_name`, `last_name`, `email`, `phone`, `created_at`, `updated_at`) VALUES (5, 'Brown', 'Klein', 'egerhold@example.org', '02975576765', '2014-07-01 08:57:47', '1990-08-12 09:57:40');
INSERT INTO `users` (`id`, `first_name`, `last_name`, `email`, `phone`, `created_at`, `updated_at`) VALUES (6, 'Jewel', 'Welch', 'goldner.lenora@example.net', '35133521610', '1984-03-27 23:20:17', '1992-01-30 01:49:07');
INSERT INTO `users` (`id`, `first_name`, `last_name`, `email`, `phone`, `created_at`, `updated_at`) VALUES (7, 'Juston', 'Cassin', 'akutch@example.org', '26483296477', '1987-02-06 06:17:55', '2021-01-09 13:45:53');
INSERT INTO `users` (`id`, `first_name`, `last_name`, `email`, `phone`, `created_at`, `updated_at`) VALUES (8, 'Berry', 'Mohr', 'kutch.roma@example.com', '72701622883', '2008-12-14 11:13:58', '1973-04-12 18:23:52');
INSERT INTO `users` (`id`, `first_name`, `last_name`, `email`, `phone`, `created_at`, `updated_at`) VALUES (9, 'Jovan', 'Brown', 'rose41@example.net', '30702243917', '1973-08-12 04:25:39', '1994-04-23 22:42:50');
INSERT INTO `users` (`id`, `first_name`, `last_name`, `email`, `phone`, `created_at`, `updated_at`) VALUES (10, 'Jaiden', 'Mohr', 'orlo99@example.org', '01418041870', '2020-09-17 19:58:08', '1990-08-11 23:22:32');
INSERT INTO `users` (`id`, `first_name`, `last_name`, `email`, `phone`, `created_at`, `updated_at`) VALUES (11, 'Marquise', 'Kassulke', 'eldridge59@example.com', '16236188661', '1977-09-07 20:13:04', '1973-03-18 06:52:19');
INSERT INTO `users` (`id`, `first_name`, `last_name`, `email`, `phone`, `created_at`, `updated_at`) VALUES (12, 'Elian', 'Olson', 'dee.mertz@example.net', '26032802940', '1973-02-03 11:27:33', '1996-09-07 05:09:29');
INSERT INTO `users` (`id`, `first_name`, `last_name`, `email`, `phone`, `created_at`, `updated_at`) VALUES (13, 'Delaney', 'Heller', 'nicolas.carlie@example.com', '82404751663', '2001-08-08 02:08:54', '1993-10-25 12:56:24');
INSERT INTO `users` (`id`, `first_name`, `last_name`, `email`, `phone`, `created_at`, `updated_at`) VALUES (14, 'Americo', 'Lang', 'braeden83@example.net', '52610083541', '1981-01-28 05:05:13', '1999-11-26 08:32:41');
INSERT INTO `users` (`id`, `first_name`, `last_name`, `email`, `phone`, `created_at`, `updated_at`) VALUES (15, 'Mallie', 'Senger', 'xzavier.kuhlman@example.com', '55635611568', '2015-09-11 06:31:53', '1976-01-06 09:19:44');
INSERT INTO `users` (`id`, `first_name`, `last_name`, `email`, `phone`, `created_at`, `updated_at`) VALUES (16, 'Larue', 'Funk', 'greyson44@example.net', '18944796781', '2007-03-27 14:18:26', '1990-08-03 18:20:51');
INSERT INTO `users` (`id`, `first_name`, `last_name`, `email`, `phone`, `created_at`, `updated_at`) VALUES (17, 'Parker', 'Jerde', 'jayda.predovic@example.net', '13292037562', '1996-11-12 08:27:16', '1981-02-20 14:35:18');
INSERT INTO `users` (`id`, `first_name`, `last_name`, `email`, `phone`, `created_at`, `updated_at`) VALUES (18, 'Genoveva', 'Koepp', 'cyril74@example.com', '74194272298', '1975-05-23 12:10:07', '1975-07-27 11:13:09');
INSERT INTO `users` (`id`, `first_name`, `last_name`, `email`, `phone`, `created_at`, `updated_at`) VALUES (19, 'Casey', 'Kutch', 'purdy.maribel@example.org', '72320823407', '2002-02-11 15:51:29', '1978-04-12 11:14:18');
INSERT INTO `users` (`id`, `first_name`, `last_name`, `email`, `phone`, `created_at`, `updated_at`) VALUES (20, 'Fabiola', 'Bednar', 'maci.fay@example.net', '89207447713', '1986-11-12 20:14:32', '2003-06-20 22:36:43');
INSERT INTO `users` (`id`, `first_name`, `last_name`, `email`, `phone`, `created_at`, `updated_at`) VALUES (21, 'Nellie', 'Herzog', 'wallace32@example.com', '92885969559', '1978-01-12 00:27:00', '1986-09-18 08:14:18');
INSERT INTO `users` (`id`, `first_name`, `last_name`, `email`, `phone`, `created_at`, `updated_at`) VALUES (22, 'Lafayette', 'Bartell', 'zechariah03@example.com', '13997651965', '2016-09-04 19:41:32', '2016-09-09 06:11:43');
INSERT INTO `users` (`id`, `first_name`, `last_name`, `email`, `phone`, `created_at`, `updated_at`) VALUES (23, 'Shawn', 'Reynolds', 'metz.makenna@example.net', '17487863507', '1994-11-15 22:25:28', '1970-02-21 07:44:16');
INSERT INTO `users` (`id`, `first_name`, `last_name`, `email`, `phone`, `created_at`, `updated_at`) VALUES (24, 'Kamron', 'O\'Conner', 'irwin11@example.com', '29278917602', '1970-05-25 02:58:15', '1980-05-17 10:18:47');
INSERT INTO `users` (`id`, `first_name`, `last_name`, `email`, `phone`, `created_at`, `updated_at`) VALUES (25, 'Mona', 'Dibbert', 'aliya.huel@example.org', '48385448744', '2008-03-18 03:51:42', '2018-09-13 21:06:13');
INSERT INTO `users` (`id`, `first_name`, `last_name`, `email`, `phone`, `created_at`, `updated_at`) VALUES (26, 'Andre', 'Kilback', 'bechtelar.corene@example.net', '23536453517', '2013-07-03 18:58:22', '2008-06-22 04:05:36');
INSERT INTO `users` (`id`, `first_name`, `last_name`, `email`, `phone`, `created_at`, `updated_at`) VALUES (27, 'Torrey', 'Denesik', 'rowe.richmond@example.org', '29006300447', '2013-12-18 23:11:13', '2007-06-26 10:54:26');
INSERT INTO `users` (`id`, `first_name`, `last_name`, `email`, `phone`, `created_at`, `updated_at`) VALUES (28, 'Hollie', 'Dibbert', 'frami.virginie@example.net', '76451713080', '1982-07-07 03:26:29', '1974-10-21 02:22:00');
INSERT INTO `users` (`id`, `first_name`, `last_name`, `email`, `phone`, `created_at`, `updated_at`) VALUES (29, 'Marlen', 'Klein', 'weissnat.cassie@example.com', '13246899884', '2014-07-25 10:18:06', '2005-11-21 02:45:10');
INSERT INTO `users` (`id`, `first_name`, `last_name`, `email`, `phone`, `created_at`, `updated_at`) VALUES (30, 'Torrey', 'Davis', 'oziemann@example.net', '15862390575', '1989-06-21 06:49:05', '1973-06-09 18:20:09');
INSERT INTO `users` (`id`, `first_name`, `last_name`, `email`, `phone`, `created_at`, `updated_at`) VALUES (31, 'Charles', 'Bailey', 'nhand@example.net', '37519337749', '1972-10-24 10:06:40', '2017-05-30 07:18:23');
INSERT INTO `users` (`id`, `first_name`, `last_name`, `email`, `phone`, `created_at`, `updated_at`) VALUES (32, 'Eleanora', 'Johnston', 'jermey22@example.com', '11344210631', '1990-07-09 15:01:15', '1979-01-02 18:17:12');
INSERT INTO `users` (`id`, `first_name`, `last_name`, `email`, `phone`, `created_at`, `updated_at`) VALUES (33, 'Remington', 'Mueller', 'emilie.bernier@example.org', '58452533657', '2002-03-04 14:37:02', '1981-04-26 19:40:06');
INSERT INTO `users` (`id`, `first_name`, `last_name`, `email`, `phone`, `created_at`, `updated_at`) VALUES (34, 'Angelina', 'Schneider', 'mdenesik@example.com', '85144546871', '2019-03-25 15:21:19', '2018-07-23 21:56:49');
INSERT INTO `users` (`id`, `first_name`, `last_name`, `email`, `phone`, `created_at`, `updated_at`) VALUES (35, 'Daron', 'Lindgren', 'odie00@example.org', '63711462146', '2020-09-20 21:10:24', '2000-07-14 12:24:59');
INSERT INTO `users` (`id`, `first_name`, `last_name`, `email`, `phone`, `created_at`, `updated_at`) VALUES (36, 'Otho', 'Schneider', 'qsmitham@example.com', '24872505396', '2017-01-25 22:17:37', '1991-09-22 21:14:32');
INSERT INTO `users` (`id`, `first_name`, `last_name`, `email`, `phone`, `created_at`, `updated_at`) VALUES (37, 'Buford', 'Predovic', 'crona.meda@example.com', '58467218610', '1995-05-23 07:51:59', '2000-08-29 20:23:39');
INSERT INTO `users` (`id`, `first_name`, `last_name`, `email`, `phone`, `created_at`, `updated_at`) VALUES (38, 'Verla', 'Mertz', 'eldon26@example.com', '91815578969', '1974-09-18 21:21:32', '1991-02-14 06:35:03');
INSERT INTO `users` (`id`, `first_name`, `last_name`, `email`, `phone`, `created_at`, `updated_at`) VALUES (39, 'Otha', 'Barton', 'hnikolaus@example.org', '23673913626', '1980-08-22 01:20:39', '1987-03-09 12:29:44');
INSERT INTO `users` (`id`, `first_name`, `last_name`, `email`, `phone`, `created_at`, `updated_at`) VALUES (40, 'Charlotte', 'Block', 'joy.corwin@example.net', '44256779153', '1982-08-18 08:13:48', '1975-04-15 00:28:33');
INSERT INTO `users` (`id`, `first_name`, `last_name`, `email`, `phone`, `created_at`, `updated_at`) VALUES (41, 'Maryjane', 'Friesen', 'jkulas@example.org', '13183316795', '1986-11-07 00:37:40', '2017-02-10 17:41:48');
INSERT INTO `users` (`id`, `first_name`, `last_name`, `email`, `phone`, `created_at`, `updated_at`) VALUES (42, 'Clementina', 'Streich', 'sierra.greenholt@example.org', '06313844228', '1999-06-05 22:52:45', '2006-03-14 07:25:13');
INSERT INTO `users` (`id`, `first_name`, `last_name`, `email`, `phone`, `created_at`, `updated_at`) VALUES (43, 'Cecil', 'Gleason', 'phoebe.champlin@example.com', '69227869535', '1998-02-22 01:01:02', '2014-06-20 18:15:25');
INSERT INTO `users` (`id`, `first_name`, `last_name`, `email`, `phone`, `created_at`, `updated_at`) VALUES (44, 'Vesta', 'Kutch', 'ricky79@example.net', '07043520194', '1996-11-01 22:14:13', '1971-08-27 01:42:09');
INSERT INTO `users` (`id`, `first_name`, `last_name`, `email`, `phone`, `created_at`, `updated_at`) VALUES (45, 'Sandrine', 'Hessel', 'mkub@example.org', '69793511687', '1993-12-19 10:31:12', '2016-08-29 15:39:34');
INSERT INTO `users` (`id`, `first_name`, `last_name`, `email`, `phone`, `created_at`, `updated_at`) VALUES (46, 'Iva', 'Denesik', 'yoshiko50@example.com', '55271736770', '2006-10-10 15:57:02', '2013-02-09 12:19:01');
INSERT INTO `users` (`id`, `first_name`, `last_name`, `email`, `phone`, `created_at`, `updated_at`) VALUES (47, 'Cleo', 'Kunde', 'erik97@example.net', '00179676821', '2002-05-15 21:48:19', '1974-03-23 16:49:09');
INSERT INTO `users` (`id`, `first_name`, `last_name`, `email`, `phone`, `created_at`, `updated_at`) VALUES (48, 'Marcelo', 'Flatley', 'jayme15@example.net', '75870850670', '2013-06-05 18:18:45', '2013-07-29 19:10:59');
INSERT INTO `users` (`id`, `first_name`, `last_name`, `email`, `phone`, `created_at`, `updated_at`) VALUES (49, 'Koby', 'Rau', 'marisol67@example.org', '82304446060', '1984-03-27 05:38:44', '1980-01-24 19:44:29');
INSERT INTO `users` (`id`, `first_name`, `last_name`, `email`, `phone`, `created_at`, `updated_at`) VALUES (50, 'Maria', 'Rowe', 'towne.dario@example.com', '96134084837', '1983-03-05 14:53:33', '1991-05-23 20:48:35');
INSERT INTO `users` (`id`, `first_name`, `last_name`, `email`, `phone`, `created_at`, `updated_at`) VALUES (51, 'Bill', 'Russel', 'florian.kovacek@example.org', '74088695574', '2017-04-22 11:57:38', '1979-04-19 05:31:44');
INSERT INTO `users` (`id`, `first_name`, `last_name`, `email`, `phone`, `created_at`, `updated_at`) VALUES (52, 'Sebastian', 'Bashirian', 'thompson.jedidiah@example.org', '83233633462', '2015-04-25 04:51:29', '1996-10-24 17:36:45');
INSERT INTO `users` (`id`, `first_name`, `last_name`, `email`, `phone`, `created_at`, `updated_at`) VALUES (53, 'Albin', 'Green', 'justen25@example.net', '96865267786', '2015-11-06 01:49:57', '1975-08-05 02:32:49');
INSERT INTO `users` (`id`, `first_name`, `last_name`, `email`, `phone`, `created_at`, `updated_at`) VALUES (54, 'Kelsie', 'Rosenbaum', 'bailey.ward@example.net', '87153008142', '1988-03-18 19:42:56', '2004-11-28 11:37:18');
INSERT INTO `users` (`id`, `first_name`, `last_name`, `email`, `phone`, `created_at`, `updated_at`) VALUES (55, 'Karli', 'Turcotte', 'langosh.irma@example.org', '56650603236', '1982-05-30 14:37:09', '1977-12-19 20:01:23');
INSERT INTO `users` (`id`, `first_name`, `last_name`, `email`, `phone`, `created_at`, `updated_at`) VALUES (56, 'Justine', 'McDermott', 'klangworth@example.net', '72412606009', '2002-02-06 04:30:00', '2019-09-24 01:39:27');
INSERT INTO `users` (`id`, `first_name`, `last_name`, `email`, `phone`, `created_at`, `updated_at`) VALUES (57, 'Corbin', 'Reynolds', 'zemlak.darian@example.com', '06403579284', '2001-10-10 19:45:53', '1977-08-04 07:01:13');
INSERT INTO `users` (`id`, `first_name`, `last_name`, `email`, `phone`, `created_at`, `updated_at`) VALUES (58, 'Brook', 'Ruecker', 'madisen56@example.com', '29618573959', '1994-01-12 09:42:37', '1992-01-29 19:46:16');
INSERT INTO `users` (`id`, `first_name`, `last_name`, `email`, `phone`, `created_at`, `updated_at`) VALUES (59, 'Kendra', 'Kohler', 'brakus.gail@example.com', '24829822418', '1977-06-16 14:40:33', '2002-09-01 14:59:26');
INSERT INTO `users` (`id`, `first_name`, `last_name`, `email`, `phone`, `created_at`, `updated_at`) VALUES (60, 'Norwood', 'Breitenberg', 'madalyn.tromp@example.org', '90199839592', '1975-05-04 07:27:23', '2015-06-19 03:40:43');
INSERT INTO `users` (`id`, `first_name`, `last_name`, `email`, `phone`, `created_at`, `updated_at`) VALUES (61, 'Demario', 'Grant', 'ethan28@example.net', '60593514288', '1973-02-27 10:44:46', '2005-11-18 05:32:41');
INSERT INTO `users` (`id`, `first_name`, `last_name`, `email`, `phone`, `created_at`, `updated_at`) VALUES (62, 'Elvie', 'Morar', 'rosalind62@example.net', '04812008403', '1970-04-22 15:16:29', '1985-08-06 09:39:33');
INSERT INTO `users` (`id`, `first_name`, `last_name`, `email`, `phone`, `created_at`, `updated_at`) VALUES (63, 'Lilly', 'Kerluke', 'rhartmann@example.com', '31266834338', '2018-03-14 18:06:23', '1975-04-26 00:24:36');
INSERT INTO `users` (`id`, `first_name`, `last_name`, `email`, `phone`, `created_at`, `updated_at`) VALUES (64, 'Clay', 'Herman', 'marian63@example.com', '22551409687', '1989-12-13 11:06:50', '1994-01-04 08:55:47');
INSERT INTO `users` (`id`, `first_name`, `last_name`, `email`, `phone`, `created_at`, `updated_at`) VALUES (65, 'Larissa', 'Kris', 'aracely.schmidt@example.net', '35051488952', '1987-04-03 16:49:44', '1987-05-21 04:56:13');
INSERT INTO `users` (`id`, `first_name`, `last_name`, `email`, `phone`, `created_at`, `updated_at`) VALUES (66, 'Adell', 'Botsford', 'trunolfsson@example.com', '41587320201', '2020-02-06 02:06:40', '2013-12-16 14:13:31');
INSERT INTO `users` (`id`, `first_name`, `last_name`, `email`, `phone`, `created_at`, `updated_at`) VALUES (67, 'Jalyn', 'Johnston', 'sister87@example.net', '91107764647', '2010-09-03 11:32:28', '2002-05-13 18:09:00');
INSERT INTO `users` (`id`, `first_name`, `last_name`, `email`, `phone`, `created_at`, `updated_at`) VALUES (68, 'Grace', 'Schimmel', 'emilie.armstrong@example.org', '46591081003', '1972-11-06 16:36:21', '1983-01-24 02:25:43');
INSERT INTO `users` (`id`, `first_name`, `last_name`, `email`, `phone`, `created_at`, `updated_at`) VALUES (69, 'Felicity', 'King', 'javier45@example.org', '24211432364', '1993-12-06 17:29:30', '1997-12-24 08:18:44');
INSERT INTO `users` (`id`, `first_name`, `last_name`, `email`, `phone`, `created_at`, `updated_at`) VALUES (70, 'Bridie', 'Heathcote', 'shields.zachery@example.net', '58155842223', '2016-02-19 06:37:43', '1975-01-03 05:52:34');
INSERT INTO `users` (`id`, `first_name`, `last_name`, `email`, `phone`, `created_at`, `updated_at`) VALUES (71, 'Dwight', 'Hilll', 'carmelo.yost@example.net', '13438940044', '1971-03-19 01:15:13', '2007-11-19 08:44:10');
INSERT INTO `users` (`id`, `first_name`, `last_name`, `email`, `phone`, `created_at`, `updated_at`) VALUES (72, 'Judge', 'Ankunding', 'rippin.bettye@example.net', '76648707836', '2008-09-23 02:14:19', '1994-11-27 05:49:00');
INSERT INTO `users` (`id`, `first_name`, `last_name`, `email`, `phone`, `created_at`, `updated_at`) VALUES (73, 'Stephen', 'Harris', 'winnifred75@example.com', '37232208026', '1970-04-29 08:31:41', '1970-01-31 11:44:48');
INSERT INTO `users` (`id`, `first_name`, `last_name`, `email`, `phone`, `created_at`, `updated_at`) VALUES (74, 'Graham', 'Buckridge', 'hansen.danielle@example.net', '84355965575', '2013-12-23 03:40:22', '1973-03-03 16:45:18');
INSERT INTO `users` (`id`, `first_name`, `last_name`, `email`, `phone`, `created_at`, `updated_at`) VALUES (75, 'Lois', 'Wilderman', 'jonatan02@example.org', '48835772823', '2003-12-03 20:08:29', '1983-12-03 14:11:09');
INSERT INTO `users` (`id`, `first_name`, `last_name`, `email`, `phone`, `created_at`, `updated_at`) VALUES (76, 'Cleve', 'Homenick', 'ray85@example.net', '87802185423', '2010-05-03 09:55:41', '1986-11-12 13:09:28');
INSERT INTO `users` (`id`, `first_name`, `last_name`, `email`, `phone`, `created_at`, `updated_at`) VALUES (77, 'Katlynn', 'Steuber', 'nico91@example.com', '09207853537', '1978-08-09 07:25:48', '1986-03-13 02:28:47');
INSERT INTO `users` (`id`, `first_name`, `last_name`, `email`, `phone`, `created_at`, `updated_at`) VALUES (78, 'Arno', 'Stehr', 'xbeahan@example.net', '53825364606', '2005-06-26 00:01:56', '1990-06-26 22:55:54');
INSERT INTO `users` (`id`, `first_name`, `last_name`, `email`, `phone`, `created_at`, `updated_at`) VALUES (79, 'Allie', 'Kessler', 'ojacobi@example.org', '26636139672', '1994-10-07 22:33:33', '1989-12-11 11:10:55');
INSERT INTO `users` (`id`, `first_name`, `last_name`, `email`, `phone`, `created_at`, `updated_at`) VALUES (80, 'Lamar', 'Ratke', 'abdullah.hamill@example.com', '70831597724', '1988-08-30 17:10:35', '2018-12-28 10:36:26');
INSERT INTO `users` (`id`, `first_name`, `last_name`, `email`, `phone`, `created_at`, `updated_at`) VALUES (81, 'Fay', 'Waters', 'arthur.schulist@example.net', '32156393293', '1995-07-15 04:35:26', '2003-12-08 06:19:44');
INSERT INTO `users` (`id`, `first_name`, `last_name`, `email`, `phone`, `created_at`, `updated_at`) VALUES (82, 'Lexi', 'Towne', 'cassin.ole@example.net', '54153429566', '2017-04-11 22:19:45', '2017-03-05 05:30:18');
INSERT INTO `users` (`id`, `first_name`, `last_name`, `email`, `phone`, `created_at`, `updated_at`) VALUES (83, 'Vivianne', 'Corkery', 'russel.kathryne@example.net', '31146569805', '1982-09-24 08:56:18', '1983-08-25 22:59:30');
INSERT INTO `users` (`id`, `first_name`, `last_name`, `email`, `phone`, `created_at`, `updated_at`) VALUES (84, 'Adrien', 'Walker', 'bernita48@example.com', '22211077220', '1990-01-10 23:06:55', '1980-12-27 04:32:34');
INSERT INTO `users` (`id`, `first_name`, `last_name`, `email`, `phone`, `created_at`, `updated_at`) VALUES (85, 'Angela', 'Dicki', 'smclaughlin@example.net', '81692801454', '1986-05-21 02:57:33', '1978-04-01 18:36:38');
INSERT INTO `users` (`id`, `first_name`, `last_name`, `email`, `phone`, `created_at`, `updated_at`) VALUES (86, 'Melyna', 'Schamberger', 'mittie.miller@example.org', '87083940867', '2004-03-27 02:47:27', '1976-08-01 17:42:10');
INSERT INTO `users` (`id`, `first_name`, `last_name`, `email`, `phone`, `created_at`, `updated_at`) VALUES (87, 'Ozella', 'Mayer', 'gsmitham@example.com', '24070322998', '1990-10-23 23:11:59', '1975-01-07 22:27:16');
INSERT INTO `users` (`id`, `first_name`, `last_name`, `email`, `phone`, `created_at`, `updated_at`) VALUES (88, 'Geo', 'Kunze', 'elvera.o\'hara@example.com', '37634732682', '1993-08-19 12:51:01', '2018-10-04 08:03:14');
INSERT INTO `users` (`id`, `first_name`, `last_name`, `email`, `phone`, `created_at`, `updated_at`) VALUES (89, 'Mercedes', 'Herman', 'erwin.funk@example.net', '78420549413', '2004-12-17 06:08:31', '1988-10-06 19:22:11');
INSERT INTO `users` (`id`, `first_name`, `last_name`, `email`, `phone`, `created_at`, `updated_at`) VALUES (90, 'Bradly', 'Willms', 'eturner@example.com', '19778312862', '2005-12-31 13:33:28', '2012-07-02 08:03:55');
INSERT INTO `users` (`id`, `first_name`, `last_name`, `email`, `phone`, `created_at`, `updated_at`) VALUES (91, 'Eliezer', 'Wiza', 'andrew.kulas@example.net', '65374477028', '1999-04-04 09:09:01', '2009-10-27 10:28:01');
INSERT INTO `users` (`id`, `first_name`, `last_name`, `email`, `phone`, `created_at`, `updated_at`) VALUES (92, 'Buddy', 'Ratke', 'retha.streich@example.net', '25854929669', '1975-11-20 00:18:52', '1985-04-17 17:46:21');
INSERT INTO `users` (`id`, `first_name`, `last_name`, `email`, `phone`, `created_at`, `updated_at`) VALUES (93, 'Sterling', 'McLaughlin', 'jaqueline52@example.com', '62654870452', '2003-03-30 02:37:36', '1990-05-11 15:40:41');
INSERT INTO `users` (`id`, `first_name`, `last_name`, `email`, `phone`, `created_at`, `updated_at`) VALUES (94, 'Zack', 'Witting', 'qchristiansen@example.net', '04169719233', '1985-09-27 10:07:50', '2010-11-11 00:39:05');
INSERT INTO `users` (`id`, `first_name`, `last_name`, `email`, `phone`, `created_at`, `updated_at`) VALUES (95, 'Mario', 'Harvey', 'asa63@example.com', '32890478830', '1989-11-23 08:45:33', '2016-04-26 07:57:08');
INSERT INTO `users` (`id`, `first_name`, `last_name`, `email`, `phone`, `created_at`, `updated_at`) VALUES (96, 'Perry', 'Adams', 'kevon56@example.net', '90328639935', '1977-01-03 07:45:52', '1995-06-13 15:01:59');
INSERT INTO `users` (`id`, `first_name`, `last_name`, `email`, `phone`, `created_at`, `updated_at`) VALUES (97, 'Adolfo', 'Altenwerth', 'bradtke.gussie@example.com', '48158890841', '2005-10-15 07:59:33', '1998-10-25 00:47:29');
INSERT INTO `users` (`id`, `first_name`, `last_name`, `email`, `phone`, `created_at`, `updated_at`) VALUES (98, 'Retta', 'Stoltenberg', 'rcollier@example.org', '83062569344', '1981-07-29 02:56:40', '1972-07-23 22:56:31');
INSERT INTO `users` (`id`, `first_name`, `last_name`, `email`, `phone`, `created_at`, `updated_at`) VALUES (99, 'Carmela', 'Gusikowski', 'icartwright@example.org', '26810761350', '2002-05-11 23:27:46', '1978-11-13 15:04:10');
INSERT INTO `users` (`id`, `first_name`, `last_name`, `email`, `phone`, `created_at`, `updated_at`) VALUES (100, 'Ned', 'Kemmer', 'sherman85@example.com', '62333506566', '2020-03-29 12:37:28', '2017-02-06 14:46:07');

INSERT INTO `profiles` (`user_id`, `gender`, `birthday`, `city`, `country`, `created_at`, `updated_at`) VALUES (1, 'F', '1991-04-11', 'Rosaview', 'Chile', '2016-01-09 05:41:37', '2011-05-08 21:35:59');
INSERT INTO `profiles` (`user_id`, `gender`, `birthday`, `city`, `country`, `created_at`, `updated_at`) VALUES (2, 'F', '2002-03-14', 'Andreshire', 'Mali', '1984-12-16 00:02:51', '2015-01-24 10:45:27');
INSERT INTO `profiles` (`user_id`, `gender`, `birthday`, `city`, `country`, `created_at`, `updated_at`) VALUES (3, 'F', '2016-08-09', 'Lake Rowlandbury', 'Namibia', '1981-08-28 09:55:03', '1987-08-25 05:07:45');
INSERT INTO `profiles` (`user_id`, `gender`, `birthday`, `city`, `country`, `created_at`, `updated_at`) VALUES (4, 'M', '2013-11-01', 'Lianaview', 'Chad', '1987-06-20 06:49:42', '1999-03-16 14:34:26');
INSERT INTO `profiles` (`user_id`, `gender`, `birthday`, `city`, `country`, `created_at`, `updated_at`) VALUES (5, 'M', '2005-02-10', 'Fayview', 'Venezuela', '2014-01-11 14:28:06', '1986-03-29 02:01:32');
INSERT INTO `profiles` (`user_id`, `gender`, `birthday`, `city`, `country`, `created_at`, `updated_at`) VALUES (6, 'F', '2019-08-17', 'Bradtketown', 'New Zealand', '1994-05-28 09:21:23', '2011-02-19 05:58:54');
INSERT INTO `profiles` (`user_id`, `gender`, `birthday`, `city`, `country`, `created_at`, `updated_at`) VALUES (7, 'F', '1994-02-11', 'Milfordfort', 'Netherlands Antilles', '1984-03-04 03:16:00', '2014-05-08 09:36:10');
INSERT INTO `profiles` (`user_id`, `gender`, `birthday`, `city`, `country`, `created_at`, `updated_at`) VALUES (8, 'M', '2019-04-29', 'Lake Paulamouth', 'Cote d\'Ivoire', '2011-11-11 22:13:58', '2000-05-31 11:15:55');
INSERT INTO `profiles` (`user_id`, `gender`, `birthday`, `city`, `country`, `created_at`, `updated_at`) VALUES (9, 'M', '1999-02-16', 'Purdytown', 'Senegal', '2016-04-12 18:25:47', '1975-04-01 04:37:08');
INSERT INTO `profiles` (`user_id`, `gender`, `birthday`, `city`, `country`, `created_at`, `updated_at`) VALUES (10, 'M', '1971-03-16', 'Danielfurt', 'Estonia', '2011-08-13 19:03:03', '2000-10-30 18:40:57');
INSERT INTO `profiles` (`user_id`, `gender`, `birthday`, `city`, `country`, `created_at`, `updated_at`) VALUES (11, 'F', '1977-12-21', 'Samantaville', 'Niue', '1987-12-24 20:18:59', '1998-08-19 20:58:44');
INSERT INTO `profiles` (`user_id`, `gender`, `birthday`, `city`, `country`, `created_at`, `updated_at`) VALUES (12, 'F', '1983-05-11', 'Jonesstad', 'Niger', '2009-12-06 03:23:53', '2015-03-11 20:28:01');
INSERT INTO `profiles` (`user_id`, `gender`, `birthday`, `city`, `country`, `created_at`, `updated_at`) VALUES (13, 'M', '1984-10-10', 'Greenfelderchester', 'Namibia', '1989-03-28 21:03:44', '2016-08-07 11:46:28');
INSERT INTO `profiles` (`user_id`, `gender`, `birthday`, `city`, `country`, `created_at`, `updated_at`) VALUES (14, 'M', '1974-08-26', 'West Vivienne', 'Belarus', '2001-03-07 14:48:20', '2002-05-10 11:18:56');
INSERT INTO `profiles` (`user_id`, `gender`, `birthday`, `city`, `country`, `created_at`, `updated_at`) VALUES (15, 'F', '1997-02-26', 'New Marion', 'Portugal', '1987-05-27 02:20:38', '1989-04-12 08:10:16');
INSERT INTO `profiles` (`user_id`, `gender`, `birthday`, `city`, `country`, `created_at`, `updated_at`) VALUES (16, 'F', '2008-03-29', 'Gleasonstad', 'Cambodia', '1995-12-17 00:45:16', '2015-06-30 00:52:20');
INSERT INTO `profiles` (`user_id`, `gender`, `birthday`, `city`, `country`, `created_at`, `updated_at`) VALUES (17, 'F', '1978-03-16', 'Krystelstad', 'Dominican Republic', '2020-04-21 09:48:52', '1985-06-21 17:33:46');
INSERT INTO `profiles` (`user_id`, `gender`, `birthday`, `city`, `country`, `created_at`, `updated_at`) VALUES (18, 'M', '1999-03-14', 'Eduardomouth', 'United States of America', '1987-03-20 22:36:31', '1983-03-15 19:07:37');
INSERT INTO `profiles` (`user_id`, `gender`, `birthday`, `city`, `country`, `created_at`, `updated_at`) VALUES (19, 'M', '2001-03-30', 'West Einarburgh', 'Zimbabwe', '2013-01-07 17:57:10', '2016-01-07 03:09:53');
INSERT INTO `profiles` (`user_id`, `gender`, `birthday`, `city`, `country`, `created_at`, `updated_at`) VALUES (20, 'M', '1983-04-11', 'West Golden', 'Estonia', '1984-05-07 17:35:43', '1994-05-27 18:04:55');
INSERT INTO `profiles` (`user_id`, `gender`, `birthday`, `city`, `country`, `created_at`, `updated_at`) VALUES (21, 'F', '2016-12-02', 'East Federicotown', 'Chad', '2010-07-12 09:23:51', '2014-11-22 18:12:17');
INSERT INTO `profiles` (`user_id`, `gender`, `birthday`, `city`, `country`, `created_at`, `updated_at`) VALUES (22, 'F', '1984-01-21', 'West Erlingland', 'Paraguay', '2019-12-26 01:19:45', '2011-01-19 16:01:09');
INSERT INTO `profiles` (`user_id`, `gender`, `birthday`, `city`, `country`, `created_at`, `updated_at`) VALUES (23, 'F', '1991-08-08', 'North Ted', 'Gabon', '1987-11-10 06:15:06', '2014-07-01 10:34:07');
INSERT INTO `profiles` (`user_id`, `gender`, `birthday`, `city`, `country`, `created_at`, `updated_at`) VALUES (24, 'F', '1995-04-16', 'Considineland', 'Reunion', '2012-05-24 02:18:48', '2020-02-13 22:57:50');
INSERT INTO `profiles` (`user_id`, `gender`, `birthday`, `city`, `country`, `created_at`, `updated_at`) VALUES (25, 'M', '1987-05-16', 'Port Kirstinchester', 'Wallis and Futuna', '2010-04-20 20:23:54', '2017-02-22 21:13:59');
INSERT INTO `profiles` (`user_id`, `gender`, `birthday`, `city`, `country`, `created_at`, `updated_at`) VALUES (26, 'F', '1997-07-03', 'Penelopetown', 'Switzerland', '2001-07-28 09:37:07', '1998-10-27 20:50:13');
INSERT INTO `profiles` (`user_id`, `gender`, `birthday`, `city`, `country`, `created_at`, `updated_at`) VALUES (27, 'F', '2015-04-27', 'East Nelle', 'Mayotte', '1972-09-22 10:56:05', '1975-08-05 08:32:50');
INSERT INTO `profiles` (`user_id`, `gender`, `birthday`, `city`, `country`, `created_at`, `updated_at`) VALUES (28, 'F', '2016-05-12', 'Peytonland', 'Niue', '1972-10-02 06:34:23', '1980-10-26 07:20:30');
INSERT INTO `profiles` (`user_id`, `gender`, `birthday`, `city`, `country`, `created_at`, `updated_at`) VALUES (29, 'F', '1979-09-04', 'New Patsy', 'Turkmenistan', '2007-05-20 23:57:48', '2004-06-13 03:46:21');
INSERT INTO `profiles` (`user_id`, `gender`, `birthday`, `city`, `country`, `created_at`, `updated_at`) VALUES (30, 'M', '2018-12-28', 'East Julie', 'Faroe Islands', '2015-08-09 16:36:02', '1975-05-13 13:25:13');
INSERT INTO `profiles` (`user_id`, `gender`, `birthday`, `city`, `country`, `created_at`, `updated_at`) VALUES (31, 'M', '2011-02-23', 'Lake Damienfurt', 'Iceland', '1992-09-08 12:01:56', '1991-05-17 04:30:31');
INSERT INTO `profiles` (`user_id`, `gender`, `birthday`, `city`, `country`, `created_at`, `updated_at`) VALUES (32, 'M', '2018-08-07', 'Lake Torey', 'Trinidad and Tobago', '2011-06-12 03:05:22', '2013-07-31 01:54:50');
INSERT INTO `profiles` (`user_id`, `gender`, `birthday`, `city`, `country`, `created_at`, `updated_at`) VALUES (33, 'F', '2006-08-30', 'Lake Jovan', 'French Guiana', '1982-11-25 16:19:15', '1991-05-18 10:41:19');
INSERT INTO `profiles` (`user_id`, `gender`, `birthday`, `city`, `country`, `created_at`, `updated_at`) VALUES (34, 'M', '1998-11-16', 'East Bridget', 'Dominican Republic', '1973-07-05 04:12:47', '1992-07-23 12:05:31');
INSERT INTO `profiles` (`user_id`, `gender`, `birthday`, `city`, `country`, `created_at`, `updated_at`) VALUES (35, 'M', '1973-08-30', 'Dakotabury', 'Dominican Republic', '1972-11-22 09:23:08', '2007-11-17 23:07:10');
INSERT INTO `profiles` (`user_id`, `gender`, `birthday`, `city`, `country`, `created_at`, `updated_at`) VALUES (36, 'F', '2017-10-13', 'Edisonport', 'Philippines', '1998-08-17 12:51:47', '2015-02-07 06:55:15');
INSERT INTO `profiles` (`user_id`, `gender`, `birthday`, `city`, `country`, `created_at`, `updated_at`) VALUES (37, 'F', '2002-05-22', 'Eliezerfurt', 'Antarctica (the territory South of 60 deg S)', '1997-01-18 09:46:54', '1989-01-27 17:12:53');
INSERT INTO `profiles` (`user_id`, `gender`, `birthday`, `city`, `country`, `created_at`, `updated_at`) VALUES (38, 'M', '1977-02-07', 'Abernathyshire', 'Azerbaijan', '1983-05-08 02:15:16', '2016-07-17 22:24:40');
INSERT INTO `profiles` (`user_id`, `gender`, `birthday`, `city`, `country`, `created_at`, `updated_at`) VALUES (39, 'F', '1985-04-18', 'Roymouth', 'Liechtenstein', '1971-01-08 12:03:46', '2020-09-11 02:30:54');
INSERT INTO `profiles` (`user_id`, `gender`, `birthday`, `city`, `country`, `created_at`, `updated_at`) VALUES (40, 'M', '1981-09-05', 'Doyleport', 'Cape Verde', '2013-06-28 22:16:25', '2005-05-03 14:48:22');
INSERT INTO `profiles` (`user_id`, `gender`, `birthday`, `city`, `country`, `created_at`, `updated_at`) VALUES (41, 'F', '2001-08-05', 'Huelschester', 'Eritrea', '2001-03-16 21:25:57', '1978-04-30 11:39:49');
INSERT INTO `profiles` (`user_id`, `gender`, `birthday`, `city`, `country`, `created_at`, `updated_at`) VALUES (42, 'M', '2006-04-05', 'East Esmeralda', 'Ireland', '1998-08-18 10:04:22', '1988-10-22 01:50:07');
INSERT INTO `profiles` (`user_id`, `gender`, `birthday`, `city`, `country`, `created_at`, `updated_at`) VALUES (43, 'F', '1974-06-19', 'North Jerroldmouth', 'Turkey', '2011-01-29 02:31:02', '1998-12-26 19:39:27');
INSERT INTO `profiles` (`user_id`, `gender`, `birthday`, `city`, `country`, `created_at`, `updated_at`) VALUES (44, 'F', '2007-06-20', 'Esteltown', 'Zambia', '1997-09-06 07:38:58', '1981-07-03 10:27:15');
INSERT INTO `profiles` (`user_id`, `gender`, `birthday`, `city`, `country`, `created_at`, `updated_at`) VALUES (45, 'F', '2009-11-17', 'Conroyside', 'Mozambique', '1985-10-19 16:04:45', '1980-07-24 18:38:31');
INSERT INTO `profiles` (`user_id`, `gender`, `birthday`, `city`, `country`, `created_at`, `updated_at`) VALUES (46, 'F', '1990-04-06', 'Port Wilmerberg', 'Belize', '1973-09-23 20:05:34', '2016-02-11 06:05:53');
INSERT INTO `profiles` (`user_id`, `gender`, `birthday`, `city`, `country`, `created_at`, `updated_at`) VALUES (47, 'F', '1989-08-24', 'East Kaylahaven', 'Netherlands Antilles', '1979-07-18 02:26:45', '1991-01-12 02:14:50');
INSERT INTO `profiles` (`user_id`, `gender`, `birthday`, `city`, `country`, `created_at`, `updated_at`) VALUES (48, 'F', '1986-09-25', 'Sanfordmouth', 'South Africa', '2010-04-22 18:22:55', '1978-07-24 10:07:29');
INSERT INTO `profiles` (`user_id`, `gender`, `birthday`, `city`, `country`, `created_at`, `updated_at`) VALUES (49, 'F', '1993-08-10', 'Andersonmouth', 'China', '1984-04-30 22:35:24', '1970-01-15 22:49:57');
INSERT INTO `profiles` (`user_id`, `gender`, `birthday`, `city`, `country`, `created_at`, `updated_at`) VALUES (50, 'M', '2012-11-20', 'Gonzalochester', 'Saint Helena', '1984-10-22 01:59:13', '1974-05-31 04:14:24');
INSERT INTO `profiles` (`user_id`, `gender`, `birthday`, `city`, `country`, `created_at`, `updated_at`) VALUES (51, 'F', '2009-08-05', 'Kassulkeport', 'Barbados', '1998-05-09 18:39:26', '2012-07-20 12:12:27');
INSERT INTO `profiles` (`user_id`, `gender`, `birthday`, `city`, `country`, `created_at`, `updated_at`) VALUES (52, 'M', '1992-11-05', 'Hoegerton', 'New Zealand', '1987-03-21 12:51:43', '1998-11-13 23:34:04');
INSERT INTO `profiles` (`user_id`, `gender`, `birthday`, `city`, `country`, `created_at`, `updated_at`) VALUES (53, 'M', '2000-03-29', 'Langberg', 'Norfolk Island', '1991-02-23 16:22:56', '1992-02-27 07:31:17');
INSERT INTO `profiles` (`user_id`, `gender`, `birthday`, `city`, `country`, `created_at`, `updated_at`) VALUES (54, 'M', '1999-04-07', 'Croninhaven', 'Wallis and Futuna', '1979-06-24 00:28:23', '2018-09-24 18:25:12');
INSERT INTO `profiles` (`user_id`, `gender`, `birthday`, `city`, `country`, `created_at`, `updated_at`) VALUES (55, 'F', '1990-07-04', 'West Kierastad', 'Sweden', '1976-05-08 20:17:33', '1984-06-23 09:10:38');
INSERT INTO `profiles` (`user_id`, `gender`, `birthday`, `city`, `country`, `created_at`, `updated_at`) VALUES (56, 'M', '1993-11-10', 'Judgetown', 'Cote d\'Ivoire', '1995-03-19 07:11:26', '1981-02-09 06:49:59');
INSERT INTO `profiles` (`user_id`, `gender`, `birthday`, `city`, `country`, `created_at`, `updated_at`) VALUES (57, 'M', '2007-08-12', 'Alfredfurt', 'Uzbekistan', '1979-05-22 15:56:41', '2020-08-28 06:54:34');
INSERT INTO `profiles` (`user_id`, `gender`, `birthday`, `city`, `country`, `created_at`, `updated_at`) VALUES (58, 'M', '1993-12-22', 'Madalineshire', 'Mauritius', '2007-02-08 08:12:20', '2001-04-20 18:42:37');
INSERT INTO `profiles` (`user_id`, `gender`, `birthday`, `city`, `country`, `created_at`, `updated_at`) VALUES (59, 'F', '1990-06-04', 'Ornberg', 'Belgium', '1998-08-08 12:52:26', '1977-01-29 14:14:36');
INSERT INTO `profiles` (`user_id`, `gender`, `birthday`, `city`, `country`, `created_at`, `updated_at`) VALUES (60, 'F', '2012-02-22', 'North Vickie', 'Botswana', '1987-10-21 14:44:40', '2012-06-22 01:07:09');
INSERT INTO `profiles` (`user_id`, `gender`, `birthday`, `city`, `country`, `created_at`, `updated_at`) VALUES (61, 'F', '1983-06-10', 'Port Chasity', 'Yemen', '1979-07-28 10:12:58', '2004-03-31 23:25:30');
INSERT INTO `profiles` (`user_id`, `gender`, `birthday`, `city`, `country`, `created_at`, `updated_at`) VALUES (62, 'M', '2000-11-26', 'South Bud', 'Cook Islands', '1990-11-06 22:00:37', '1972-07-13 02:13:17');
INSERT INTO `profiles` (`user_id`, `gender`, `birthday`, `city`, `country`, `created_at`, `updated_at`) VALUES (63, 'F', '1990-02-16', 'Micaelashire', 'Mayotte', '2009-10-07 05:04:56', '2006-10-20 15:25:56');
INSERT INTO `profiles` (`user_id`, `gender`, `birthday`, `city`, `country`, `created_at`, `updated_at`) VALUES (64, 'M', '2010-08-30', 'New Milfordshire', 'Congo', '2005-10-17 01:27:14', '2006-04-30 02:02:14');
INSERT INTO `profiles` (`user_id`, `gender`, `birthday`, `city`, `country`, `created_at`, `updated_at`) VALUES (65, 'F', '2019-12-30', 'North Cristianberg', 'Egypt', '2001-05-31 22:38:53', '1985-10-27 16:37:46');
INSERT INTO `profiles` (`user_id`, `gender`, `birthday`, `city`, `country`, `created_at`, `updated_at`) VALUES (66, 'F', '2015-11-06', 'Lake Modesta', 'Bosnia and Herzegovina', '2006-07-02 19:22:25', '1987-06-08 02:16:04');
INSERT INTO `profiles` (`user_id`, `gender`, `birthday`, `city`, `country`, `created_at`, `updated_at`) VALUES (67, 'M', '1978-12-23', 'Gerlachborough', 'Ireland', '2013-03-05 17:04:19', '2002-05-15 01:58:17');
INSERT INTO `profiles` (`user_id`, `gender`, `birthday`, `city`, `country`, `created_at`, `updated_at`) VALUES (68, 'M', '1990-09-21', 'Rowestad', 'Cambodia', '2002-11-06 06:08:20', '1981-07-01 14:51:20');
INSERT INTO `profiles` (`user_id`, `gender`, `birthday`, `city`, `country`, `created_at`, `updated_at`) VALUES (69, 'F', '2006-05-27', 'East Arlie', 'Spain', '1976-11-02 16:51:41', '1999-05-02 17:50:22');
INSERT INTO `profiles` (`user_id`, `gender`, `birthday`, `city`, `country`, `created_at`, `updated_at`) VALUES (70, 'F', '1970-08-04', 'Vivianmouth', 'Sierra Leone', '1988-03-28 02:15:16', '2000-06-28 13:15:13');
INSERT INTO `profiles` (`user_id`, `gender`, `birthday`, `city`, `country`, `created_at`, `updated_at`) VALUES (71, 'F', '2006-04-26', 'Bradfordberg', 'Germany', '1994-02-26 21:56:17', '2003-03-23 14:24:31');
INSERT INTO `profiles` (`user_id`, `gender`, `birthday`, `city`, `country`, `created_at`, `updated_at`) VALUES (72, 'M', '1974-05-13', 'Pasqualefort', 'Central African Republic', '2008-01-23 00:17:20', '1970-05-05 16:45:30');
INSERT INTO `profiles` (`user_id`, `gender`, `birthday`, `city`, `country`, `created_at`, `updated_at`) VALUES (73, 'M', '2008-03-19', 'Lavernstad', 'Sweden', '2014-08-23 08:29:43', '2007-08-05 20:06:21');
INSERT INTO `profiles` (`user_id`, `gender`, `birthday`, `city`, `country`, `created_at`, `updated_at`) VALUES (74, 'M', '1997-10-12', 'Port Mireya', 'Sri Lanka', '2019-08-31 12:15:20', '2006-06-30 07:06:44');
INSERT INTO `profiles` (`user_id`, `gender`, `birthday`, `city`, `country`, `created_at`, `updated_at`) VALUES (75, 'M', '2004-05-22', 'Vandervortport', 'United Kingdom', '2021-01-10 09:00:29', '2005-06-24 02:04:06');
INSERT INTO `profiles` (`user_id`, `gender`, `birthday`, `city`, `country`, `created_at`, `updated_at`) VALUES (76, 'M', '1980-12-28', 'Brekkehaven', 'Poland', '1978-03-17 22:04:05', '1995-04-21 21:11:21');
INSERT INTO `profiles` (`user_id`, `gender`, `birthday`, `city`, `country`, `created_at`, `updated_at`) VALUES (77, 'F', '1982-03-21', 'New Luluhaven', 'Canada', '1971-06-24 05:23:06', '1980-08-29 17:15:56');
INSERT INTO `profiles` (`user_id`, `gender`, `birthday`, `city`, `country`, `created_at`, `updated_at`) VALUES (78, 'M', '1999-01-21', 'Fredericbury', 'Chile', '1991-04-25 15:56:32', '1974-06-02 00:32:27');
INSERT INTO `profiles` (`user_id`, `gender`, `birthday`, `city`, `country`, `created_at`, `updated_at`) VALUES (79, 'F', '1974-01-04', 'East Chazport', 'Niue', '1970-04-30 16:01:41', '1982-06-28 20:17:51');
INSERT INTO `profiles` (`user_id`, `gender`, `birthday`, `city`, `country`, `created_at`, `updated_at`) VALUES (80, 'M', '2013-03-25', 'Faheyberg', 'Belize', '2007-01-27 17:19:59', '2002-06-08 14:41:50');
INSERT INTO `profiles` (`user_id`, `gender`, `birthday`, `city`, `country`, `created_at`, `updated_at`) VALUES (81, 'M', '1978-08-27', 'Davonteburgh', 'British Virgin Islands', '2004-03-08 17:02:50', '1996-01-23 16:24:56');
INSERT INTO `profiles` (`user_id`, `gender`, `birthday`, `city`, `country`, `created_at`, `updated_at`) VALUES (82, 'M', '1979-06-25', 'North Max', 'Honduras', '1990-06-22 07:20:30', '1980-09-17 02:44:58');
INSERT INTO `profiles` (`user_id`, `gender`, `birthday`, `city`, `country`, `created_at`, `updated_at`) VALUES (83, 'F', '2013-06-12', 'East Kayleighfurt', 'Thailand', '2018-07-25 07:21:12', '1984-03-02 11:30:31');
INSERT INTO `profiles` (`user_id`, `gender`, `birthday`, `city`, `country`, `created_at`, `updated_at`) VALUES (84, 'M', '2003-08-02', 'Whiteside', 'Saint Kitts and Nevis', '2015-10-13 21:46:15', '1992-11-05 13:05:10');
INSERT INTO `profiles` (`user_id`, `gender`, `birthday`, `city`, `country`, `created_at`, `updated_at`) VALUES (85, 'M', '2016-02-22', 'Port Weston', 'Myanmar', '1977-11-03 20:57:15', '2001-03-03 07:28:14');
INSERT INTO `profiles` (`user_id`, `gender`, `birthday`, `city`, `country`, `created_at`, `updated_at`) VALUES (86, 'F', '2000-07-15', 'West Lonnie', 'Madagascar', '1987-07-30 22:14:38', '2012-06-17 06:19:39');
INSERT INTO `profiles` (`user_id`, `gender`, `birthday`, `city`, `country`, `created_at`, `updated_at`) VALUES (87, 'M', '1971-05-18', 'East Bernhardbury', 'Anguilla', '1996-05-05 05:39:14', '1975-08-10 18:16:44');
INSERT INTO `profiles` (`user_id`, `gender`, `birthday`, `city`, `country`, `created_at`, `updated_at`) VALUES (88, 'M', '1983-06-10', 'Schneiderfurt', 'Kazakhstan', '2011-11-29 16:18:03', '1981-05-23 14:05:53');
INSERT INTO `profiles` (`user_id`, `gender`, `birthday`, `city`, `country`, `created_at`, `updated_at`) VALUES (89, 'F', '2014-07-05', 'Goldnerfurt', 'Tanzania', '1987-02-06 13:04:48', '1999-06-08 07:46:37');
INSERT INTO `profiles` (`user_id`, `gender`, `birthday`, `city`, `country`, `created_at`, `updated_at`) VALUES (90, 'F', '2000-06-30', 'South Philipview', 'Burundi', '1986-06-30 18:26:27', '1986-12-16 23:41:48');
INSERT INTO `profiles` (`user_id`, `gender`, `birthday`, `city`, `country`, `created_at`, `updated_at`) VALUES (91, 'M', '1973-11-25', 'West Marshallchester', 'Guyana', '1997-09-23 11:22:20', '1990-04-10 18:40:08');
INSERT INTO `profiles` (`user_id`, `gender`, `birthday`, `city`, `country`, `created_at`, `updated_at`) VALUES (92, 'F', '2017-11-10', 'West Declan', 'Barbados', '2014-11-15 07:06:11', '1984-05-21 23:40:25');
INSERT INTO `profiles` (`user_id`, `gender`, `birthday`, `city`, `country`, `created_at`, `updated_at`) VALUES (93, 'F', '1972-04-13', 'New Jerod', 'Nicaragua', '1994-12-01 17:40:47', '1972-09-10 21:06:09');
INSERT INTO `profiles` (`user_id`, `gender`, `birthday`, `city`, `country`, `created_at`, `updated_at`) VALUES (94, 'F', '1994-06-19', 'Boehmshire', 'Myanmar', '1978-05-11 00:33:44', '2018-04-11 17:50:11');
INSERT INTO `profiles` (`user_id`, `gender`, `birthday`, `city`, `country`, `created_at`, `updated_at`) VALUES (95, 'M', '2011-05-14', 'South Eldridgefurt', 'Wallis and Futuna', '1974-07-03 15:44:20', '2005-02-28 08:51:09');
INSERT INTO `profiles` (`user_id`, `gender`, `birthday`, `city`, `country`, `created_at`, `updated_at`) VALUES (96, 'M', '1996-04-22', 'North Shaynatown', 'Thailand', '2004-01-05 14:38:07', '2001-03-17 05:57:16');
INSERT INTO `profiles` (`user_id`, `gender`, `birthday`, `city`, `country`, `created_at`, `updated_at`) VALUES (97, 'F', '1995-04-03', 'New Bessiehaven', 'Guernsey', '1975-08-05 06:33:32', '1997-11-04 23:54:48');
INSERT INTO `profiles` (`user_id`, `gender`, `birthday`, `city`, `country`, `created_at`, `updated_at`) VALUES (98, 'F', '2007-02-13', 'Pfefferport', 'French Polynesia', '2016-08-01 13:04:58', '1997-01-11 16:25:15');
INSERT INTO `profiles` (`user_id`, `gender`, `birthday`, `city`, `country`, `created_at`, `updated_at`) VALUES (99, 'M', '1990-09-21', 'Lake Averyfurt', 'Palau', '2018-03-19 20:00:05', '2019-01-07 18:28:25');
INSERT INTO `profiles` (`user_id`, `gender`, `birthday`, `city`, `country`, `created_at`, `updated_at`) VALUES (100, 'F', '1996-10-04', 'South Stuart', 'Nauru', '1974-04-14 05:49:34', '1980-06-14 10:41:28');

INSERT INTO `friendship_statuses` (`id`, `name`, `created_at`, `updated_at`) VALUES (1, 'culpa', '2009-03-29 23:43:45', '1971-11-07 22:50:35');
INSERT INTO `friendship_statuses` (`id`, `name`, `created_at`, `updated_at`) VALUES (2, 'sint', '1995-12-19 21:35:44', '1990-04-01 21:21:09');
INSERT INTO `friendship_statuses` (`id`, `name`, `created_at`, `updated_at`) VALUES (3, 'molestiae', '2002-04-01 11:02:39', '1972-07-01 18:49:54');
INSERT INTO `friendship_statuses` (`id`, `name`, `created_at`, `updated_at`) VALUES (4, 'praesentium', '2004-08-23 11:03:22', '1986-10-09 21:12:20');
INSERT INTO `friendship_statuses` (`id`, `name`, `created_at`, `updated_at`) VALUES (5, 'officiis', '2004-11-20 22:08:10', '2004-12-11 22:43:54');

INSERT INTO `friendship` (`user_id`, `friend_id`, `friendship_status_id`, `requested_at`, `confirmed_at`, `created_at`, `updated_at`) VALUES (1, 48, 4, '2009-02-13 03:34:52', '1988-02-13 07:15:20', '1996-05-31 00:41:56', '1993-06-25 21:43:46');
INSERT INTO `friendship` (`user_id`, `friend_id`, `friendship_status_id`, `requested_at`, `confirmed_at`, `created_at`, `updated_at`) VALUES (1, 100, 5, '1970-11-30 12:29:26', '2016-09-26 04:25:04', '1993-04-19 09:11:19', '1983-08-21 07:52:49');
INSERT INTO `friendship` (`user_id`, `friend_id`, `friendship_status_id`, `requested_at`, `confirmed_at`, `created_at`, `updated_at`) VALUES (48,2, 1, '1973-04-15 19:49:16', '1975-12-14 04:13:10', '1997-05-13 12:55:49', '1993-04-05 13:35:09');
INSERT INTO `friendship` (`user_id`, `friend_id`, `friendship_status_id`, `requested_at`, `confirmed_at`, `created_at`, `updated_at`) VALUES (100, 2, 1, '1984-06-14 16:12:45', '1998-08-23 20:27:35', '1975-05-23 14:38:05', '2009-01-15 10:17:50');
INSERT INTO `friendship` (`user_id`, `friend_id`, `friendship_status_id`, `requested_at`, `confirmed_at`, `created_at`, `updated_at`) VALUES (5, 59, 1, '1995-03-01 19:03:24', '1995-01-10 05:40:09', '2003-07-06 10:06:46', '1974-02-01 15:29:18');
INSERT INTO `friendship` (`user_id`, `friend_id`, `friendship_status_id`, `requested_at`, `confirmed_at`, `created_at`, `updated_at`) VALUES (59, 5, 1, '2000-03-28 14:12:11', '1991-01-26 04:29:51', '1984-02-17 04:17:58', '1998-05-27 00:18:33');
INSERT INTO `friendship` (`user_id`, `friend_id`, `friendship_status_id`, `requested_at`, `confirmed_at`, `created_at`, `updated_at`) VALUES (8, 9, 2, '2016-02-15 02:44:20', '1988-09-28 21:30:27', '2014-12-19 20:48:13', '2002-02-14 04:00:20');
INSERT INTO `friendship` (`user_id`, `friend_id`, `friendship_status_id`, `requested_at`, `confirmed_at`, `created_at`, `updated_at`) VALUES (9, 65, 1, '1979-03-13 05:30:07', '2009-01-02 14:34:42', '2007-11-02 00:44:13', '2000-11-14 00:37:55');
INSERT INTO `friendship` (`user_id`, `friend_id`, `friendship_status_id`, `requested_at`, `confirmed_at`, `created_at`, `updated_at`) VALUES (10, 13, 2, '1981-10-16 22:02:13', '2019-07-25 05:32:59', '1978-11-08 11:04:05', '1982-05-07 23:04:57');
INSERT INTO `friendship` (`user_id`, `friend_id`, `friendship_status_id`, `requested_at`, `confirmed_at`, `created_at`, `updated_at`) VALUES (10, 52, 3, '1997-01-20 04:22:47', '1982-04-07 18:11:19', '2005-07-11 16:29:15', '1973-09-10 11:00:26');
INSERT INTO `friendship` (`user_id`, `friend_id`, `friendship_status_id`, `requested_at`, `confirmed_at`, `created_at`, `updated_at`) VALUES (11, 45, 5, '1977-06-05 23:55:37', '1997-07-12 17:01:25', '1995-05-11 00:28:28', '2013-11-25 02:28:05');
INSERT INTO `friendship` (`user_id`, `friend_id`, `friendship_status_id`, `requested_at`, `confirmed_at`, `created_at`, `updated_at`) VALUES (12, 64, 4, '2006-06-30 02:09:18', '1991-05-23 18:23:45', '1989-07-15 04:08:38', '2004-09-20 09:41:20');
INSERT INTO `friendship` (`user_id`, `friend_id`, `friendship_status_id`, `requested_at`, `confirmed_at`, `created_at`, `updated_at`) VALUES (13, 8, 2, '2007-06-17 07:33:47', '2008-11-29 15:03:54', '1989-08-05 03:21:23', '2004-10-17 02:03:31');
INSERT INTO `friendship` (`user_id`, `friend_id`, `friendship_status_id`, `requested_at`, `confirmed_at`, `created_at`, `updated_at`) VALUES (13, 99, 1, '1987-03-29 22:52:43', '2012-07-05 12:24:30', '2016-07-11 16:36:54', '2010-03-09 12:39:12');
INSERT INTO `friendship` (`user_id`, `friend_id`, `friendship_status_id`, `requested_at`, `confirmed_at`, `created_at`, `updated_at`) VALUES (16, 9, 1, '1991-08-05 14:05:49', '2005-07-28 19:27:34', '1996-05-24 20:08:55', '1982-03-28 01:01:17');
INSERT INTO `friendship` (`user_id`, `friend_id`, `friendship_status_id`, `requested_at`, `confirmed_at`, `created_at`, `updated_at`) VALUES (16, 96, 4, '1993-10-30 06:25:00', '2019-11-05 00:57:40', '2000-02-15 06:31:44', '2018-01-02 01:02:28');
INSERT INTO `friendship` (`user_id`, `friend_id`, `friendship_status_id`, `requested_at`, `confirmed_at`, `created_at`, `updated_at`) VALUES (17, 34, 4, '1996-09-03 15:34:49', '2012-12-28 03:14:30', '2002-12-20 21:28:53', '2014-08-03 06:21:18');
INSERT INTO `friendship` (`user_id`, `friend_id`, `friendship_status_id`, `requested_at`, `confirmed_at`, `created_at`, `updated_at`) VALUES (17, 49, 2, '1977-10-26 11:08:58', '1994-04-08 17:56:21', '2014-05-27 05:34:04', '1999-07-14 16:14:54');
INSERT INTO `friendship` (`user_id`, `friend_id`, `friendship_status_id`, `requested_at`, `confirmed_at`, `created_at`, `updated_at`) VALUES (21, 82, 3, '1976-09-03 22:51:52', '1985-01-07 22:42:59', '2000-02-28 05:41:57', '1994-11-12 06:54:51');
INSERT INTO `friendship` (`user_id`, `friend_id`, `friendship_status_id`, `requested_at`, `confirmed_at`, `created_at`, `updated_at`) VALUES (23, 85, 5, '1972-05-11 01:31:10', '1977-04-03 21:19:29', '2001-05-30 00:17:29', '2007-01-09 11:02:48');
INSERT INTO `friendship` (`user_id`, `friend_id`, `friendship_status_id`, `requested_at`, `confirmed_at`, `created_at`, `updated_at`) VALUES (25, 19, 4, '1983-06-30 00:25:04', '1976-03-10 10:49:23', '2016-07-01 23:18:54', '1994-10-03 12:28:59');
INSERT INTO `friendship` (`user_id`, `friend_id`, `friendship_status_id`, `requested_at`, `confirmed_at`, `created_at`, `updated_at`) VALUES (25, 64, 3, '2015-05-30 02:22:41', '1988-10-18 19:57:03', '1992-09-10 15:20:02', '1979-05-26 06:21:15');
INSERT INTO `friendship` (`user_id`, `friend_id`, `friendship_status_id`, `requested_at`, `confirmed_at`, `created_at`, `updated_at`) VALUES (26, 40, 4, '1990-04-22 11:32:00', '1971-01-14 18:55:42', '1974-09-28 18:32:13', '2005-04-05 07:24:47');
INSERT INTO `friendship` (`user_id`, `friend_id`, `friendship_status_id`, `requested_at`, `confirmed_at`, `created_at`, `updated_at`) VALUES (27, 33, 2, '2004-09-24 11:22:27', '2018-06-15 18:10:38', '2015-08-06 00:44:43', '2018-06-02 01:09:06');
INSERT INTO `friendship` (`user_id`, `friend_id`, `friendship_status_id`, `requested_at`, `confirmed_at`, `created_at`, `updated_at`) VALUES (28, 90, 2, '1988-03-27 22:10:28', '2020-11-15 21:41:49', '2003-03-20 06:31:27', '1974-08-26 12:24:54');
INSERT INTO `friendship` (`user_id`, `friend_id`, `friendship_status_id`, `requested_at`, `confirmed_at`, `created_at`, `updated_at`) VALUES (30, 44, 5, '1994-02-17 22:21:09', '1984-07-27 16:31:35', '2006-05-06 02:07:05', '2010-03-25 05:42:05');
INSERT INTO `friendship` (`user_id`, `friend_id`, `friendship_status_id`, `requested_at`, `confirmed_at`, `created_at`, `updated_at`) VALUES (31, 70, 3, '2000-09-22 16:10:20', '2007-11-16 07:42:28', '1987-01-08 15:38:46', '1983-04-19 22:15:19');
INSERT INTO `friendship` (`user_id`, `friend_id`, `friendship_status_id`, `requested_at`, `confirmed_at`, `created_at`, `updated_at`) VALUES (31, 81, 3, '1981-12-02 03:18:17', '1987-12-03 20:04:18', '2020-04-26 20:55:05', '2009-08-03 02:29:20');
INSERT INTO `friendship` (`user_id`, `friend_id`, `friendship_status_id`, `requested_at`, `confirmed_at`, `created_at`, `updated_at`) VALUES (34, 7, 1, '2008-01-07 16:20:34', '1992-05-03 08:06:37', '2010-12-17 01:33:25', '1991-10-01 09:14:19');
INSERT INTO `friendship` (`user_id`, `friend_id`, `friendship_status_id`, `requested_at`, `confirmed_at`, `created_at`, `updated_at`) VALUES (35, 46, 5, '1982-02-13 19:36:47', '1979-05-17 03:21:27', '1981-12-28 07:22:30', '1983-02-16 00:42:34');
INSERT INTO `friendship` (`user_id`, `friend_id`, `friendship_status_id`, `requested_at`, `confirmed_at`, `created_at`, `updated_at`) VALUES (35, 56, 1, '1977-10-02 09:17:57', '1983-03-30 00:33:39', '2002-07-29 23:00:50', '2018-03-20 18:59:42');
INSERT INTO `friendship` (`user_id`, `friend_id`, `friendship_status_id`, `requested_at`, `confirmed_at`, `created_at`, `updated_at`) VALUES (35, 63, 2, '2005-08-17 20:31:36', '2014-10-21 11:48:39', '2004-05-19 20:22:42', '2020-02-26 23:20:38');
INSERT INTO `friendship` (`user_id`, `friend_id`, `friendship_status_id`, `requested_at`, `confirmed_at`, `created_at`, `updated_at`) VALUES (36, 68, 4, '1972-11-28 21:36:34', '2004-05-26 06:38:11', '2002-07-30 02:34:37', '1993-11-29 16:15:16');
INSERT INTO `friendship` (`user_id`, `friend_id`, `friendship_status_id`, `requested_at`, `confirmed_at`, `created_at`, `updated_at`) VALUES (37, 45, 2, '1978-04-09 10:52:59', '2001-02-08 20:29:19', '2002-03-17 02:12:28', '2005-02-08 04:28:19');
INSERT INTO `friendship` (`user_id`, `friend_id`, `friendship_status_id`, `requested_at`, `confirmed_at`, `created_at`, `updated_at`) VALUES (37, 80, 5, '2006-10-15 15:38:57', '1993-01-24 20:48:29', '1972-06-29 05:08:45', '2005-07-26 08:44:41');
INSERT INTO `friendship` (`user_id`, `friend_id`, `friendship_status_id`, `requested_at`, `confirmed_at`, `created_at`, `updated_at`) VALUES (38, 3, 5, '2007-12-20 14:03:58', '1983-12-27 11:30:21', '2009-12-28 07:30:26', '1988-12-14 19:22:31');
INSERT INTO `friendship` (`user_id`, `friend_id`, `friendship_status_id`, `requested_at`, `confirmed_at`, `created_at`, `updated_at`) VALUES (39, 88, 3, '1998-02-28 18:52:55', '1979-04-30 04:10:39', '1973-11-18 04:14:15', '2001-11-23 10:52:04');
INSERT INTO `friendship` (`user_id`, `friend_id`, `friendship_status_id`, `requested_at`, `confirmed_at`, `created_at`, `updated_at`) VALUES (40, 9, 3, '2016-09-01 01:10:05', '2020-10-31 19:23:09', '2018-11-26 09:41:37', '2013-04-23 20:31:16');
INSERT INTO `friendship` (`user_id`, `friend_id`, `friendship_status_id`, `requested_at`, `confirmed_at`, `created_at`, `updated_at`) VALUES (42, 96, 2, '1981-01-31 17:30:08', '2001-04-17 16:47:13', '2009-10-11 06:41:51', '2008-07-18 11:55:17');
INSERT INTO `friendship` (`user_id`, `friend_id`, `friendship_status_id`, `requested_at`, `confirmed_at`, `created_at`, `updated_at`) VALUES (43, 14, 4, '1975-03-02 21:58:55', '1977-03-19 21:05:31', '1972-04-01 06:47:51', '1976-03-21 12:53:06');
INSERT INTO `friendship` (`user_id`, `friend_id`, `friendship_status_id`, `requested_at`, `confirmed_at`, `created_at`, `updated_at`) VALUES (43, 94, 2, '2018-07-01 16:12:39', '2001-09-08 23:22:01', '1975-08-26 07:04:58', '2021-01-30 02:51:02');
INSERT INTO `friendship` (`user_id`, `friend_id`, `friendship_status_id`, `requested_at`, `confirmed_at`, `created_at`, `updated_at`) VALUES (45, 43, 3, '2015-08-15 03:54:17', '2012-11-30 08:27:30', '2018-01-23 18:32:38', '1975-07-05 05:12:45');
INSERT INTO `friendship` (`user_id`, `friend_id`, `friendship_status_id`, `requested_at`, `confirmed_at`, `created_at`, `updated_at`) VALUES (45, 46, 2, '1991-03-01 23:13:34', '1991-09-07 15:27:54', '1970-02-02 13:57:00', '2017-12-24 14:35:04');
INSERT INTO `friendship` (`user_id`, `friend_id`, `friendship_status_id`, `requested_at`, `confirmed_at`, `created_at`, `updated_at`) VALUES (45, 63, 1, '1974-06-12 06:11:12', '1979-01-03 02:39:23', '1986-06-29 03:12:49', '2006-03-26 19:35:20');
INSERT INTO `friendship` (`user_id`, `friend_id`, `friendship_status_id`, `requested_at`, `confirmed_at`, `created_at`, `updated_at`) VALUES (46, 94, 5, '1970-01-08 19:44:38', '1982-06-02 08:57:14', '2002-03-14 11:20:34', '1999-04-09 03:38:16');
INSERT INTO `friendship` (`user_id`, `friend_id`, `friendship_status_id`, `requested_at`, `confirmed_at`, `created_at`, `updated_at`) VALUES (48, 1, 1, '1995-02-19 04:22:16', '1989-07-18 19:09:36', '1970-04-18 16:54:49', '1999-10-03 23:25:35');
INSERT INTO `friendship` (`user_id`, `friend_id`, `friendship_status_id`, `requested_at`, `confirmed_at`, `created_at`, `updated_at`) VALUES (48, 16, 5, '1991-07-25 10:14:08', '1985-01-11 19:17:53', '1993-12-06 14:04:42', '2019-04-28 18:52:34');
INSERT INTO `friendship` (`user_id`, `friend_id`, `friendship_status_id`, `requested_at`, `confirmed_at`, `created_at`, `updated_at`) VALUES (48, 38, 1, '1970-04-17 21:48:57', '1981-05-08 01:04:52', '1974-09-26 20:31:01', '2004-11-09 11:23:49');
INSERT INTO `friendship` (`user_id`, `friend_id`, `friendship_status_id`, `requested_at`, `confirmed_at`, `created_at`, `updated_at`) VALUES (48, 39, 5, '1970-03-27 09:59:22', '1970-08-11 02:46:15', '1999-05-01 14:16:31', '2009-03-26 01:46:39');
INSERT INTO `friendship` (`user_id`, `friend_id`, `friendship_status_id`, `requested_at`, `confirmed_at`, `created_at`, `updated_at`) VALUES (50, 47, 2, '2014-08-14 23:36:20', '1977-03-11 17:32:34', '1996-04-05 11:22:02', '2006-01-28 15:05:27');
INSERT INTO `friendship` (`user_id`, `friend_id`, `friendship_status_id`, `requested_at`, `confirmed_at`, `created_at`, `updated_at`) VALUES (51, 28, 5, '1972-07-20 11:35:16', '2007-10-09 08:34:09', '1988-03-19 17:12:02', '1976-03-15 21:14:10');
INSERT INTO `friendship` (`user_id`, `friend_id`, `friendship_status_id`, `requested_at`, `confirmed_at`, `created_at`, `updated_at`) VALUES (52, 11, 2, '1991-10-06 13:09:00', '1998-11-05 18:32:55', '2013-03-01 04:29:26', '1981-04-28 13:25:26');
INSERT INTO `friendship` (`user_id`, `friend_id`, `friendship_status_id`, `requested_at`, `confirmed_at`, `created_at`, `updated_at`) VALUES (52, 52, 1, '1974-10-24 11:11:32', '2018-05-20 12:52:42', '2009-04-11 06:02:30', '2002-08-11 08:53:38');
INSERT INTO `friendship` (`user_id`, `friend_id`, `friendship_status_id`, `requested_at`, `confirmed_at`, `created_at`, `updated_at`) VALUES (52, 65, 4, '2009-11-27 17:47:54', '2018-01-14 19:17:11', '2006-04-01 10:19:45', '1989-03-20 19:34:18');
INSERT INTO `friendship` (`user_id`, `friend_id`, `friendship_status_id`, `requested_at`, `confirmed_at`, `created_at`, `updated_at`) VALUES (53, 25, 5, '1983-09-03 02:07:57', '1988-09-19 22:24:41', '2004-09-30 02:30:31', '2008-01-22 08:55:06');
INSERT INTO `friendship` (`user_id`, `friend_id`, `friendship_status_id`, `requested_at`, `confirmed_at`, `created_at`, `updated_at`) VALUES (54, 31, 1, '1973-01-18 17:19:08', '2015-04-13 03:29:33', '2005-01-16 17:01:36', '1971-11-13 18:14:56');
INSERT INTO `friendship` (`user_id`, `friend_id`, `friendship_status_id`, `requested_at`, `confirmed_at`, `created_at`, `updated_at`) VALUES (54, 49, 2, '2012-10-27 13:10:38', '1978-01-23 22:04:06', '1985-03-10 19:05:10', '1972-12-15 20:56:18');
INSERT INTO `friendship` (`user_id`, `friend_id`, `friendship_status_id`, `requested_at`, `confirmed_at`, `created_at`, `updated_at`) VALUES (54, 92, 4, '1996-05-23 00:30:44', '2019-07-13 14:25:54', '2008-06-25 05:18:51', '2019-01-04 17:23:18');
INSERT INTO `friendship` (`user_id`, `friend_id`, `friendship_status_id`, `requested_at`, `confirmed_at`, `created_at`, `updated_at`) VALUES (55, 60, 5, '1979-04-11 05:45:25', '1990-10-11 00:24:50', '1973-02-27 09:28:42', '2009-08-26 19:00:57');
INSERT INTO `friendship` (`user_id`, `friend_id`, `friendship_status_id`, `requested_at`, `confirmed_at`, `created_at`, `updated_at`) VALUES (56, 4, 3, '1980-03-14 23:38:52', '1981-02-28 01:25:22', '1977-06-18 02:30:23', '2002-02-13 12:08:53');
INSERT INTO `friendship` (`user_id`, `friend_id`, `friendship_status_id`, `requested_at`, `confirmed_at`, `created_at`, `updated_at`) VALUES (58, 11, 2, '1987-10-26 02:55:01', '2008-07-14 16:10:35', '2012-01-04 02:02:32', '1995-08-21 11:38:58');
INSERT INTO `friendship` (`user_id`, `friend_id`, `friendship_status_id`, `requested_at`, `confirmed_at`, `created_at`, `updated_at`) VALUES (58, 16, 5, '2009-01-23 20:23:21', '1993-03-19 18:01:05', '2017-04-01 14:41:06', '1986-02-05 08:41:28');
INSERT INTO `friendship` (`user_id`, `friend_id`, `friendship_status_id`, `requested_at`, `confirmed_at`, `created_at`, `updated_at`) VALUES (58, 43, 1, '2004-03-11 02:44:44', '1999-01-18 21:05:56', '2010-01-22 10:43:10', '2008-10-13 01:18:02');
INSERT INTO `friendship` (`user_id`, `friend_id`, `friendship_status_id`, `requested_at`, `confirmed_at`, `created_at`, `updated_at`) VALUES (59, 35, 1, '2018-03-09 01:18:09', '2008-03-25 06:57:11', '2013-05-18 21:49:50', '2006-05-30 07:27:00');
INSERT INTO `friendship` (`user_id`, `friend_id`, `friendship_status_id`, `requested_at`, `confirmed_at`, `created_at`, `updated_at`) VALUES (59, 59, 1, '1998-10-11 16:41:35', '1974-10-09 22:26:42', '1972-04-08 22:04:50', '1991-09-22 05:43:55');
INSERT INTO `friendship` (`user_id`, `friend_id`, `friendship_status_id`, `requested_at`, `confirmed_at`, `created_at`, `updated_at`) VALUES (60, 72, 4, '1996-05-24 07:11:31', '1975-11-09 22:59:28', '1989-11-03 23:54:35', '2014-06-02 05:32:47');
INSERT INTO `friendship` (`user_id`, `friend_id`, `friendship_status_id`, `requested_at`, `confirmed_at`, `created_at`, `updated_at`) VALUES (61, 18, 5, '2020-06-19 03:34:51', '1977-10-07 19:33:46', '2003-01-06 00:40:11', '1986-11-19 11:54:50');
INSERT INTO `friendship` (`user_id`, `friend_id`, `friendship_status_id`, `requested_at`, `confirmed_at`, `created_at`, `updated_at`) VALUES (61, 20, 3, '1996-08-25 12:33:09', '2006-12-16 09:08:48', '1970-04-20 22:03:08', '1995-07-20 13:41:42');
INSERT INTO `friendship` (`user_id`, `friend_id`, `friendship_status_id`, `requested_at`, `confirmed_at`, `created_at`, `updated_at`) VALUES (64, 27, 1, '1973-11-29 17:48:00', '1981-03-10 07:24:05', '1997-08-31 04:45:16', '1984-07-02 13:59:56');
INSERT INTO `friendship` (`user_id`, `friend_id`, `friendship_status_id`, `requested_at`, `confirmed_at`, `created_at`, `updated_at`) VALUES (66, 59, 1, '2009-11-23 05:38:26', '1988-11-12 04:09:21', '1978-07-07 02:45:48', '2015-01-31 22:56:33');
INSERT INTO `friendship` (`user_id`, `friend_id`, `friendship_status_id`, `requested_at`, `confirmed_at`, `created_at`, `updated_at`) VALUES (68, 47, 4, '2007-04-05 23:49:32', '2001-12-26 05:44:56', '1973-07-14 15:56:27', '1970-03-03 20:02:30');
INSERT INTO `friendship` (`user_id`, `friend_id`, `friendship_status_id`, `requested_at`, `confirmed_at`, `created_at`, `updated_at`) VALUES (69, 13, 3, '2014-11-29 18:50:37', '2001-12-03 06:35:01', '2002-08-15 20:45:41', '1977-04-09 06:25:55');
INSERT INTO `friendship` (`user_id`, `friend_id`, `friendship_status_id`, `requested_at`, `confirmed_at`, `created_at`, `updated_at`) VALUES (69, 87, 1, '1973-12-13 08:00:51', '2002-05-03 13:48:56', '1980-09-03 11:25:13', '1978-10-05 02:05:43');
INSERT INTO `friendship` (`user_id`, `friend_id`, `friendship_status_id`, `requested_at`, `confirmed_at`, `created_at`, `updated_at`) VALUES (70, 79, 4, '1998-06-17 21:08:54', '2012-11-11 14:04:04', '1994-01-01 13:05:38', '1989-07-25 19:55:51');
INSERT INTO `friendship` (`user_id`, `friend_id`, `friendship_status_id`, `requested_at`, `confirmed_at`, `created_at`, `updated_at`) VALUES (71, 81, 3, '1973-04-05 18:31:44', '1975-05-29 17:21:18', '1994-08-29 16:15:02', '2020-01-21 03:39:18');
INSERT INTO `friendship` (`user_id`, `friend_id`, `friendship_status_id`, `requested_at`, `confirmed_at`, `created_at`, `updated_at`) VALUES (72, 14, 2, '1995-12-23 11:17:14', '2001-12-29 04:08:43', '2010-12-20 14:10:35', '1971-05-13 04:31:46');
INSERT INTO `friendship` (`user_id`, `friend_id`, `friendship_status_id`, `requested_at`, `confirmed_at`, `created_at`, `updated_at`) VALUES (73, 65, 5, '1993-09-12 12:55:49', '2015-05-19 18:56:40', '1977-04-18 03:40:41', '2020-11-22 22:10:44');
INSERT INTO `friendship` (`user_id`, `friend_id`, `friendship_status_id`, `requested_at`, `confirmed_at`, `created_at`, `updated_at`) VALUES (76, 13, 2, '1979-11-08 03:06:53', '2012-01-30 10:04:04', '2007-04-16 05:56:08', '2020-05-07 14:31:58');
INSERT INTO `friendship` (`user_id`, `friend_id`, `friendship_status_id`, `requested_at`, `confirmed_at`, `created_at`, `updated_at`) VALUES (76, 56, 1, '1974-01-02 05:04:36', '1975-08-19 21:21:41', '1999-05-21 21:07:24', '1996-07-29 05:58:35');
INSERT INTO `friendship` (`user_id`, `friend_id`, `friendship_status_id`, `requested_at`, `confirmed_at`, `created_at`, `updated_at`) VALUES (77, 48, 3, '1984-10-27 01:17:36', '2011-10-26 05:38:52', '1998-02-18 06:08:56', '1976-08-16 16:48:19');
INSERT INTO `friendship` (`user_id`, `friend_id`, `friendship_status_id`, `requested_at`, `confirmed_at`, `created_at`, `updated_at`) VALUES (78, 18, 4, '1997-12-26 21:31:19', '1985-03-15 07:53:28', '1992-07-24 08:17:17', '1996-11-02 05:25:06');
INSERT INTO `friendship` (`user_id`, `friend_id`, `friendship_status_id`, `requested_at`, `confirmed_at`, `created_at`, `updated_at`) VALUES (80, 28, 3, '1970-09-16 16:30:27', '1983-11-03 12:52:50', '1981-04-24 14:07:32', '1980-03-22 04:10:10');
INSERT INTO `friendship` (`user_id`, `friend_id`, `friendship_status_id`, `requested_at`, `confirmed_at`, `created_at`, `updated_at`) VALUES (84, 94, 4, '2008-06-18 18:56:56', '2010-08-08 16:06:43', '2001-02-16 14:48:33', '1977-07-06 13:06:36');
INSERT INTO `friendship` (`user_id`, `friend_id`, `friendship_status_id`, `requested_at`, `confirmed_at`, `created_at`, `updated_at`) VALUES (86, 16, 3, '1989-08-01 15:55:38', '1974-08-25 11:54:23', '1984-06-27 01:03:28', '1992-07-14 00:10:31');
INSERT INTO `friendship` (`user_id`, `friend_id`, `friendship_status_id`, `requested_at`, `confirmed_at`, `created_at`, `updated_at`) VALUES (89, 97, 2, '2004-12-30 16:25:39', '2019-12-12 17:20:33', '1995-05-27 05:29:43', '1996-10-18 17:26:12');
INSERT INTO `friendship` (`user_id`, `friend_id`, `friendship_status_id`, `requested_at`, `confirmed_at`, `created_at`, `updated_at`) VALUES (89, 99, 3, '1998-05-20 23:08:32', '2021-02-12 00:23:19', '2008-12-05 04:55:31', '1979-03-27 08:31:05');
INSERT INTO `friendship` (`user_id`, `friend_id`, `friendship_status_id`, `requested_at`, `confirmed_at`, `created_at`, `updated_at`) VALUES (90, 37, 4, '1987-09-03 22:50:21', '2001-09-26 05:51:10', '1984-08-01 01:21:05', '1977-03-29 17:02:58');
INSERT INTO `friendship` (`user_id`, `friend_id`, `friendship_status_id`, `requested_at`, `confirmed_at`, `created_at`, `updated_at`) VALUES (90, 99, 1, '2013-11-13 08:19:01', '2000-11-27 22:54:46', '2013-07-22 02:51:14', '1985-11-18 22:12:37');
INSERT INTO `friendship` (`user_id`, `friend_id`, `friendship_status_id`, `requested_at`, `confirmed_at`, `created_at`, `updated_at`) VALUES (91, 85, 3, '1977-04-20 10:22:11', '1997-11-28 16:05:10', '2008-11-30 01:48:43', '2001-10-23 11:50:02');
INSERT INTO `friendship` (`user_id`, `friend_id`, `friendship_status_id`, `requested_at`, `confirmed_at`, `created_at`, `updated_at`) VALUES (91, 97, 3, '1995-09-13 20:20:57', '2013-03-16 03:27:54', '1997-06-07 08:32:31', '1971-08-22 05:07:39');
INSERT INTO `friendship` (`user_id`, `friend_id`, `friendship_status_id`, `requested_at`, `confirmed_at`, `created_at`, `updated_at`) VALUES (94, 89, 4, '1988-09-14 08:16:01', '2014-05-19 19:46:26', '1981-02-28 12:42:05', '2019-01-27 07:46:42');
INSERT INTO `friendship` (`user_id`, `friend_id`, `friendship_status_id`, `requested_at`, `confirmed_at`, `created_at`, `updated_at`) VALUES (95, 48, 1, '2000-01-05 08:14:58', '1982-08-10 02:29:24', '2017-12-07 04:11:42', '1994-06-05 03:51:46');
INSERT INTO `friendship` (`user_id`, `friend_id`, `friendship_status_id`, `requested_at`, `confirmed_at`, `created_at`, `updated_at`) VALUES (95, 98, 4, '2004-03-02 19:07:17', '1982-03-11 19:22:20', '1986-05-01 05:29:40', '2001-10-16 02:28:12');
INSERT INTO `friendship` (`user_id`, `friend_id`, `friendship_status_id`, `requested_at`, `confirmed_at`, `created_at`, `updated_at`) VALUES (95, 99, 5, '2005-11-09 07:42:00', '2015-06-25 00:42:26', '2010-05-12 09:42:11', '2006-10-05 09:58:06');
INSERT INTO `friendship` (`user_id`, `friend_id`, `friendship_status_id`, `requested_at`, `confirmed_at`, `created_at`, `updated_at`) VALUES (96, 48, 2, '2012-03-30 07:54:22', '1987-07-28 20:12:32', '2001-07-13 11:36:39', '2016-03-25 04:19:18');
INSERT INTO `friendship` (`user_id`, `friend_id`, `friendship_status_id`, `requested_at`, `confirmed_at`, `created_at`, `updated_at`) VALUES (97, 49, 5, '1980-02-07 07:53:21', '2002-07-01 20:49:03', '2002-07-28 10:43:14', '1987-04-03 21:43:42');
INSERT INTO `friendship` (`user_id`, `friend_id`, `friendship_status_id`, `requested_at`, `confirmed_at`, `created_at`, `updated_at`) VALUES (99, 29, 1, '1988-10-02 15:43:15', '1993-06-26 09:38:45', '2000-11-09 10:02:02', '1986-07-17 20:11:46');
INSERT INTO `friendship` (`user_id`, `friend_id`, `friendship_status_id`, `requested_at`, `confirmed_at`, `created_at`, `updated_at`) VALUES (99, 90, 3, '1977-01-26 04:07:47', '1991-03-02 18:52:48', '1992-05-12 10:47:24', '1990-12-24 07:31:07');
INSERT INTO `friendship` (`user_id`, `friend_id`, `friendship_status_id`, `requested_at`, `confirmed_at`, `created_at`, `updated_at`) VALUES (100, 1, 5, '2001-06-20 10:44:21', '2008-04-18 22:39:51', '2017-04-29 07:02:24', '1987-10-20 03:41:45');

INSERT INTO `message_statuses` (`id`, `name`, `created_at`, `updated_at`) VALUES (1, 'qui', '2019-08-21 05:59:22', '1981-04-14 05:36:38');
INSERT INTO `message_statuses` (`id`, `name`, `created_at`, `updated_at`) VALUES (2, 'atque', '1981-11-25 13:50:08', '2015-09-12 21:15:26');
INSERT INTO `message_statuses` (`id`, `name`, `created_at`, `updated_at`) VALUES (3, 'autem', '1987-03-30 05:25:19', '2002-10-12 18:10:22');
INSERT INTO `message_statuses` (`id`, `name`, `created_at`, `updated_at`) VALUES (4, 'quaerat', '1977-11-24 15:16:35', '1981-09-24 07:00:45');
INSERT INTO `message_statuses` (`id`, `name`, `created_at`, `updated_at`) VALUES (5, 'et', '2020-02-19 10:38:39', '2004-01-09 20:50:08');

INSERT INTO `communities` (`id`, `name`, `created_at`, `updated_at`) VALUES (1, 'sunt', '2012-11-27 00:43:28', '1995-03-14 10:44:33');
INSERT INTO `communities` (`id`, `name`, `created_at`, `updated_at`) VALUES (2, 'et', '2017-10-23 19:20:31', '1986-01-04 01:13:56');
INSERT INTO `communities` (`id`, `name`, `created_at`, `updated_at`) VALUES (3, 'omnis', '2010-12-09 19:59:39', '1990-04-20 23:35:55');
INSERT INTO `communities` (`id`, `name`, `created_at`, `updated_at`) VALUES (4, 'excepturi', '2008-10-06 17:05:23', '2014-01-14 03:50:39');
INSERT INTO `communities` (`id`, `name`, `created_at`, `updated_at`) VALUES (5, 'corporis', '2017-10-19 10:16:12', '1994-06-21 10:37:05');
INSERT INTO `communities` (`id`, `name`, `created_at`, `updated_at`) VALUES (6, 'accusantium', '2020-03-26 02:33:50', '1998-05-06 19:02:09');
INSERT INTO `communities` (`id`, `name`, `created_at`, `updated_at`) VALUES (7, 'deleniti', '1987-11-18 22:46:25', '1980-03-03 12:16:54');
INSERT INTO `communities` (`id`, `name`, `created_at`, `updated_at`) VALUES (8, 'totam', '1984-04-18 19:20:38', '1972-05-03 21:41:37');
INSERT INTO `communities` (`id`, `name`, `created_at`, `updated_at`) VALUES (9, 'culpa', '1980-04-21 02:28:40', '2010-11-29 00:52:39');
INSERT INTO `communities` (`id`, `name`, `created_at`, `updated_at`) VALUES (10, 'nobis', '1996-12-07 05:44:26', '1976-08-07 05:16:27');
INSERT INTO `communities` (`id`, `name`, `created_at`, `updated_at`) VALUES (11, 'dolores', '2004-03-22 12:08:05', '1980-02-02 16:35:34');
INSERT INTO `communities` (`id`, `name`, `created_at`, `updated_at`) VALUES (12, 'modi', '2004-05-23 18:12:24', '2007-10-28 06:29:02');
INSERT INTO `communities` (`id`, `name`, `created_at`, `updated_at`) VALUES (13, 'suscipit', '2008-11-28 16:03:14', '1976-12-17 06:29:54');
INSERT INTO `communities` (`id`, `name`, `created_at`, `updated_at`) VALUES (14, 'distinctio', '1980-07-23 02:53:26', '2010-09-02 12:28:19');
INSERT INTO `communities` (`id`, `name`, `created_at`, `updated_at`) VALUES (15, 'aut', '2011-03-03 22:59:35', '1970-04-17 23:03:13');
INSERT INTO `communities` (`id`, `name`, `created_at`, `updated_at`) VALUES (16, 'cumque', '2001-02-13 16:10:47', '1986-09-30 21:21:40');
INSERT INTO `communities` (`id`, `name`, `created_at`, `updated_at`) VALUES (17, 'vel', '2006-02-20 17:55:31', '1972-06-01 02:54:29');
INSERT INTO `communities` (`id`, `name`, `created_at`, `updated_at`) VALUES (18, 'voluptatibus', '1972-04-24 04:42:08', '1971-10-13 20:46:06');
INSERT INTO `communities` (`id`, `name`, `created_at`, `updated_at`) VALUES (19, 'quod', '2005-02-03 06:14:30', '1999-03-17 23:53:46');
INSERT INTO `communities` (`id`, `name`, `created_at`, `updated_at`) VALUES (20, 'eos', '2017-09-10 12:34:20', '2007-09-05 01:44:58');

INSERT INTO `communities_users` (`user_id`, `community_id`, `created_at`, `updated_at`) VALUES (3, 1, '1992-12-24 14:19:45', '1973-10-30 14:40:44');
INSERT INTO `communities_users` (`user_id`, `community_id`, `created_at`, `updated_at`) VALUES (79, 1, '1974-01-10 10:11:23', '2014-10-27 06:43:33');
INSERT INTO `communities_users` (`user_id`, `community_id`, `created_at`, `updated_at`) VALUES (86, 1, '1974-08-24 06:18:52', '1972-06-18 12:52:34');
INSERT INTO `communities_users` (`user_id`, `community_id`, `created_at`, `updated_at`) VALUES (87, 1, '2005-12-04 21:59:25', '2019-06-28 14:25:28');
INSERT INTO `communities_users` (`user_id`, `community_id`, `created_at`, `updated_at`) VALUES (94, 1, '2011-09-19 20:16:09', '2010-10-28 21:44:02');
INSERT INTO `communities_users` (`user_id`, `community_id`, `created_at`, `updated_at`) VALUES (1, 2, '2013-02-20 01:49:16', '1977-12-16 12:54:35');
INSERT INTO `communities_users` (`user_id`, `community_id`, `created_at`, `updated_at`) VALUES (27, 2, '1999-08-29 13:21:39', '1982-01-26 14:43:44');
INSERT INTO `communities_users` (`user_id`, `community_id`, `created_at`, `updated_at`) VALUES (82, 2, '1989-11-30 14:15:35', '1984-12-30 02:48:26');
INSERT INTO `communities_users` (`user_id`, `community_id`, `created_at`, `updated_at`) VALUES (88, 2, '2017-11-23 05:30:57', '1989-03-17 09:52:30');
INSERT INTO `communities_users` (`user_id`, `community_id`, `created_at`, `updated_at`) VALUES (95, 2, '2001-09-26 10:54:33', '1972-09-26 10:31:26');
INSERT INTO `communities_users` (`user_id`, `community_id`, `created_at`, `updated_at`) VALUES (46, 3, '2001-03-01 07:15:15', '2007-12-29 15:59:42');
INSERT INTO `communities_users` (`user_id`, `community_id`, `created_at`, `updated_at`) VALUES (58, 3, '2016-09-15 05:46:42', '1976-11-08 00:45:47');
INSERT INTO `communities_users` (`user_id`, `community_id`, `created_at`, `updated_at`) VALUES (92, 3, '2013-12-16 05:01:42', '1994-11-14 02:52:59');
INSERT INTO `communities_users` (`user_id`, `community_id`, `created_at`, `updated_at`) VALUES (7, 4, '2006-11-06 20:14:39', '1999-11-14 22:13:14');
INSERT INTO `communities_users` (`user_id`, `community_id`, `created_at`, `updated_at`) VALUES (22, 4, '1995-05-06 07:50:24', '1979-02-22 19:02:28');
INSERT INTO `communities_users` (`user_id`, `community_id`, `created_at`, `updated_at`) VALUES (34, 4, '1978-07-25 13:40:17', '2017-07-24 19:11:50');
INSERT INTO `communities_users` (`user_id`, `community_id`, `created_at`, `updated_at`) VALUES (44, 4, '1988-05-09 07:03:16', '1998-10-20 00:56:16');
INSERT INTO `communities_users` (`user_id`, `community_id`, `created_at`, `updated_at`) VALUES (55, 4, '1971-10-30 10:30:47', '1970-07-09 01:09:42');
INSERT INTO `communities_users` (`user_id`, `community_id`, `created_at`, `updated_at`) VALUES (63, 4, '1987-04-24 09:34:05', '1988-12-23 09:56:17');
INSERT INTO `communities_users` (`user_id`, `community_id`, `created_at`, `updated_at`) VALUES (81, 4, '2007-01-29 22:05:30', '1970-11-16 00:05:48');
INSERT INTO `communities_users` (`user_id`, `community_id`, `created_at`, `updated_at`) VALUES (86, 4, '2006-05-22 09:51:01', '2009-05-30 00:54:32');
INSERT INTO `communities_users` (`user_id`, `community_id`, `created_at`, `updated_at`) VALUES (93, 4, '2009-11-14 14:07:19', '2016-01-31 19:09:27');
INSERT INTO `communities_users` (`user_id`, `community_id`, `created_at`, `updated_at`) VALUES (95, 4, '1977-09-13 19:41:51', '1982-06-13 00:29:16');
INSERT INTO `communities_users` (`user_id`, `community_id`, `created_at`, `updated_at`) VALUES (29, 5, '1972-04-27 12:33:12', '2002-05-27 07:07:48');
INSERT INTO `communities_users` (`user_id`, `community_id`, `created_at`, `updated_at`) VALUES (42, 5, '2012-04-21 01:23:50', '2020-12-28 14:42:54');
INSERT INTO `communities_users` (`user_id`, `community_id`, `created_at`, `updated_at`) VALUES (44, 5, '1994-12-02 07:40:59', '2020-12-02 08:14:50');
INSERT INTO `communities_users` (`user_id`, `community_id`, `created_at`, `updated_at`) VALUES (5, 6, '2012-04-17 08:10:17', '2016-11-29 08:15:01');
INSERT INTO `communities_users` (`user_id`, `community_id`, `created_at`, `updated_at`) VALUES (6, 6, '2020-10-15 12:35:59', '2020-01-24 01:00:38');
INSERT INTO `communities_users` (`user_id`, `community_id`, `created_at`, `updated_at`) VALUES (11, 6, '1980-02-15 08:07:06', '1989-05-10 01:33:32');
INSERT INTO `communities_users` (`user_id`, `community_id`, `created_at`, `updated_at`) VALUES (30, 6, '1999-09-07 04:50:32', '1997-07-11 08:33:44');
INSERT INTO `communities_users` (`user_id`, `community_id`, `created_at`, `updated_at`) VALUES (56, 6, '2015-10-12 03:35:32', '2000-12-06 21:21:47');
INSERT INTO `communities_users` (`user_id`, `community_id`, `created_at`, `updated_at`) VALUES (62, 6, '1983-06-21 07:41:46', '1995-02-01 15:17:22');
INSERT INTO `communities_users` (`user_id`, `community_id`, `created_at`, `updated_at`) VALUES (13, 7, '1996-08-10 19:47:33', '1993-05-16 23:49:25');
INSERT INTO `communities_users` (`user_id`, `community_id`, `created_at`, `updated_at`) VALUES (22, 7, '2016-03-17 23:48:46', '2012-12-03 06:38:56');
INSERT INTO `communities_users` (`user_id`, `community_id`, `created_at`, `updated_at`) VALUES (72, 7, '2006-08-06 23:34:56', '1987-05-11 18:10:14');
INSERT INTO `communities_users` (`user_id`, `community_id`, `created_at`, `updated_at`) VALUES (16, 8, '1977-10-13 20:46:04', '1987-09-13 02:08:20');
INSERT INTO `communities_users` (`user_id`, `community_id`, `created_at`, `updated_at`) VALUES (56, 8, '1972-12-09 19:30:36', '1982-01-22 12:01:29');
INSERT INTO `communities_users` (`user_id`, `community_id`, `created_at`, `updated_at`) VALUES (66, 8, '1978-11-09 22:15:05', '2004-01-19 12:13:34');
INSERT INTO `communities_users` (`user_id`, `community_id`, `created_at`, `updated_at`) VALUES (26, 9, '1970-02-15 06:10:50', '2018-10-23 09:08:53');
INSERT INTO `communities_users` (`user_id`, `community_id`, `created_at`, `updated_at`) VALUES (51, 9, '1975-05-02 03:42:59', '2016-02-19 23:45:21');
INSERT INTO `communities_users` (`user_id`, `community_id`, `created_at`, `updated_at`) VALUES (52, 9, '2003-11-02 19:48:12', '2010-08-23 04:30:22');
INSERT INTO `communities_users` (`user_id`, `community_id`, `created_at`, `updated_at`) VALUES (61, 9, '2015-12-22 10:58:31', '1995-09-27 15:49:52');
INSERT INTO `communities_users` (`user_id`, `community_id`, `created_at`, `updated_at`) VALUES (88, 9, '2010-07-06 23:12:50', '1970-06-09 22:56:26');
INSERT INTO `communities_users` (`user_id`, `community_id`, `created_at`, `updated_at`) VALUES (25, 10, '1972-11-02 20:23:55', '2017-05-31 14:16:25');
INSERT INTO `communities_users` (`user_id`, `community_id`, `created_at`, `updated_at`) VALUES (39, 10, '2002-09-07 13:56:25', '1985-12-14 07:07:17');
INSERT INTO `communities_users` (`user_id`, `community_id`, `created_at`, `updated_at`) VALUES (53, 10, '2001-05-05 04:16:19', '1992-08-23 14:11:09');
INSERT INTO `communities_users` (`user_id`, `community_id`, `created_at`, `updated_at`) VALUES (77, 10, '1970-05-31 08:28:58', '2014-04-16 17:23:34');
INSERT INTO `communities_users` (`user_id`, `community_id`, `created_at`, `updated_at`) VALUES (92, 10, '1970-07-26 03:40:49', '2017-08-17 07:57:59');
INSERT INTO `communities_users` (`user_id`, `community_id`, `created_at`, `updated_at`) VALUES (100, 10, '1997-09-02 23:53:02', '1996-09-03 03:20:28');
INSERT INTO `communities_users` (`user_id`, `community_id`, `created_at`, `updated_at`) VALUES (62, 11, '1999-01-21 07:19:40', '2006-08-16 19:50:02');
INSERT INTO `communities_users` (`user_id`, `community_id`, `created_at`, `updated_at`) VALUES (66, 11, '1970-06-08 23:57:15', '2006-10-22 11:03:53');
INSERT INTO `communities_users` (`user_id`, `community_id`, `created_at`, `updated_at`) VALUES (67, 11, '1980-08-19 00:39:33', '2021-01-29 01:41:11');
INSERT INTO `communities_users` (`user_id`, `community_id`, `created_at`, `updated_at`) VALUES (86, 11, '1989-08-19 12:02:15', '1974-01-03 00:56:11');
INSERT INTO `communities_users` (`user_id`, `community_id`, `created_at`, `updated_at`) VALUES (88, 11, '1977-03-24 11:51:06', '1983-11-06 21:29:32');
INSERT INTO `communities_users` (`user_id`, `community_id`, `created_at`, `updated_at`) VALUES (11, 12, '2017-03-12 02:53:17', '2002-01-26 22:13:05');
INSERT INTO `communities_users` (`user_id`, `community_id`, `created_at`, `updated_at`) VALUES (53, 12, '1999-04-21 10:03:35', '1990-06-05 17:25:51');
INSERT INTO `communities_users` (`user_id`, `community_id`, `created_at`, `updated_at`) VALUES (94, 12, '1972-07-31 13:45:26', '1971-07-03 02:53:57');
INSERT INTO `communities_users` (`user_id`, `community_id`, `created_at`, `updated_at`) VALUES (25, 13, '2005-12-10 15:57:26', '1979-06-09 22:55:50');
INSERT INTO `communities_users` (`user_id`, `community_id`, `created_at`, `updated_at`) VALUES (51, 13, '2015-07-27 11:09:07', '1977-02-27 14:42:20');
INSERT INTO `communities_users` (`user_id`, `community_id`, `created_at`, `updated_at`) VALUES (64, 13, '2018-11-13 21:43:54', '2012-04-20 00:20:35');
INSERT INTO `communities_users` (`user_id`, `community_id`, `created_at`, `updated_at`) VALUES (76, 13, '1990-05-09 21:03:59', '2011-03-31 04:41:15');
INSERT INTO `communities_users` (`user_id`, `community_id`, `created_at`, `updated_at`) VALUES (81, 13, '1992-06-30 06:09:55', '2020-02-21 02:34:32');
INSERT INTO `communities_users` (`user_id`, `community_id`, `created_at`, `updated_at`) VALUES (84, 13, '1971-08-24 22:47:07', '1987-09-02 07:08:25');
INSERT INTO `communities_users` (`user_id`, `community_id`, `created_at`, `updated_at`) VALUES (99, 13, '2011-08-25 23:54:11', '2009-11-02 03:32:20');
INSERT INTO `communities_users` (`user_id`, `community_id`, `created_at`, `updated_at`) VALUES (7, 14, '1974-10-20 18:16:09', '1983-07-30 14:24:07');
INSERT INTO `communities_users` (`user_id`, `community_id`, `created_at`, `updated_at`) VALUES (22, 14, '2001-07-01 23:22:47', '2014-11-02 03:45:08');
INSERT INTO `communities_users` (`user_id`, `community_id`, `created_at`, `updated_at`) VALUES (42, 14, '2015-05-21 21:29:14', '1987-07-23 00:24:25');
INSERT INTO `communities_users` (`user_id`, `community_id`, `created_at`, `updated_at`) VALUES (47, 14, '1977-08-18 17:57:26', '2019-11-29 12:32:03');
INSERT INTO `communities_users` (`user_id`, `community_id`, `created_at`, `updated_at`) VALUES (79, 14, '2002-03-01 09:19:35', '2004-03-11 02:45:41');
INSERT INTO `communities_users` (`user_id`, `community_id`, `created_at`, `updated_at`) VALUES (80, 14, '1976-10-17 16:18:39', '1973-12-21 00:35:23');
INSERT INTO `communities_users` (`user_id`, `community_id`, `created_at`, `updated_at`) VALUES (36, 15, '1997-05-30 18:25:26', '1980-03-27 11:26:56');
INSERT INTO `communities_users` (`user_id`, `community_id`, `created_at`, `updated_at`) VALUES (58, 15, '2015-08-02 08:28:50', '2003-09-15 00:30:24');
INSERT INTO `communities_users` (`user_id`, `community_id`, `created_at`, `updated_at`) VALUES (84, 15, '1975-02-03 18:07:32', '2010-10-01 18:54:23');
INSERT INTO `communities_users` (`user_id`, `community_id`, `created_at`, `updated_at`) VALUES (19, 16, '1977-07-03 09:17:03', '1970-11-08 22:30:57');
INSERT INTO `communities_users` (`user_id`, `community_id`, `created_at`, `updated_at`) VALUES (33, 16, '1986-09-25 02:05:28', '1973-05-31 02:32:29');
INSERT INTO `communities_users` (`user_id`, `community_id`, `created_at`, `updated_at`) VALUES (79, 16, '1998-04-20 02:40:20', '1974-10-23 16:01:50');
INSERT INTO `communities_users` (`user_id`, `community_id`, `created_at`, `updated_at`) VALUES (34, 17, '1981-10-25 08:53:45', '1982-05-02 13:42:03');
INSERT INTO `communities_users` (`user_id`, `community_id`, `created_at`, `updated_at`) VALUES (35, 17, '1985-07-29 06:13:25', '2012-06-24 13:54:17');
INSERT INTO `communities_users` (`user_id`, `community_id`, `created_at`, `updated_at`) VALUES (44, 17, '1986-09-18 20:14:15', '1990-12-19 19:32:35');
INSERT INTO `communities_users` (`user_id`, `community_id`, `created_at`, `updated_at`) VALUES (46, 17, '2009-11-29 19:34:25', '1977-03-28 21:19:51');
INSERT INTO `communities_users` (`user_id`, `community_id`, `created_at`, `updated_at`) VALUES (53, 17, '2013-04-18 14:53:06', '1991-01-21 06:16:25');
INSERT INTO `communities_users` (`user_id`, `community_id`, `created_at`, `updated_at`) VALUES (66, 17, '1977-09-27 23:19:39', '2019-08-19 12:16:16');
INSERT INTO `communities_users` (`user_id`, `community_id`, `created_at`, `updated_at`) VALUES (73, 17, '1976-02-17 13:18:21', '2012-03-02 03:08:28');
INSERT INTO `communities_users` (`user_id`, `community_id`, `created_at`, `updated_at`) VALUES (100, 17, '1993-04-19 02:00:10', '1997-01-07 06:17:05');
INSERT INTO `communities_users` (`user_id`, `community_id`, `created_at`, `updated_at`) VALUES (55, 18, '2005-09-15 11:21:35', '1996-07-13 13:27:36');
INSERT INTO `communities_users` (`user_id`, `community_id`, `created_at`, `updated_at`) VALUES (79, 18, '1976-08-06 08:13:24', '1970-11-27 00:06:40');
INSERT INTO `communities_users` (`user_id`, `community_id`, `created_at`, `updated_at`) VALUES (80, 18, '1971-06-10 04:58:51', '1989-02-21 02:48:32');
INSERT INTO `communities_users` (`user_id`, `community_id`, `created_at`, `updated_at`) VALUES (39, 19, '2005-06-25 21:10:11', '2017-11-03 21:43:41');
INSERT INTO `communities_users` (`user_id`, `community_id`, `created_at`, `updated_at`) VALUES (45, 19, '1984-06-12 21:33:33', '2019-12-19 10:02:09');
INSERT INTO `communities_users` (`user_id`, `community_id`, `created_at`, `updated_at`) VALUES (98, 19, '1990-07-25 11:15:51', '1982-11-04 10:29:18');
INSERT INTO `communities_users` (`user_id`, `community_id`, `created_at`, `updated_at`) VALUES (15, 20, '2018-12-01 20:47:21', '2000-06-17 03:26:56');
INSERT INTO `communities_users` (`user_id`, `community_id`, `created_at`, `updated_at`) VALUES (20, 20, '1989-07-15 06:03:33', '1985-02-21 13:41:02');
INSERT INTO `communities_users` (`user_id`, `community_id`, `created_at`, `updated_at`) VALUES (32, 20, '2004-07-10 19:04:40', '2000-07-05 21:42:02');
INSERT INTO `communities_users` (`user_id`, `community_id`, `created_at`, `updated_at`) VALUES (53, 20, '1990-07-09 18:41:42', '2012-05-15 20:30:23');
INSERT INTO `communities_users` (`user_id`, `community_id`, `created_at`, `updated_at`) VALUES (72, 20, '1981-06-11 17:44:36', '2014-03-18 10:40:08');
INSERT INTO `communities_users` (`user_id`, `community_id`, `created_at`, `updated_at`) VALUES (88, 20, '1978-06-11 06:39:51', '2012-12-27 21:53:46');
INSERT INTO `communities_users` (`user_id`, `community_id`, `created_at`, `updated_at`) VALUES (89, 20, '1972-07-14 02:09:01', '1997-08-09 12:30:58');


INSERT INTO `media_types` (`id`, `name`, `created_at`, `updated_at`) VALUES (1, 'optio', '1970-11-15 21:39:45', '1990-01-13 18:54:21');
INSERT INTO `media_types` (`id`, `name`, `created_at`, `updated_at`) VALUES (2, 'placeat', '1978-12-04 18:24:45', '1991-09-11 18:49:14');
INSERT INTO `media_types` (`id`, `name`, `created_at`, `updated_at`) VALUES (3, 'necessitatibus', '2001-07-03 08:43:10', '1990-01-09 18:02:56');
INSERT INTO `media_types` (`id`, `name`, `created_at`, `updated_at`) VALUES (4, 'iste', '2017-04-30 01:10:06', '1986-12-16 02:40:21');
INSERT INTO `media_types` (`id`, `name`, `created_at`, `updated_at`) VALUES (5, 'aliquid', '1987-07-05 19:38:03', '2015-06-12 09:21:46');

INSERT INTO `media` (`id`, `user_id`, `filename`, `size`, `metadata`, `media_type_id`, `created_at`, `updated_at`) VALUES (1, 1, 'asperiores', 3, NULL, 1, '2009-12-06 18:41:01', '1975-10-24 10:47:23');
INSERT INTO `media` (`id`, `user_id`, `filename`, `size`, `metadata`, `media_type_id`, `created_at`, `updated_at`) VALUES (2, 2, 'quos', 1, NULL, 2, '1992-07-31 13:27:49', '2002-01-29 07:42:38');
INSERT INTO `media` (`id`, `user_id`, `filename`, `size`, `metadata`, `media_type_id`, `created_at`, `updated_at`) VALUES (3, 3, 'molestias', 4, NULL, 3, '2001-06-16 19:31:30', '1989-04-10 13:03:08');
INSERT INTO `media` (`id`, `user_id`, `filename`, `size`, `metadata`, `media_type_id`, `created_at`, `updated_at`) VALUES (4, 4, 'et', 0, NULL, 4, '1986-06-26 18:53:42', '2005-11-06 16:00:48');
INSERT INTO `media` (`id`, `user_id`, `filename`, `size`, `metadata`, `media_type_id`, `created_at`, `updated_at`) VALUES (5, 5, 'aut', 1, NULL, 5, '1985-09-03 13:23:11', '1978-12-13 15:59:38');
INSERT INTO `media` (`id`, `user_id`, `filename`, `size`, `metadata`, `media_type_id`, `created_at`, `updated_at`) VALUES (6, 6, 'qui', 768, NULL, 1, '2020-10-23 00:47:03', '1997-04-25 23:34:41');
INSERT INTO `media` (`id`, `user_id`, `filename`, `size`, `metadata`, `media_type_id`, `created_at`, `updated_at`) VALUES (7, 7, 'quaerat', 9, NULL, 2, '2002-11-03 23:48:30', '1985-04-09 04:09:21');
INSERT INTO `media` (`id`, `user_id`, `filename`, `size`, `metadata`, `media_type_id`, `created_at`, `updated_at`) VALUES (8, 8, 'est', 256, NULL, 3, '2020-02-05 15:49:40', '1973-07-11 12:59:23');
INSERT INTO `media` (`id`, `user_id`, `filename`, `size`, `metadata`, `media_type_id`, `created_at`, `updated_at`) VALUES (9, 9, 'sint', 7, NULL, 4, '2014-10-10 19:21:32', '1983-05-29 13:22:45');
INSERT INTO `media` (`id`, `user_id`, `filename`, `size`, `metadata`, `media_type_id`, `created_at`, `updated_at`) VALUES (10, 10, 'soluta', 79336411, NULL, 5, '1992-03-05 22:21:47', '2012-07-09 05:00:08');
INSERT INTO `media` (`id`, `user_id`, `filename`, `size`, `metadata`, `media_type_id`, `created_at`, `updated_at`) VALUES (11, 11, 'a', 77, NULL, 1, '2004-03-28 02:35:26', '1999-08-20 03:55:32');
INSERT INTO `media` (`id`, `user_id`, `filename`, `size`, `metadata`, `media_type_id`, `created_at`, `updated_at`) VALUES (12, 12, 'voluptatibus', 68, NULL, 2, '1992-03-21 09:56:22', '2010-03-10 10:45:01');
INSERT INTO `media` (`id`, `user_id`, `filename`, `size`, `metadata`, `media_type_id`, `created_at`, `updated_at`) VALUES (13, 13, 'cupiditate', 0, NULL, 3, '2019-06-09 15:24:48', '1981-05-30 07:40:19');
INSERT INTO `media` (`id`, `user_id`, `filename`, `size`, `metadata`, `media_type_id`, `created_at`, `updated_at`) VALUES (14, 14, 'ex', 959801, NULL, 4, '1995-09-11 00:10:31', '1988-06-20 16:33:20');
INSERT INTO `media` (`id`, `user_id`, `filename`, `size`, `metadata`, `media_type_id`, `created_at`, `updated_at`) VALUES (15, 15, 'quis', 75329005, NULL, 5, '1997-11-17 09:52:56', '1995-01-23 17:49:54');
INSERT INTO `media` (`id`, `user_id`, `filename`, `size`, `metadata`, `media_type_id`, `created_at`, `updated_at`) VALUES (16, 16, 'vitae', 467867575, NULL, 1, '1994-02-22 09:30:04', '2006-08-28 16:41:41');
INSERT INTO `media` (`id`, `user_id`, `filename`, `size`, `metadata`, `media_type_id`, `created_at`, `updated_at`) VALUES (17, 17, 'omnis', 1, NULL, 2, '2014-08-16 18:20:18', '1983-11-12 17:52:04');
INSERT INTO `media` (`id`, `user_id`, `filename`, `size`, `metadata`, `media_type_id`, `created_at`, `updated_at`) VALUES (18, 18, 'ullam', 3640, NULL, 3, '2011-05-07 11:11:12', '2009-10-12 16:59:09');
INSERT INTO `media` (`id`, `user_id`, `filename`, `size`, `metadata`, `media_type_id`, `created_at`, `updated_at`) VALUES (19, 19, 'quia', 5154, NULL, 4, '2006-07-10 14:38:10', '1978-03-09 20:15:47');
INSERT INTO `media` (`id`, `user_id`, `filename`, `size`, `metadata`, `media_type_id`, `created_at`, `updated_at`) VALUES (20, 20, 'facere', 322084, NULL, 5, '1993-06-12 21:18:08', '1975-02-14 08:43:40');
INSERT INTO `media` (`id`, `user_id`, `filename`, `size`, `metadata`, `media_type_id`, `created_at`, `updated_at`) VALUES (21, 21, 'rerum', 78745417, NULL, 1, '1997-07-08 00:47:38', '2008-12-29 18:13:37');
INSERT INTO `media` (`id`, `user_id`, `filename`, `size`, `metadata`, `media_type_id`, `created_at`, `updated_at`) VALUES (22, 22, 'pariatur', 0, NULL, 2, '1980-11-06 10:07:40', '2002-02-12 23:42:17');
INSERT INTO `media` (`id`, `user_id`, `filename`, `size`, `metadata`, `media_type_id`, `created_at`, `updated_at`) VALUES (23, 23, 'dolores', 255, NULL, 3, '2013-04-25 06:55:54', '1980-03-27 15:21:36');
INSERT INTO `media` (`id`, `user_id`, `filename`, `size`, `metadata`, `media_type_id`, `created_at`, `updated_at`) VALUES (24, 24, 'sapiente', 0, NULL, 4, '1975-01-05 18:21:14', '1993-04-05 04:54:24');
INSERT INTO `media` (`id`, `user_id`, `filename`, `size`, `metadata`, `media_type_id`, `created_at`, `updated_at`) VALUES (25, 25, 'molestiae', 0, NULL, 5, '2000-01-06 12:39:39', '1977-12-31 12:07:53');
INSERT INTO `media` (`id`, `user_id`, `filename`, `size`, `metadata`, `media_type_id`, `created_at`, `updated_at`) VALUES (26, 26, 'sunt', 33763290, NULL, 1, '1997-05-15 04:15:04', '2003-02-15 15:57:46');
INSERT INTO `media` (`id`, `user_id`, `filename`, `size`, `metadata`, `media_type_id`, `created_at`, `updated_at`) VALUES (27, 27, 'ut', 430, NULL, 2, '2009-10-07 08:08:17', '1995-05-05 19:01:31');
INSERT INTO `media` (`id`, `user_id`, `filename`, `size`, `metadata`, `media_type_id`, `created_at`, `updated_at`) VALUES (28, 28, 'sequi', 6215294, NULL, 3, '1997-08-30 15:46:21', '2018-12-28 22:24:36');
INSERT INTO `media` (`id`, `user_id`, `filename`, `size`, `metadata`, `media_type_id`, `created_at`, `updated_at`) VALUES (29, 29, 'explicabo', 0, NULL, 4, '1972-09-17 22:32:29', '1999-01-23 12:03:40');
INSERT INTO `media` (`id`, `user_id`, `filename`, `size`, `metadata`, `media_type_id`, `created_at`, `updated_at`) VALUES (30, 30, 'aliquam', 0, NULL, 5, '2005-11-24 03:45:38', '1996-04-26 12:58:42');
INSERT INTO `media` (`id`, `user_id`, `filename`, `size`, `metadata`, `media_type_id`, `created_at`, `updated_at`) VALUES (31, 31, 'voluptatem', 2652, NULL, 1, '1978-01-04 22:56:39', '2020-12-07 21:56:38');
INSERT INTO `media` (`id`, `user_id`, `filename`, `size`, `metadata`, `media_type_id`, `created_at`, `updated_at`) VALUES (32, 32, 'blanditiis', 53, NULL, 2, '2005-08-14 05:42:15', '1991-04-04 04:39:54');
INSERT INTO `media` (`id`, `user_id`, `filename`, `size`, `metadata`, `media_type_id`, `created_at`, `updated_at`) VALUES (33, 33, 'esse', 0, NULL, 3, '2007-08-28 06:21:21', '2017-02-12 01:44:25');
INSERT INTO `media` (`id`, `user_id`, `filename`, `size`, `metadata`, `media_type_id`, `created_at`, `updated_at`) VALUES (34, 34, 'voluptas', 6075930, NULL, 4, '2018-07-24 02:00:22', '2002-09-03 17:40:49');
INSERT INTO `media` (`id`, `user_id`, `filename`, `size`, `metadata`, `media_type_id`, `created_at`, `updated_at`) VALUES (35, 35, 'dignissimos', 0, NULL, 5, '1999-09-25 05:17:16', '1986-09-03 19:51:39');
INSERT INTO `media` (`id`, `user_id`, `filename`, `size`, `metadata`, `media_type_id`, `created_at`, `updated_at`) VALUES (36, 36, 'perferendis', 598, NULL, 1, '1992-02-19 15:13:42', '1997-05-12 23:15:12');
INSERT INTO `media` (`id`, `user_id`, `filename`, `size`, `metadata`, `media_type_id`, `created_at`, `updated_at`) VALUES (37, 37, 'amet', 68326073, NULL, 2, '1980-05-04 09:59:26', '1971-03-01 10:29:19');
INSERT INTO `media` (`id`, `user_id`, `filename`, `size`, `metadata`, `media_type_id`, `created_at`, `updated_at`) VALUES (38, 38, 'quibusdam', 607794, NULL, 3, '1979-11-21 22:27:38', '1989-12-08 13:43:40');
INSERT INTO `media` (`id`, `user_id`, `filename`, `size`, `metadata`, `media_type_id`, `created_at`, `updated_at`) VALUES (39, 39, 'quas', 24318858, NULL, 4, '1999-07-05 18:57:34', '1982-04-03 09:24:51');
INSERT INTO `media` (`id`, `user_id`, `filename`, `size`, `metadata`, `media_type_id`, `created_at`, `updated_at`) VALUES (40, 40, 'aspernatur', 16, NULL, 5, '2013-02-22 17:29:08', '1995-12-07 18:07:39');
INSERT INTO `media` (`id`, `user_id`, `filename`, `size`, `metadata`, `media_type_id`, `created_at`, `updated_at`) VALUES (41, 41, 'eos', 3275582, NULL, 1, '2000-10-19 02:34:59', '1970-11-23 16:13:47');
INSERT INTO `media` (`id`, `user_id`, `filename`, `size`, `metadata`, `media_type_id`, `created_at`, `updated_at`) VALUES (42, 42, 'enim', 75886672, NULL, 2, '1994-09-04 09:48:49', '2020-05-24 16:20:03');
INSERT INTO `media` (`id`, `user_id`, `filename`, `size`, `metadata`, `media_type_id`, `created_at`, `updated_at`) VALUES (43, 43, 'quasi', 223611792, NULL, 3, '1994-10-22 14:37:54', '1983-05-10 14:34:18');
INSERT INTO `media` (`id`, `user_id`, `filename`, `size`, `metadata`, `media_type_id`, `created_at`, `updated_at`) VALUES (44, 44, 'velit', 4567, NULL, 4, '2013-06-10 13:07:36', '1978-10-02 17:04:34');
INSERT INTO `media` (`id`, `user_id`, `filename`, `size`, `metadata`, `media_type_id`, `created_at`, `updated_at`) VALUES (45, 45, 'mollitia', 3675, NULL, 5, '2019-07-31 09:22:29', '2000-05-03 15:59:35');
INSERT INTO `media` (`id`, `user_id`, `filename`, `size`, `metadata`, `media_type_id`, `created_at`, `updated_at`) VALUES (46, 46, 'tempore', 99613671, NULL, 1, '1990-05-14 22:23:50', '1983-01-10 20:53:46');
INSERT INTO `media` (`id`, `user_id`, `filename`, `size`, `metadata`, `media_type_id`, `created_at`, `updated_at`) VALUES (47, 47, 'inventore', 91129103, NULL, 2, '1979-02-02 12:53:29', '1997-06-26 19:24:12');
INSERT INTO `media` (`id`, `user_id`, `filename`, `size`, `metadata`, `media_type_id`, `created_at`, `updated_at`) VALUES (48, 48, 'ratione', 2388277, NULL, 3, '2007-12-16 10:09:48', '2015-05-02 05:48:17');
INSERT INTO `media` (`id`, `user_id`, `filename`, `size`, `metadata`, `media_type_id`, `created_at`, `updated_at`) VALUES (49, 49, 'non', 207028, NULL, 4, '2009-05-25 04:48:53', '1976-03-26 01:50:43');
INSERT INTO `media` (`id`, `user_id`, `filename`, `size`, `metadata`, `media_type_id`, `created_at`, `updated_at`) VALUES (50, 50, 'provident', 397053, NULL, 5, '1998-06-06 16:58:19', '1979-12-28 11:55:03');
INSERT INTO `media` (`id`, `user_id`, `filename`, `size`, `metadata`, `media_type_id`, `created_at`, `updated_at`) VALUES (51, 51, 'sit', 41879742, NULL, 1, '1993-04-18 03:27:33', '2017-11-26 10:34:20');
INSERT INTO `media` (`id`, `user_id`, `filename`, `size`, `metadata`, `media_type_id`, `created_at`, `updated_at`) VALUES (52, 52, 'eum', 607, NULL, 2, '2007-11-21 01:17:27', '2008-10-31 13:35:13');
INSERT INTO `media` (`id`, `user_id`, `filename`, `size`, `metadata`, `media_type_id`, `created_at`, `updated_at`) VALUES (53, 53, 'maiores', 67036259, NULL, 3, '1992-11-23 09:55:06', '1989-05-14 02:36:56');
INSERT INTO `media` (`id`, `user_id`, `filename`, `size`, `metadata`, `media_type_id`, `created_at`, `updated_at`) VALUES (54, 54, 'impedit', 69290874, NULL, 4, '2007-07-08 11:47:36', '1974-06-26 02:21:10');
INSERT INTO `media` (`id`, `user_id`, `filename`, `size`, `metadata`, `media_type_id`, `created_at`, `updated_at`) VALUES (55, 55, 'assumenda', 3, NULL, 5, '1988-04-30 07:49:41', '1974-07-25 04:45:20');
INSERT INTO `media` (`id`, `user_id`, `filename`, `size`, `metadata`, `media_type_id`, `created_at`, `updated_at`) VALUES (56, 56, 'itaque', 0, NULL, 1, '2014-12-29 00:41:59', '2016-06-28 12:50:07');
INSERT INTO `media` (`id`, `user_id`, `filename`, `size`, `metadata`, `media_type_id`, `created_at`, `updated_at`) VALUES (57, 57, 'rem', 4008, NULL, 2, '2006-08-27 08:38:29', '2002-06-24 15:46:27');
INSERT INTO `media` (`id`, `user_id`, `filename`, `size`, `metadata`, `media_type_id`, `created_at`, `updated_at`) VALUES (58, 58, 'repellendus', 0, NULL, 3, '1997-06-01 02:26:09', '2005-06-28 15:13:12');
INSERT INTO `media` (`id`, `user_id`, `filename`, `size`, `metadata`, `media_type_id`, `created_at`, `updated_at`) VALUES (59, 59, 'vel', 0, NULL, 4, '1978-08-26 00:34:39', '1980-09-27 19:16:07');
INSERT INTO `media` (`id`, `user_id`, `filename`, `size`, `metadata`, `media_type_id`, `created_at`, `updated_at`) VALUES (60, 60, 'in', 2, NULL, 5, '2000-12-10 13:11:52', '1970-01-25 10:15:14');
INSERT INTO `media` (`id`, `user_id`, `filename`, `size`, `metadata`, `media_type_id`, `created_at`, `updated_at`) VALUES (61, 61, 'eaque', 124904, NULL, 1, '1976-09-21 12:45:16', '2014-08-11 15:29:24');
INSERT INTO `media` (`id`, `user_id`, `filename`, `size`, `metadata`, `media_type_id`, `created_at`, `updated_at`) VALUES (62, 62, 'praesentium', 4417, NULL, 2, '2021-01-06 18:20:26', '1996-05-09 15:33:55');
INSERT INTO `media` (`id`, `user_id`, `filename`, `size`, `metadata`, `media_type_id`, `created_at`, `updated_at`) VALUES (63, 63, 'corrupti', 578, NULL, 3, '1991-06-21 10:05:51', '1986-02-23 19:26:12');
INSERT INTO `media` (`id`, `user_id`, `filename`, `size`, `metadata`, `media_type_id`, `created_at`, `updated_at`) VALUES (64, 64, 'at', 0, NULL, 4, '2004-06-19 05:27:37', '2019-09-14 00:33:11');
INSERT INTO `media` (`id`, `user_id`, `filename`, `size`, `metadata`, `media_type_id`, `created_at`, `updated_at`) VALUES (65, 65, 'iusto', 20229, NULL, 5, '2009-01-12 20:13:01', '2001-08-27 01:57:46');
INSERT INTO `media` (`id`, `user_id`, `filename`, `size`, `metadata`, `media_type_id`, `created_at`, `updated_at`) VALUES (66, 66, 'autem', 4, NULL, 1, '1976-02-14 09:13:41', '2010-02-23 03:28:19');
INSERT INTO `media` (`id`, `user_id`, `filename`, `size`, `metadata`, `media_type_id`, `created_at`, `updated_at`) VALUES (67, 67, 'iste', 40, NULL, 2, '2000-06-23 01:36:03', '1983-05-12 10:43:19');
INSERT INTO `media` (`id`, `user_id`, `filename`, `size`, `metadata`, `media_type_id`, `created_at`, `updated_at`) VALUES (68, 68, 'minus', 2, NULL, 3, '1997-10-04 19:29:48', '2008-02-25 00:10:41');
INSERT INTO `media` (`id`, `user_id`, `filename`, `size`, `metadata`, `media_type_id`, `created_at`, `updated_at`) VALUES (69, 69, 'ipsa', 0, NULL, 4, '2001-11-09 08:15:33', '1996-12-27 12:16:42');
INSERT INTO `media` (`id`, `user_id`, `filename`, `size`, `metadata`, `media_type_id`, `created_at`, `updated_at`) VALUES (70, 70, 'iure', 10, NULL, 5, '1990-03-13 01:50:23', '2011-11-22 10:23:15');
INSERT INTO `media` (`id`, `user_id`, `filename`, `size`, `metadata`, `media_type_id`, `created_at`, `updated_at`) VALUES (71, 71, 'tempora', 80, NULL, 1, '1996-05-02 21:10:06', '2008-07-03 06:27:17');
INSERT INTO `media` (`id`, `user_id`, `filename`, `size`, `metadata`, `media_type_id`, `created_at`, `updated_at`) VALUES (72, 72, 'laudantium', 2, NULL, 2, '1970-01-08 17:42:26', '2006-01-24 04:15:18');
INSERT INTO `media` (`id`, `user_id`, `filename`, `size`, `metadata`, `media_type_id`, `created_at`, `updated_at`) VALUES (73, 73, 'commodi', 37410, NULL, 3, '2015-12-03 10:53:47', '2013-06-26 08:09:45');
INSERT INTO `media` (`id`, `user_id`, `filename`, `size`, `metadata`, `media_type_id`, `created_at`, `updated_at`) VALUES (74, 74, 'consequatur', 6, NULL, 4, '1984-04-20 19:35:54', '2014-04-30 19:40:49');
INSERT INTO `media` (`id`, `user_id`, `filename`, `size`, `metadata`, `media_type_id`, `created_at`, `updated_at`) VALUES (75, 75, 'consequuntur', 44860662, NULL, 5, '1995-01-15 18:39:09', '2010-11-18 11:13:17');
INSERT INTO `media` (`id`, `user_id`, `filename`, `size`, `metadata`, `media_type_id`, `created_at`, `updated_at`) VALUES (76, 76, 'quam', 2037, NULL, 1, '1980-01-19 06:57:49', '2011-04-09 01:06:56');
INSERT INTO `media` (`id`, `user_id`, `filename`, `size`, `metadata`, `media_type_id`, `created_at`, `updated_at`) VALUES (77, 77, 'nisi', 3983, NULL, 2, '1985-03-27 17:35:58', '2001-08-27 19:53:20');
INSERT INTO `media` (`id`, `user_id`, `filename`, `size`, `metadata`, `media_type_id`, `created_at`, `updated_at`) VALUES (78, 78, 'laborum', 591160458, NULL, 3, '1998-05-27 23:09:53', '1999-07-14 03:14:55');
INSERT INTO `media` (`id`, `user_id`, `filename`, `size`, `metadata`, `media_type_id`, `created_at`, `updated_at`) VALUES (79, 79, 'magnam', 0, NULL, 4, '1974-10-10 11:34:24', '2012-04-06 15:11:28');
INSERT INTO `media` (`id`, `user_id`, `filename`, `size`, `metadata`, `media_type_id`, `created_at`, `updated_at`) VALUES (80, 80, 'suscipit', 1148, NULL, 5, '1991-04-16 00:44:07', '2016-11-15 21:02:24');
INSERT INTO `media` (`id`, `user_id`, `filename`, `size`, `metadata`, `media_type_id`, `created_at`, `updated_at`) VALUES (81, 81, 'reprehenderit', 8, NULL, 1, '1983-01-02 20:33:31', '1976-02-25 21:44:40');
INSERT INTO `media` (`id`, `user_id`, `filename`, `size`, `metadata`, `media_type_id`, `created_at`, `updated_at`) VALUES (82, 82, 'nulla', 87, NULL, 2, '2009-01-26 12:57:44', '1990-06-13 15:06:47');
INSERT INTO `media` (`id`, `user_id`, `filename`, `size`, `metadata`, `media_type_id`, `created_at`, `updated_at`) VALUES (83, 83, 'unde', 102, NULL, 3, '2007-01-28 08:57:26', '2014-09-19 18:15:50');
INSERT INTO `media` (`id`, `user_id`, `filename`, `size`, `metadata`, `media_type_id`, `created_at`, `updated_at`) VALUES (84, 84, 'adipisci', 368181, NULL, 4, '1972-02-27 13:07:09', '1975-09-17 01:30:53');
INSERT INTO `media` (`id`, `user_id`, `filename`, `size`, `metadata`, `media_type_id`, `created_at`, `updated_at`) VALUES (85, 85, 'accusantium', 986, NULL, 5, '1980-12-11 06:54:59', '2002-05-05 15:03:17');
INSERT INTO `media` (`id`, `user_id`, `filename`, `size`, `metadata`, `media_type_id`, `created_at`, `updated_at`) VALUES (86, 86, 'quo', 48626975, NULL, 1, '2020-06-12 21:17:55', '1987-02-17 23:38:40');
INSERT INTO `media` (`id`, `user_id`, `filename`, `size`, `metadata`, `media_type_id`, `created_at`, `updated_at`) VALUES (87, 87, 'occaecati', 9, NULL, 2, '1989-08-13 11:05:13', '2004-09-08 09:35:37');
INSERT INTO `media` (`id`, `user_id`, `filename`, `size`, `metadata`, `media_type_id`, `created_at`, `updated_at`) VALUES (88, 88, 'libero', 246815, NULL, 3, '1970-03-13 11:54:43', '2006-10-09 22:02:25');
INSERT INTO `media` (`id`, `user_id`, `filename`, `size`, `metadata`, `media_type_id`, `created_at`, `updated_at`) VALUES (89, 89, 'illo', 665, NULL, 4, '2014-10-20 11:52:28', '1985-06-13 07:52:19');
INSERT INTO `media` (`id`, `user_id`, `filename`, `size`, `metadata`, `media_type_id`, `created_at`, `updated_at`) VALUES (90, 90, 'hic', 44466, NULL, 5, '2004-12-13 21:02:15', '2003-12-09 10:18:35');
INSERT INTO `media` (`id`, `user_id`, `filename`, `size`, `metadata`, `media_type_id`, `created_at`, `updated_at`) VALUES (91, 91, 'nemo', 2, NULL, 1, '1985-05-16 21:08:09', '1993-12-16 20:37:27');
INSERT INTO `media` (`id`, `user_id`, `filename`, `size`, `metadata`, `media_type_id`, `created_at`, `updated_at`) VALUES (92, 92, 'debitis', 7288, NULL, 2, '1982-03-23 10:49:01', '1996-08-18 15:07:40');
INSERT INTO `media` (`id`, `user_id`, `filename`, `size`, `metadata`, `media_type_id`, `created_at`, `updated_at`) VALUES (93, 93, 'eveniet', 0, NULL, 3, '2006-08-14 15:25:20', '1986-12-06 08:17:31');
INSERT INTO `media` (`id`, `user_id`, `filename`, `size`, `metadata`, `media_type_id`, `created_at`, `updated_at`) VALUES (94, 94, 'reiciendis', 8499, NULL, 4, '2018-07-29 00:41:51', '1999-06-03 09:45:11');
INSERT INTO `media` (`id`, `user_id`, `filename`, `size`, `metadata`, `media_type_id`, `created_at`, `updated_at`) VALUES (95, 95, 'voluptates', 835592348, NULL, 5, '1989-10-09 14:38:49', '1989-02-11 21:35:54');
INSERT INTO `media` (`id`, `user_id`, `filename`, `size`, `metadata`, `media_type_id`, `created_at`, `updated_at`) VALUES (96, 96, 'natus', 221, NULL, 1, '1987-06-04 05:31:08', '2011-11-17 15:59:01');
INSERT INTO `media` (`id`, `user_id`, `filename`, `size`, `metadata`, `media_type_id`, `created_at`, `updated_at`) VALUES (97, 97, 'eligendi', 428, NULL, 2, '2003-01-12 13:13:16', '2005-05-10 23:53:43');
INSERT INTO `media` (`id`, `user_id`, `filename`, `size`, `metadata`, `media_type_id`, `created_at`, `updated_at`) VALUES (98, 98, 'ad', 5, NULL, 3, '2019-08-26 21:07:08', '2000-05-29 05:55:06');
INSERT INTO `media` (`id`, `user_id`, `filename`, `size`, `metadata`, `media_type_id`, `created_at`, `updated_at`) VALUES (99, 99, 'error', 0, NULL, 4, '1994-05-30 20:26:30', '1993-04-28 19:15:10');
INSERT INTO `media` (`id`, `user_id`, `filename`, `size`, `metadata`, `media_type_id`, `created_at`, `updated_at`) VALUES (100, 100, 'architecto', 1, NULL, 5, '2017-03-15 06:53:51', '1982-07-18 15:12:15');


INSERT INTO `messages` (`id`, `from_user_id`, `to_user_id`, `body`, `message_status_id`, `created_at`, `updated_at`, `is_important`, `media_id`) VALUES (1, 58, 78, 'Aliquid ad mollitia aspernatur officia voluptatibus. Voluptatibus culpa vel illo numquam ut aliquid aut.', 1, '2014-09-30 17:28:17', '2003-02-01 05:32:26', 0, 1);
INSERT INTO `messages` (`id`, `from_user_id`, `to_user_id`, `body`, `message_status_id`, `created_at`, `updated_at`, `is_important`, `media_id`) VALUES (2, 45, 60, 'Repellat eum ut est ea aut animi doloribus. Dolorum unde aut esse voluptatibus animi assumenda sint.', 2, '1995-06-26 04:34:46', '1988-03-15 16:29:05', 0, 2);
INSERT INTO `messages` (`id`, `from_user_id`, `to_user_id`, `body`, `message_status_id`, `created_at`, `updated_at`, `is_important`, `media_id`) VALUES (3, 15, 18, 'Sit consequatur hic sapiente quisquam asperiores totam explicabo praesentium. Doloremque earum incidunt et aut voluptatibus labore. Quia omnis minus ut aut quis voluptatem.', 3, '2012-06-27 06:57:36', '2001-09-28 17:24:17', 0, 3);
INSERT INTO `messages` (`id`, `from_user_id`, `to_user_id`, `body`, `message_status_id`, `created_at`, `updated_at`, `is_important`, `media_id`) VALUES (4, 85, 22, 'Mollitia beatae aut enim provident sed dolores. Aperiam voluptatem aut voluptatum nostrum. Quidem perferendis eveniet rem rerum dolorum. Ut cum beatae et.', 4, '1976-12-06 19:19:37', '1990-02-25 17:39:16', 1, 4);
INSERT INTO `messages` (`id`, `from_user_id`, `to_user_id`, `body`, `message_status_id`, `created_at`, `updated_at`, `is_important`, `media_id`) VALUES (5, 20, 56, 'Esse adipisci incidunt qui voluptas esse necessitatibus. Et placeat praesentium explicabo laboriosam ipsa eum praesentium. Voluptatem error est et eum.', 5, '1985-04-11 07:22:49', '1999-05-18 19:46:28', 0, 5);
INSERT INTO `messages` (`id`, `from_user_id`, `to_user_id`, `body`, `message_status_id`, `created_at`, `updated_at`, `is_important`, `media_id`) VALUES (6, 8, 96, 'Voluptas exercitationem dolores ipsum odio qui repellat inventore. Quia nisi tempora itaque unde consectetur rerum voluptatibus. Autem eius aut reiciendis quia temporibus. Officiis id quia impedit quia temporibus quia.', 1, '1980-12-11 02:46:56', '2004-10-24 23:55:18', 0, 6);
INSERT INTO `messages` (`id`, `from_user_id`, `to_user_id`, `body`, `message_status_id`, `created_at`, `updated_at`, `is_important`, `media_id`) VALUES (7, 55, 91, 'Minima recusandae et tempora quo neque possimus. Voluptatem ut optio quo reprehenderit eius similique voluptatem quo. Officia praesentium aut dicta voluptatem.', 2, '1979-03-18 02:21:15', '2003-10-09 08:32:56', 0, 7);
INSERT INTO `messages` (`id`, `from_user_id`, `to_user_id`, `body`, `message_status_id`, `created_at`, `updated_at`, `is_important`, `media_id`) VALUES (8, 44, 86, 'Iure voluptas dolor iste beatae fugiat repellat nulla. Quibusdam itaque ratione reiciendis qui ex nulla eos. Repudiandae voluptas repellendus repudiandae blanditiis tempora odit magni atque.', 3, '2009-07-02 20:58:08', '2010-10-18 11:13:47', 1, 8);
INSERT INTO `messages` (`id`, `from_user_id`, `to_user_id`, `body`, `message_status_id`, `created_at`, `updated_at`, `is_important`, `media_id`) VALUES (9, 64, 19, 'Porro sed laudantium reiciendis est a quo occaecati. Nesciunt et ex adipisci.', 4, '1993-12-13 05:28:01', '2003-04-09 10:16:04', 0, 9);
INSERT INTO `messages` (`id`, `from_user_id`, `to_user_id`, `body`, `message_status_id`, `created_at`, `updated_at`, `is_important`, `media_id`) VALUES (10, 100, 7, 'Vel necessitatibus iusto id doloribus quaerat quod. Beatae suscipit ratione architecto eius harum vel veniam. Et esse mollitia est id qui labore. Unde magnam iusto tenetur corporis consequatur.', 5, '2008-09-12 13:50:39', '2005-10-31 19:34:16', 0, 10);
INSERT INTO `messages` (`id`, `from_user_id`, `to_user_id`, `body`, `message_status_id`, `created_at`, `updated_at`, `is_important`, `media_id`) VALUES (11, 38, 54, 'Voluptatem sint est est est corporis qui excepturi asperiores. Exercitationem mollitia vitae voluptas fugit earum et. Ut voluptatem autem voluptas sunt illum voluptatem eum totam.', 1, '1984-10-15 14:53:49', '2019-07-11 10:07:32', 0, 11);
INSERT INTO `messages` (`id`, `from_user_id`, `to_user_id`, `body`, `message_status_id`, `created_at`, `updated_at`, `is_important`, `media_id`) VALUES (12, 96, 44, 'Ab velit minus consequatur dolorem adipisci. Numquam animi et dolores error. In sed in dolor rerum in molestiae aliquam. Veritatis odio fuga et odit.', 2, '1990-11-09 14:57:03', '2007-11-06 07:06:57', 1, 12);
INSERT INTO `messages` (`id`, `from_user_id`, `to_user_id`, `body`, `message_status_id`, `created_at`, `updated_at`, `is_important`, `media_id`) VALUES (13, 43, 30, 'Minima deleniti dolorum soluta autem ducimus et qui. Omnis eaque architecto qui officiis. Aut vitae incidunt atque aliquid magni velit. Et laudantium accusantium magni laboriosam dicta. Voluptas ut corrupti possimus quam ut ullam ad.', 3, '1972-12-06 17:34:57', '1991-09-07 14:06:54', 0, 13);
INSERT INTO `messages` (`id`, `from_user_id`, `to_user_id`, `body`, `message_status_id`, `created_at`, `updated_at`, `is_important`, `media_id`) VALUES (14, 3, 99, 'Fuga veniam autem dignissimos at sunt rerum. Vero est atque adipisci nihil hic et blanditiis. Inventore facere non eaque qui molestias sunt.', 4, '1977-05-14 16:06:07', '2015-09-16 13:57:59', 1, 14);
INSERT INTO `messages` (`id`, `from_user_id`, `to_user_id`, `body`, `message_status_id`, `created_at`, `updated_at`, `is_important`, `media_id`) VALUES (15, 51, 47, 'Quo omnis sapiente officiis esse aliquid velit aliquam dolorem. Dignissimos vitae repellat repellat est alias ipsam sit. Rem pariatur quis placeat eum eos.', 5, '2009-02-11 17:21:33', '2006-08-21 02:24:52', 1, 15);
INSERT INTO `messages` (`id`, `from_user_id`, `to_user_id`, `body`, `message_status_id`, `created_at`, `updated_at`, `is_important`, `media_id`) VALUES (16, 58, 7, 'Nihil inventore ut quibusdam. Consectetur illum laborum sed sit alias enim minima. Ut et fugit aperiam est.', 1, '1986-09-08 08:26:56', '1988-03-15 02:06:32', 0, 16);
INSERT INTO `messages` (`id`, `from_user_id`, `to_user_id`, `body`, `message_status_id`, `created_at`, `updated_at`, `is_important`, `media_id`) VALUES (17, 60, 92, 'Consequatur quo eos perferendis fugit est doloribus rerum. Deleniti delectus rerum dolor nihil tempore totam ipsa. Rem sequi sed maxime quaerat.', 2, '1972-06-09 04:37:13', '2005-02-04 10:14:13', 0, 17);
INSERT INTO `messages` (`id`, `from_user_id`, `to_user_id`, `body`, `message_status_id`, `created_at`, `updated_at`, `is_important`, `media_id`) VALUES (18, 89, 43, 'Iure quia id eos accusantium maiores quia voluptatum. Voluptas expedita ab doloremque quos cupiditate accusantium in. Eius ut ad non in.', 3, '2011-06-25 16:46:07', '2015-02-11 07:39:44', 1, 18);
INSERT INTO `messages` (`id`, `from_user_id`, `to_user_id`, `body`, `message_status_id`, `created_at`, `updated_at`, `is_important`, `media_id`) VALUES (19, 18, 100, 'Quo deserunt ut perferendis veritatis laborum. Placeat et eum doloremque molestiae. Libero et aut cupiditate fuga.', 4, '1985-06-15 20:09:35', '2000-01-01 06:10:07', 0, 19);
INSERT INTO `messages` (`id`, `from_user_id`, `to_user_id`, `body`, `message_status_id`, `created_at`, `updated_at`, `is_important`, `media_id`) VALUES (20, 64, 73, 'Voluptatem explicabo voluptatem dolorum. Dolorem impedit illum est ut facere. Ad optio dolores vel qui ratione pariatur.', 5, '2014-05-18 01:24:19', '2005-08-03 15:14:04', 0, 20);
INSERT INTO `messages` (`id`, `from_user_id`, `to_user_id`, `body`, `message_status_id`, `created_at`, `updated_at`, `is_important`, `media_id`) VALUES (21, 68, 86, 'Pariatur beatae doloribus eos sed quis. Aut numquam error totam commodi et. Eum quasi quia dolorem sed. Quisquam autem dolorum assumenda vel quam voluptatibus adipisci quia.', 1, '1978-08-03 06:06:29', '1978-07-08 08:26:10', 0, 21);
INSERT INTO `messages` (`id`, `from_user_id`, `to_user_id`, `body`, `message_status_id`, `created_at`, `updated_at`, `is_important`, `media_id`) VALUES (22, 78, 48, 'In dolorem in quis et quod. Ea dolores ea voluptates laudantium quibusdam. Odio doloremque et quo eum a totam quas. Ut at quo quo et sunt laudantium.', 2, '1988-02-08 05:36:12', '1973-05-26 04:54:07', 0, 22);
INSERT INTO `messages` (`id`, `from_user_id`, `to_user_id`, `body`, `message_status_id`, `created_at`, `updated_at`, `is_important`, `media_id`) VALUES (23, 90, 19, 'Voluptates odio ipsam sit. Occaecati rerum officia maiores animi. Et corporis fugit dolor dolores eos. Ducimus molestiae incidunt reprehenderit excepturi. Voluptatem enim nulla dolor molestiae.', 3, '1980-03-01 08:24:16', '1972-08-02 07:40:44', 1, 23);
INSERT INTO `messages` (`id`, `from_user_id`, `to_user_id`, `body`, `message_status_id`, `created_at`, `updated_at`, `is_important`, `media_id`) VALUES (24, 22, 76, 'Sequi in et nobis officia suscipit quasi. In quibusdam et illo pariatur aut dolores. Doloremque dolor aut occaecati.', 4, '2013-11-25 03:21:56', '1975-11-29 09:36:21', 1, 24);
INSERT INTO `messages` (`id`, `from_user_id`, `to_user_id`, `body`, `message_status_id`, `created_at`, `updated_at`, `is_important`, `media_id`) VALUES (25, 96, 93, 'Est voluptatem at placeat. Eos et velit voluptatem aut dignissimos velit. Voluptas repellat quis voluptatem eum ex ut. Eligendi soluta hic voluptas et.', 5, '2019-03-11 02:56:38', '1982-06-24 14:12:57', 0, 25);
INSERT INTO `messages` (`id`, `from_user_id`, `to_user_id`, `body`, `message_status_id`, `created_at`, `updated_at`, `is_important`, `media_id`) VALUES (26, 52, 35, 'Aut enim maiores aut et est eos. Quod quo est blanditiis sunt neque vero qui. Et similique totam beatae odio et. Nihil quae possimus nostrum sint beatae ab.', 1, '1974-02-21 14:53:19', '1974-12-19 01:02:38', 0, 26);
INSERT INTO `messages` (`id`, `from_user_id`, `to_user_id`, `body`, `message_status_id`, `created_at`, `updated_at`, `is_important`, `media_id`) VALUES (27, 85, 92, 'Repudiandae incidunt sequi velit. Earum assumenda ut minus cum aut illum. Quod culpa excepturi at debitis et saepe natus. Recusandae provident dolores aut blanditiis.', 2, '1983-12-25 13:40:41', '2018-08-05 00:16:15', 1, 27);
INSERT INTO `messages` (`id`, `from_user_id`, `to_user_id`, `body`, `message_status_id`, `created_at`, `updated_at`, `is_important`, `media_id`) VALUES (28, 9, 20, 'Maiores numquam asperiores doloremque nihil mollitia. Aut a molestiae sit exercitationem esse eos adipisci. Optio eum nemo quis voluptatibus. Omnis in explicabo et neque qui et.', 3, '1984-09-28 14:41:47', '2017-11-30 13:26:01', 1, 28);
INSERT INTO `messages` (`id`, `from_user_id`, `to_user_id`, `body`, `message_status_id`, `created_at`, `updated_at`, `is_important`, `media_id`) VALUES (29, 13, 33, 'Omnis ad earum iusto fuga molestiae sed. Ut dolor sunt consequatur dignissimos blanditiis. Dolores ut minus rerum impedit.', 4, '1987-02-08 06:58:15', '1971-09-20 00:59:40', 0, 29);
INSERT INTO `messages` (`id`, `from_user_id`, `to_user_id`, `body`, `message_status_id`, `created_at`, `updated_at`, `is_important`, `media_id`) VALUES (30, 34, 41, 'Enim ea ea error est aut enim aut. Ut unde ipsum dolorum in. Dolor dignissimos est autem nam enim nisi fuga. Voluptatem consequatur nisi qui provident.', 5, '1992-01-11 07:11:38', '1980-12-21 09:34:03', 0, 30);
INSERT INTO `messages` (`id`, `from_user_id`, `to_user_id`, `body`, `message_status_id`, `created_at`, `updated_at`, `is_important`, `media_id`) VALUES (31, 50, 61, 'Alias facere minus sunt a animi dolore dignissimos. Rerum facere in quam enim consequuntur. Eius voluptas aperiam assumenda impedit dolor rerum.', 1, '2003-04-22 17:33:28', '1978-07-11 01:16:36', 1, 31);
INSERT INTO `messages` (`id`, `from_user_id`, `to_user_id`, `body`, `message_status_id`, `created_at`, `updated_at`, `is_important`, `media_id`) VALUES (32, 44, 96, 'Qui rem dolor deserunt. Nam facere voluptas doloribus culpa dolorum excepturi. Laboriosam iste enim vel omnis accusamus laboriosam.', 2, '1997-09-04 21:32:32', '2002-07-22 06:10:41', 1, 32);
INSERT INTO `messages` (`id`, `from_user_id`, `to_user_id`, `body`, `message_status_id`, `created_at`, `updated_at`, `is_important`, `media_id`) VALUES (33, 54, 95, 'Distinctio aliquid modi aut dignissimos eaque ipsum. Eligendi et ullam voluptas. Facilis tenetur quidem ut. Assumenda cum incidunt qui enim velit. Et in delectus cum.', 3, '1983-11-01 23:18:56', '2012-07-24 19:31:05', 1, 33);
INSERT INTO `messages` (`id`, `from_user_id`, `to_user_id`, `body`, `message_status_id`, `created_at`, `updated_at`, `is_important`, `media_id`) VALUES (34, 27, 95, 'Doloremque ut hic enim libero id aliquam tenetur. Est ut culpa et aut iure mollitia facilis. Neque eos nobis voluptas vel qui quam dolore iure.', 4, '2001-12-18 05:40:47', '2020-03-15 09:21:11', 1, 34);
INSERT INTO `messages` (`id`, `from_user_id`, `to_user_id`, `body`, `message_status_id`, `created_at`, `updated_at`, `is_important`, `media_id`) VALUES (35, 53, 90, 'Nobis ut dolores facilis vitae sunt consequatur nostrum. Nisi aut optio est deserunt expedita tempora. Numquam eum labore illum sed tempore.', 5, '2008-11-30 21:54:55', '1995-09-30 22:33:47', 0, 35);
INSERT INTO `messages` (`id`, `from_user_id`, `to_user_id`, `body`, `message_status_id`, `created_at`, `updated_at`, `is_important`, `media_id`) VALUES (36, 66, 61, 'Molestiae eaque alias perspiciatis aut ea itaque. Eum beatae molestias eaque id aut molestiae quia.', 1, '2013-05-25 08:44:00', '1998-03-17 00:53:54', 1, 36);
INSERT INTO `messages` (`id`, `from_user_id`, `to_user_id`, `body`, `message_status_id`, `created_at`, `updated_at`, `is_important`, `media_id`) VALUES (37, 93, 49, 'Provident et ut vitae recusandae earum. Dolores sit eveniet et numquam praesentium qui quas. Voluptas ut aut error quos sunt dicta necessitatibus. Neque neque omnis ea doloribus mollitia atque assumenda.', 2, '1976-05-16 04:18:42', '2004-09-17 05:26:40', 1, 37);
INSERT INTO `messages` (`id`, `from_user_id`, `to_user_id`, `body`, `message_status_id`, `created_at`, `updated_at`, `is_important`, `media_id`) VALUES (38, 67, 71, 'Et odit sit itaque debitis natus odit. Eligendi nulla eum vero omnis vitae repellat ex. Libero consectetur omnis nobis dolores ad quasi cupiditate. Quo nesciunt qui aliquam.', 3, '2012-01-20 04:52:36', '2018-10-05 19:39:09', 1, 38);
INSERT INTO `messages` (`id`, `from_user_id`, `to_user_id`, `body`, `message_status_id`, `created_at`, `updated_at`, `is_important`, `media_id`) VALUES (39, 92, 19, 'Velit id aut sunt ut debitis. Ipsa molestiae nulla autem inventore omnis nisi quam. Dolor ut quia eos dolor.', 4, '1971-03-21 13:04:55', '1988-10-24 07:56:09', 0, 39);
INSERT INTO `messages` (`id`, `from_user_id`, `to_user_id`, `body`, `message_status_id`, `created_at`, `updated_at`, `is_important`, `media_id`) VALUES (40, 76, 75, 'Laborum quae ipsa odit sit. Incidunt impedit culpa sint error ut culpa neque. Ab deleniti quidem corrupti et.', 5, '1999-08-25 21:21:40', '1980-09-22 09:40:10', 1, 40);
INSERT INTO `messages` (`id`, `from_user_id`, `to_user_id`, `body`, `message_status_id`, `created_at`, `updated_at`, `is_important`, `media_id`) VALUES (41, 97, 74, 'Accusantium et minus possimus et sit voluptatem. Aliquam rem temporibus quae nisi doloribus accusantium cumque. Voluptatem qui dolor alias.', 1, '2010-11-15 10:08:05', '2016-01-16 00:27:30', 0, 41);
INSERT INTO `messages` (`id`, `from_user_id`, `to_user_id`, `body`, `message_status_id`, `created_at`, `updated_at`, `is_important`, `media_id`) VALUES (42, 17, 93, 'Ut vitae possimus ab est sit. Fugiat quo vel eius. Porro voluptas explicabo sunt veritatis laborum doloribus aut.', 2, '2002-09-05 10:03:32', '2000-01-08 11:08:52', 0, 42);
INSERT INTO `messages` (`id`, `from_user_id`, `to_user_id`, `body`, `message_status_id`, `created_at`, `updated_at`, `is_important`, `media_id`) VALUES (43, 41, 92, 'Autem quas voluptatum labore tempora aut earum. Excepturi id temporibus quidem exercitationem. Et ut nostrum mollitia voluptas accusamus vero.', 3, '1983-10-01 23:19:45', '1973-03-15 01:01:15', 1, 43);
INSERT INTO `messages` (`id`, `from_user_id`, `to_user_id`, `body`, `message_status_id`, `created_at`, `updated_at`, `is_important`, `media_id`) VALUES (44, 2, 94, 'Quia consequuntur quasi non asperiores excepturi voluptatem quo. Voluptates quo dolore consectetur nesciunt. Dignissimos voluptas id sit accusantium.', 4, '1986-08-14 07:48:31', '2006-04-28 02:59:49', 1, 44);
INSERT INTO `messages` (`id`, `from_user_id`, `to_user_id`, `body`, `message_status_id`, `created_at`, `updated_at`, `is_important`, `media_id`) VALUES (45, 82, 52, 'Id explicabo nobis optio voluptate. Deserunt provident facere veniam omnis et. Fugiat voluptate ratione nihil itaque quaerat amet et molestiae.', 5, '1985-11-05 13:51:32', '2009-08-14 23:48:09', 0, 45);
INSERT INTO `messages` (`id`, `from_user_id`, `to_user_id`, `body`, `message_status_id`, `created_at`, `updated_at`, `is_important`, `media_id`) VALUES (46, 74, 95, 'Temporibus fugit ratione sit voluptate quas reprehenderit voluptatem. Rerum itaque nostrum earum modi voluptatem aliquid. Aspernatur quo corporis et numquam.', 1, '2019-03-02 05:46:40', '1992-07-08 02:46:45', 0, 46);
INSERT INTO `messages` (`id`, `from_user_id`, `to_user_id`, `body`, `message_status_id`, `created_at`, `updated_at`, `is_important`, `media_id`) VALUES (47, 67, 11, 'Corrupti totam quaerat sapiente qui sint qui. Qui non aliquam voluptas eius consequuntur neque. Debitis ut explicabo sit perferendis occaecati dolorem vel et. Repellat esse et et rerum.', 2, '2015-02-19 07:56:50', '2006-11-14 11:51:48', 1, 47);
INSERT INTO `messages` (`id`, `from_user_id`, `to_user_id`, `body`, `message_status_id`, `created_at`, `updated_at`, `is_important`, `media_id`) VALUES (48, 63, 93, 'Placeat illum autem commodi dolore minus fuga nihil. Ducimus est dolorem repellendus veniam est error corrupti. Iure fugit impedit beatae voluptatem praesentium quia consequatur nesciunt. Quibusdam dicta et adipisci illum.', 3, '2009-02-23 00:30:23', '1976-05-15 07:04:51', 1, 48);
INSERT INTO `messages` (`id`, `from_user_id`, `to_user_id`, `body`, `message_status_id`, `created_at`, `updated_at`, `is_important`, `media_id`) VALUES (49, 95, 54, 'Dolorem atque qui aut commodi. Eum repellendus minima nam sunt aut expedita. Quia autem facere quis quidem quis delectus et ut. Tempore ut omnis commodi.', 4, '1971-09-18 05:58:12', '1986-03-03 04:45:03', 1, 49);
INSERT INTO `messages` (`id`, `from_user_id`, `to_user_id`, `body`, `message_status_id`, `created_at`, `updated_at`, `is_important`, `media_id`) VALUES (50, 10, 34, 'Neque aut eligendi accusantium ut inventore necessitatibus. Et et atque repudiandae ratione earum distinctio quisquam est. Ea aliquid id ea voluptas et sed.', 5, '2011-08-07 01:50:56', '1983-05-29 11:41:58', 0, 50);
INSERT INTO `messages` (`id`, `from_user_id`, `to_user_id`, `body`, `message_status_id`, `created_at`, `updated_at`, `is_important`, `media_id`) VALUES (51, 31, 77, 'Consequatur illum culpa ad autem molestias asperiores. Voluptas tempore eos est nostrum tenetur ducimus temporibus. Omnis et autem voluptas possimus repellat occaecati. Omnis aut cupiditate ut reprehenderit aliquid perspiciatis repellat qui.', 1, '2000-08-23 07:30:03', '1997-08-23 07:45:23', 1, 51);
INSERT INTO `messages` (`id`, `from_user_id`, `to_user_id`, `body`, `message_status_id`, `created_at`, `updated_at`, `is_important`, `media_id`) VALUES (52, 81, 30, 'Nihil dolorum blanditiis neque eius. Nihil odit soluta in ut nisi dicta. Dicta et at tempore. Iusto incidunt ratione voluptatem.', 2, '1973-03-26 21:46:42', '1983-08-23 09:57:19', 0, 52);
INSERT INTO `messages` (`id`, `from_user_id`, `to_user_id`, `body`, `message_status_id`, `created_at`, `updated_at`, `is_important`, `media_id`) VALUES (53, 31, 41, 'Numquam et inventore magnam asperiores doloremque sunt. Nostrum atque quo sed voluptatem ad occaecati.', 3, '2013-07-20 20:56:14', '2007-04-30 11:42:42', 1, 53);
INSERT INTO `messages` (`id`, `from_user_id`, `to_user_id`, `body`, `message_status_id`, `created_at`, `updated_at`, `is_important`, `media_id`) VALUES (54, 14, 77, 'Pariatur enim harum amet et voluptate possimus. Eos excepturi aut recusandae delectus eos omnis. Corporis quasi enim fugiat veritatis aut.', 4, '1972-10-10 18:43:29', '2001-07-28 16:37:18', 0, 54);
INSERT INTO `messages` (`id`, `from_user_id`, `to_user_id`, `body`, `message_status_id`, `created_at`, `updated_at`, `is_important`, `media_id`) VALUES (55, 9, 35, 'Corrupti fugit ad velit ut provident ad sed. Consequuntur nam ipsa doloribus quasi quis. Omnis sed molestias magni adipisci veritatis nemo. Aut ab ut itaque eveniet accusamus doloribus expedita. Eum ratione molestias deserunt non cum.', 5, '2018-06-23 23:24:15', '2012-12-04 16:00:07', 1, 55);
INSERT INTO `messages` (`id`, `from_user_id`, `to_user_id`, `body`, `message_status_id`, `created_at`, `updated_at`, `is_important`, `media_id`) VALUES (56, 22, 48, 'Et eum nesciunt et modi nihil quibusdam. Dolor quia id quo deleniti consequatur quae animi. Nobis et accusamus beatae nostrum. Et laboriosam et sint quas consectetur mollitia.', 1, '2020-11-24 21:41:39', '2006-07-28 19:37:44', 0, 56);
INSERT INTO `messages` (`id`, `from_user_id`, `to_user_id`, `body`, `message_status_id`, `created_at`, `updated_at`, `is_important`, `media_id`) VALUES (57, 34, 78, 'Aperiam explicabo sequi tempora perspiciatis quas. Aliquam iusto voluptas omnis quidem soluta qui dolor quo. Eos nulla et sunt labore praesentium animi consequatur.', 2, '1995-12-02 05:55:29', '2011-09-18 00:22:19', 1, 57);
INSERT INTO `messages` (`id`, `from_user_id`, `to_user_id`, `body`, `message_status_id`, `created_at`, `updated_at`, `is_important`, `media_id`) VALUES (58, 16, 93, 'Vero est ratione ab ut necessitatibus autem et. Quaerat eius in rerum consequuntur commodi.', 3, '2004-05-06 15:33:58', '1996-07-06 11:21:02', 0, 58);
INSERT INTO `messages` (`id`, `from_user_id`, `to_user_id`, `body`, `message_status_id`, `created_at`, `updated_at`, `is_important`, `media_id`) VALUES (59, 26, 95, 'Recusandae aut magni sed esse deserunt voluptatem. Quidem sint nisi laborum delectus commodi laboriosam exercitationem dolor. Sapiente reprehenderit dolorem saepe veniam dolorem.', 4, '1978-10-06 17:57:29', '1995-07-30 09:27:57', 1, 59);
INSERT INTO `messages` (`id`, `from_user_id`, `to_user_id`, `body`, `message_status_id`, `created_at`, `updated_at`, `is_important`, `media_id`) VALUES (60, 79, 10, 'Libero debitis laboriosam nulla ratione accusamus ipsum repellat. Ab ad voluptatibus optio veniam voluptatem rerum maxime. Ratione sit molestias nihil nisi et vitae deleniti non. At officia cupiditate sit.', 5, '1976-03-12 09:31:16', '2006-02-22 15:36:59', 1, 60);
INSERT INTO `messages` (`id`, `from_user_id`, `to_user_id`, `body`, `message_status_id`, `created_at`, `updated_at`, `is_important`, `media_id`) VALUES (61, 99, 30, 'Beatae dolorem nihil et deleniti tenetur ut perferendis. Praesentium numquam aut ea enim quaerat. Velit reiciendis iusto vel deserunt nihil. Non similique dolore inventore ratione.', 1, '1987-12-27 03:44:27', '2000-11-16 10:34:30', 1, 61);
INSERT INTO `messages` (`id`, `from_user_id`, `to_user_id`, `body`, `message_status_id`, `created_at`, `updated_at`, `is_important`, `media_id`) VALUES (62, 81, 5, 'Harum consequatur sed sequi. Repellat et aut repellat. Ad totam omnis saepe doloremque esse vero.', 2, '2003-09-11 07:48:49', '2001-02-24 13:03:50', 0, 62);
INSERT INTO `messages` (`id`, `from_user_id`, `to_user_id`, `body`, `message_status_id`, `created_at`, `updated_at`, `is_important`, `media_id`) VALUES (63, 1, 38, 'Atque distinctio possimus dolores qui voluptas sit repudiandae. Et ut dolorum reprehenderit. Doloribus temporibus maiores cumque in voluptas. Voluptate nobis aut est vitae quo vero accusamus molestiae.', 3, '1975-07-24 07:50:54', '1975-03-15 23:30:48', 1, 63);
INSERT INTO `messages` (`id`, `from_user_id`, `to_user_id`, `body`, `message_status_id`, `created_at`, `updated_at`, `is_important`, `media_id`) VALUES (64, 80, 68, 'Quisquam quod officiis sed architecto sed voluptatibus unde. Omnis omnis aperiam et velit. Eum et fugit deserunt itaque. Qui reiciendis ut deserunt id assumenda non.', 4, '2000-06-15 11:45:33', '2019-12-23 15:37:12', 1, 64);
INSERT INTO `messages` (`id`, `from_user_id`, `to_user_id`, `body`, `message_status_id`, `created_at`, `updated_at`, `is_important`, `media_id`) VALUES (65, 14, 14, 'Veniam cum suscipit incidunt error deserunt velit laborum. Vel non excepturi quaerat culpa. Sed nesciunt qui fuga aut quia.', 5, '1981-03-05 05:00:05', '1995-06-23 15:29:30', 1, 65);
INSERT INTO `messages` (`id`, `from_user_id`, `to_user_id`, `body`, `message_status_id`, `created_at`, `updated_at`, `is_important`, `media_id`) VALUES (66, 62, 32, 'Totam blanditiis consequatur non aperiam ut in tenetur eum. Sunt provident enim sit quae placeat soluta et. Repudiandae quae omnis nostrum. Labore est nostrum voluptatem labore eaque deserunt aut.', 1, '1985-09-11 23:20:30', '1995-04-15 01:25:18', 0, 66);
INSERT INTO `messages` (`id`, `from_user_id`, `to_user_id`, `body`, `message_status_id`, `created_at`, `updated_at`, `is_important`, `media_id`) VALUES (67, 73, 3, 'Inventore sint ut qui saepe voluptas dolorum inventore. Asperiores et ipsam impedit deleniti. Consequatur cum consequuntur exercitationem voluptatem reprehenderit quod libero sapiente.', 2, '1978-11-19 10:05:40', '1993-01-17 20:13:13', 1, 67);
INSERT INTO `messages` (`id`, `from_user_id`, `to_user_id`, `body`, `message_status_id`, `created_at`, `updated_at`, `is_important`, `media_id`) VALUES (68, 20, 3, 'Omnis nostrum quaerat et nemo magni assumenda earum. Dolores corporis facilis ut eum minus mollitia et. Aut reprehenderit odio iure qui tempore.', 3, '1994-09-26 21:48:19', '1987-11-13 19:00:12', 0, 68);
INSERT INTO `messages` (`id`, `from_user_id`, `to_user_id`, `body`, `message_status_id`, `created_at`, `updated_at`, `is_important`, `media_id`) VALUES (69, 62, 48, 'Nihil illum est soluta itaque natus. Quidem similique consequatur veritatis quasi neque est. Est nobis praesentium impedit deserunt.', 4, '2013-10-04 18:58:57', '1989-08-31 16:17:11', 1, 69);
INSERT INTO `messages` (`id`, `from_user_id`, `to_user_id`, `body`, `message_status_id`, `created_at`, `updated_at`, `is_important`, `media_id`) VALUES (70, 74, 81, 'Molestiae velit voluptatem iste quam dolores. Laborum dolor assumenda cum voluptas consequatur quae. Saepe architecto eveniet quis nemo ullam quis.', 5, '1993-07-23 13:24:39', '2011-04-02 20:16:11', 0, 70);
INSERT INTO `messages` (`id`, `from_user_id`, `to_user_id`, `body`, `message_status_id`, `created_at`, `updated_at`, `is_important`, `media_id`) VALUES (71, 68, 53, 'Et praesentium et dolorum in tenetur voluptatem dolor. Quo et voluptatum nisi quaerat eius. Ducimus enim ut unde qui totam sit tempore.', 1, '2007-02-17 15:17:13', '2009-06-13 19:20:13', 1, 71);
INSERT INTO `messages` (`id`, `from_user_id`, `to_user_id`, `body`, `message_status_id`, `created_at`, `updated_at`, `is_important`, `media_id`) VALUES (72, 58, 64, 'Consequatur voluptas atque neque. Odio ullam soluta qui dolorem. Dolorem nisi minus distinctio quo omnis at ullam. Aperiam necessitatibus distinctio ad.', 2, '2013-08-23 08:31:50', '2016-11-09 18:14:40', 1, 72);
INSERT INTO `messages` (`id`, `from_user_id`, `to_user_id`, `body`, `message_status_id`, `created_at`, `updated_at`, `is_important`, `media_id`) VALUES (73, 81, 56, 'Voluptatum sit sed quam est aut. Ratione vel ut ut fugiat libero. Et dolores ad dolores sunt neque. Quia labore laudantium dolor modi cumque.', 3, '1988-01-23 18:25:24', '1993-09-25 09:12:26', 0, 73);
INSERT INTO `messages` (`id`, `from_user_id`, `to_user_id`, `body`, `message_status_id`, `created_at`, `updated_at`, `is_important`, `media_id`) VALUES (74, 64, 42, 'Cum dolorum quod quo ut. Aut amet architecto dolorem. Minima eos voluptatem soluta voluptatem in omnis culpa. Autem omnis et quo non dolore quo deserunt. Eius quasi accusamus molestiae est et sit.', 4, '2011-03-10 04:06:38', '1979-04-02 16:59:24', 1, 74);
INSERT INTO `messages` (`id`, `from_user_id`, `to_user_id`, `body`, `message_status_id`, `created_at`, `updated_at`, `is_important`, `media_id`) VALUES (75, 22, 66, 'Ab ex laudantium eos id deserunt magnam. Rerum sapiente ratione asperiores illo quae animi. Ullam voluptatum ad in maiores. Rerum laboriosam nobis quia aperiam et beatae voluptas.', 5, '2018-05-12 00:29:00', '2001-02-03 04:11:00', 0, 75);
INSERT INTO `messages` (`id`, `from_user_id`, `to_user_id`, `body`, `message_status_id`, `created_at`, `updated_at`, `is_important`, `media_id`) VALUES (76, 41, 86, 'Necessitatibus esse consequatur ut excepturi quia aliquid. Vitae aut eius maiores sint et quas et. Atque saepe qui reiciendis quia voluptas voluptatem quisquam.', 1, '1989-07-16 09:35:52', '1973-02-06 12:07:28', 0, 76);
INSERT INTO `messages` (`id`, `from_user_id`, `to_user_id`, `body`, `message_status_id`, `created_at`, `updated_at`, `is_important`, `media_id`) VALUES (77, 43, 25, 'Et commodi molestiae doloremque. Est doloribus consequuntur sint. Quos id ut ducimus temporibus. Culpa porro exercitationem ea voluptatem et suscipit.', 2, '1989-02-24 21:58:54', '2015-12-16 19:25:42', 1, 77);
INSERT INTO `messages` (`id`, `from_user_id`, `to_user_id`, `body`, `message_status_id`, `created_at`, `updated_at`, `is_important`, `media_id`) VALUES (78, 93, 59, 'Dolore cupiditate maiores et omnis. Vel id esse reprehenderit. Iste aliquid ut voluptatibus consequatur optio accusamus. Veritatis magni accusantium harum et.', 3, '1971-11-14 01:54:50', '2018-07-23 12:40:22', 0, 78);
INSERT INTO `messages` (`id`, `from_user_id`, `to_user_id`, `body`, `message_status_id`, `created_at`, `updated_at`, `is_important`, `media_id`) VALUES (79, 26, 17, 'Sunt laudantium dolorem maiores aut. Sequi similique consequuntur eum in beatae tenetur.', 4, '2015-09-13 15:52:29', '1985-02-10 12:16:49', 1, 79);
INSERT INTO `messages` (`id`, `from_user_id`, `to_user_id`, `body`, `message_status_id`, `created_at`, `updated_at`, `is_important`, `media_id`) VALUES (80, 19, 45, 'Aliquam ullam laudantium ducimus consectetur nulla. Nihil repudiandae culpa at in ut cupiditate. Odio possimus quisquam accusantium sunt nesciunt est. Dignissimos quisquam ut qui atque est.', 5, '2003-05-25 16:10:27', '2017-02-11 15:09:23', 0, 80);
INSERT INTO `messages` (`id`, `from_user_id`, `to_user_id`, `body`, `message_status_id`, `created_at`, `updated_at`, `is_important`, `media_id`) VALUES (81, 70, 98, 'Dignissimos est qui assumenda. Ut dolorum corrupti eos praesentium quia esse. Fugiat non iste quas quis quibusdam amet eligendi. Omnis nisi temporibus aliquam sunt qui possimus voluptatum ut.', 1, '1984-06-18 11:22:54', '1987-05-29 23:41:01', 0, 81);
INSERT INTO `messages` (`id`, `from_user_id`, `to_user_id`, `body`, `message_status_id`, `created_at`, `updated_at`, `is_important`, `media_id`) VALUES (82, 87, 45, 'Est inventore quaerat quia delectus occaecati omnis ipsam ea. Ut incidunt qui rem accusantium. Ad dolorum et quibusdam in quae est.', 2, '1972-03-19 10:53:11', '1971-05-22 22:04:58', 0, 82);
INSERT INTO `messages` (`id`, `from_user_id`, `to_user_id`, `body`, `message_status_id`, `created_at`, `updated_at`, `is_important`, `media_id`) VALUES (83, 96, 83, 'Ut eos fuga autem perferendis similique sit. Porro nihil ea quis et provident dicta. Autem porro placeat recusandae voluptas. Suscipit voluptas repellendus culpa quia. Vero esse tenetur maxime voluptas et pariatur.', 3, '1980-08-15 14:03:19', '1978-04-26 06:08:11', 1, 83);
INSERT INTO `messages` (`id`, `from_user_id`, `to_user_id`, `body`, `message_status_id`, `created_at`, `updated_at`, `is_important`, `media_id`) VALUES (84, 28, 23, 'Exercitationem totam soluta veniam culpa dignissimos deserunt. Odit sint et vitae provident. Illo ut animi id consequatur.', 4, '1996-01-08 19:26:25', '1978-05-31 05:22:56', 1, 84);
INSERT INTO `messages` (`id`, `from_user_id`, `to_user_id`, `body`, `message_status_id`, `created_at`, `updated_at`, `is_important`, `media_id`) VALUES (85, 82, 68, 'Et et commodi animi consequatur ut sunt. Sunt voluptatem voluptas fugit et ipsam recusandae doloribus laboriosam. Omnis omnis quibusdam non provident ea ut.', 5, '2020-01-27 10:09:30', '2008-02-09 22:53:20', 1, 85);
INSERT INTO `messages` (`id`, `from_user_id`, `to_user_id`, `body`, `message_status_id`, `created_at`, `updated_at`, `is_important`, `media_id`) VALUES (86, 79, 94, 'In neque ipsum voluptas praesentium cum illo. Delectus veritatis modi corrupti recusandae. Qui magnam alias consequuntur quia quod ut.', 1, '2000-07-07 12:37:11', '1978-10-15 21:31:28', 0, 86);
INSERT INTO `messages` (`id`, `from_user_id`, `to_user_id`, `body`, `message_status_id`, `created_at`, `updated_at`, `is_important`, `media_id`) VALUES (87, 48, 32, 'Non blanditiis commodi ab sequi aut sit qui. Dolor modi qui laborum et dolorem consequatur earum. Hic vero deleniti nemo. Reprehenderit et veniam sed.', 2, '1971-12-27 10:22:48', '1986-01-15 14:19:21', 1, 87);
INSERT INTO `messages` (`id`, `from_user_id`, `to_user_id`, `body`, `message_status_id`, `created_at`, `updated_at`, `is_important`, `media_id`) VALUES (88, 38, 97, 'Rerum dolorem ab sint laborum. Aut magni dicta ipsa ratione sit possimus rerum dolores.', 3, '1971-05-08 20:50:17', '1992-07-21 13:34:14', 1, 88);
INSERT INTO `messages` (`id`, `from_user_id`, `to_user_id`, `body`, `message_status_id`, `created_at`, `updated_at`, `is_important`, `media_id`) VALUES (89, 78, 11, 'Officia quia aut accusamus laborum sequi. Eaque et magni voluptate exercitationem rem. Velit et assumenda quisquam aliquid nihil excepturi. Ipsam animi vel at sed est.', 4, '1989-09-30 00:17:42', '2018-12-05 06:31:26', 1, 89);
INSERT INTO `messages` (`id`, `from_user_id`, `to_user_id`, `body`, `message_status_id`, `created_at`, `updated_at`, `is_important`, `media_id`) VALUES (90, 23, 31, 'Sapiente non voluptates sed. Praesentium ad minima exercitationem non in sapiente sit. Quia facilis eos quidem autem doloribus. Nemo molestiae corporis nihil error itaque.', 5, '2019-11-14 02:33:42', '2014-12-09 14:44:54', 1, 90);
INSERT INTO `messages` (`id`, `from_user_id`, `to_user_id`, `body`, `message_status_id`, `created_at`, `updated_at`, `is_important`, `media_id`) VALUES (91, 89, 24, 'Qui a blanditiis omnis magni omnis. Iure unde ut ut corrupti. Exercitationem consequatur iusto repellendus optio excepturi debitis.', 1, '2010-03-14 01:51:18', '1997-01-30 05:57:48', 1, 91);
INSERT INTO `messages` (`id`, `from_user_id`, `to_user_id`, `body`, `message_status_id`, `created_at`, `updated_at`, `is_important`, `media_id`) VALUES (92, 54, 21, 'Sapiente laudantium aut quia itaque. Voluptatem quia consequatur sint quia eos. Qui omnis ad quia amet maxime. Perferendis et laborum officiis esse consectetur perspiciatis. Rerum repudiandae id perferendis.', 2, '1978-01-23 02:34:00', '2003-06-30 09:32:05', 0, 92);
INSERT INTO `messages` (`id`, `from_user_id`, `to_user_id`, `body`, `message_status_id`, `created_at`, `updated_at`, `is_important`, `media_id`) VALUES (93, 68, 10, 'Ullam rem voluptatem aspernatur voluptatem fuga dignissimos dolorem. Ea doloribus repellendus aut sed placeat illo. Dolorum ratione veritatis eum provident. Ratione et est eligendi hic adipisci eveniet est repellat.', 3, '2015-02-10 09:25:24', '2002-06-26 16:49:51', 1, 93);
INSERT INTO `messages` (`id`, `from_user_id`, `to_user_id`, `body`, `message_status_id`, `created_at`, `updated_at`, `is_important`, `media_id`) VALUES (94, 38, 41, 'Ut nulla esse sit. Ab quos excepturi suscipit. Qui incidunt dolorem provident occaecati.', 4, '1988-04-12 10:11:59', '1979-12-04 16:49:56', 1, 94);
INSERT INTO `messages` (`id`, `from_user_id`, `to_user_id`, `body`, `message_status_id`, `created_at`, `updated_at`, `is_important`, `media_id`) VALUES (95, 46, 52, 'Sit vitae eum architecto mollitia voluptates hic. Esse ducimus ut nostrum iusto quibusdam quisquam quis tenetur. Aliquid sunt est aspernatur eligendi in quia non.', 5, '1989-09-15 18:28:02', '1991-06-15 22:29:41', 1, 95);
INSERT INTO `messages` (`id`, `from_user_id`, `to_user_id`, `body`, `message_status_id`, `created_at`, `updated_at`, `is_important`, `media_id`) VALUES (96, 16, 53, 'Et hic aliquam in et esse nemo ullam autem. Sequi deserunt unde corrupti est maiores ea ipsam. Quis ex facere ut a. Nam est eveniet cum quasi atque deserunt ullam.', 1, '2008-11-22 05:32:19', '1971-04-13 02:38:03', 1, 96);
INSERT INTO `messages` (`id`, `from_user_id`, `to_user_id`, `body`, `message_status_id`, `created_at`, `updated_at`, `is_important`, `media_id`) VALUES (97, 8, 54, 'Cupiditate nobis ut non inventore animi. Ad accusamus mollitia voluptas molestiae rerum sed temporibus quod. Ab minima aut labore officia esse sint dolorem.', 2, '1980-10-03 21:27:49', '2004-05-21 00:32:28', 1, 97);
INSERT INTO `messages` (`id`, `from_user_id`, `to_user_id`, `body`, `message_status_id`, `created_at`, `updated_at`, `is_important`, `media_id`) VALUES (98, 50, 43, 'Voluptate corrupti quasi dignissimos officia. Perspiciatis ex quae consequuntur voluptatem. Aut temporibus amet et occaecati et qui ut.', 3, '1976-04-13 07:17:57', '2011-03-17 17:58:44', 1, 98);
INSERT INTO `messages` (`id`, `from_user_id`, `to_user_id`, `body`, `message_status_id`, `created_at`, `updated_at`, `is_important`, `media_id`) VALUES (99, 51, 60, 'Fuga sunt dolore non est aut possimus. Qui necessitatibus cumque tenetur. Quidem et occaecati ut voluptatem expedita et atque consequuntur.', 4, '1995-03-15 19:56:11', '2009-11-07 13:19:17', 1, 99);
INSERT INTO `messages` (`id`, `from_user_id`, `to_user_id`, `body`, `message_status_id`, `created_at`, `updated_at`, `is_important`, `media_id`) VALUES (100, 89, 65, 'Sequi non sint distinctio sit omnis. Hic magnam sed iusto aut dolores quibusdam sed nihil. Minima et commodi consectetur omnis. Pariatur aliquam consequuntur quae. Sed sed mollitia mollitia aspernatur iste culpa.', 5, '1992-05-15 14:33:51', '1979-05-14 09:10:06', 0, 100);

INSERT INTO `entity_types` (`id`, `name`, `created_at`, `updated_at`) VALUES (1, 'repellendus', '1984-01-05 02:04:26', '2003-12-19 07:21:25');
INSERT INTO `entity_types` (`id`, `name`, `created_at`, `updated_at`) VALUES (2, 'iusto', '1972-08-18 08:56:04', '1991-06-30 10:43:19');
INSERT INTO `entity_types` (`id`, `name`, `created_at`, `updated_at`) VALUES (3, 'nesciunt', '2011-09-12 02:33:54', '2003-06-11 12:38:26');
INSERT INTO `entity_types` (`id`, `name`, `created_at`, `updated_at`) VALUES (4, 'dicta', '1996-09-03 16:36:45', '2007-05-01 06:58:53');
INSERT INTO `entity_types` (`id`, `name`, `created_at`, `updated_at`) VALUES (5, 'minus', '1993-02-21 00:36:08', '1995-05-30 10:05:06');
INSERT INTO `entity_types` (`id`, `name`, `created_at`, `updated_at`) VALUES (6, 'aliquid', '1984-06-28 16:14:24', '2014-04-05 19:30:24');
INSERT INTO `entity_types` (`id`, `name`, `created_at`, `updated_at`) VALUES (7, 'voluptatum', '2010-05-25 16:00:33', '1999-07-11 03:03:43');
INSERT INTO `entity_types` (`id`, `name`, `created_at`, `updated_at`) VALUES (8, 'dolor', '1981-03-07 18:31:53', '1977-10-23 06:19:56');
INSERT INTO `entity_types` (`id`, `name`, `created_at`, `updated_at`) VALUES (9, 'sequi', '1986-09-06 18:36:07', '1994-08-19 21:58:25');
INSERT INTO `entity_types` (`id`, `name`, `created_at`, `updated_at`) VALUES (10, 'pariatur', '1978-04-22 06:57:59', '2019-05-08 18:21:18');

INSERT INTO `likes_media` (`id`, `user_id`, `media_id`, `created_at`, `updated_at`) VALUES (1, 52, 25, '1985-02-25 04:20:33', '1978-10-18 00:59:12');
INSERT INTO `likes_media` (`id`, `user_id`, `media_id`, `created_at`, `updated_at`) VALUES (2, 32, 38, '2012-06-16 13:26:13', '1988-10-01 05:06:44');
INSERT INTO `likes_media` (`id`, `user_id`, `media_id`, `created_at`, `updated_at`) VALUES (3, 46, 16, '2020-09-30 02:09:00', '2006-04-10 17:46:11');
INSERT INTO `likes_media` (`id`, `user_id`, `media_id`, `created_at`, `updated_at`) VALUES (4, 56, 89, '1987-04-25 07:17:36', '2001-06-24 00:14:02');
INSERT INTO `likes_media` (`id`, `user_id`, `media_id`, `created_at`, `updated_at`) VALUES (5, 45, 64, '1990-06-01 11:22:41', '2012-03-14 11:51:28');
INSERT INTO `likes_media` (`id`, `user_id`, `media_id`, `created_at`, `updated_at`) VALUES (6, 28, 53, '1996-06-13 08:08:57', '2019-02-01 19:52:55');
INSERT INTO `likes_media` (`id`, `user_id`, `media_id`, `created_at`, `updated_at`) VALUES (7, 47, 32, '1998-08-03 17:32:32', '1974-02-06 18:40:25');
INSERT INTO `likes_media` (`id`, `user_id`, `media_id`, `created_at`, `updated_at`) VALUES (8, 89, 31, '2019-12-19 00:40:39', '1981-08-29 13:02:08');
INSERT INTO `likes_media` (`id`, `user_id`, `media_id`, `created_at`, `updated_at`) VALUES (9, 50, 15, '2003-02-16 13:45:42', '2002-06-15 03:28:37');
INSERT INTO `likes_media` (`id`, `user_id`, `media_id`, `created_at`, `updated_at`) VALUES (10, 49, 37, '1986-07-28 05:47:28', '1993-01-22 06:48:48');
INSERT INTO `likes_media` (`id`, `user_id`, `media_id`, `created_at`, `updated_at`) VALUES (11, 80, 43, '1978-02-07 22:38:20', '2014-03-20 07:41:53');
INSERT INTO `likes_media` (`id`, `user_id`, `media_id`, `created_at`, `updated_at`) VALUES (12, 8, 100, '1975-06-14 13:59:12', '1991-08-03 20:01:13');
INSERT INTO `likes_media` (`id`, `user_id`, `media_id`, `created_at`, `updated_at`) VALUES (13, 89, 66, '1984-04-02 21:02:02', '1992-02-02 02:01:50');
INSERT INTO `likes_media` (`id`, `user_id`, `media_id`, `created_at`, `updated_at`) VALUES (14, 8, 1, '2012-11-10 02:51:51', '2003-06-14 12:11:02');
INSERT INTO `likes_media` (`id`, `user_id`, `media_id`, `created_at`, `updated_at`) VALUES (15, 16, 70, '1976-11-19 12:50:12', '1971-03-18 16:33:41');
INSERT INTO `likes_media` (`id`, `user_id`, `media_id`, `created_at`, `updated_at`) VALUES (16, 89, 20, '1984-03-09 22:17:01', '1971-01-04 23:58:12');
INSERT INTO `likes_media` (`id`, `user_id`, `media_id`, `created_at`, `updated_at`) VALUES (17, 20, 52, '1978-04-02 19:11:20', '1988-03-17 10:40:18');
INSERT INTO `likes_media` (`id`, `user_id`, `media_id`, `created_at`, `updated_at`) VALUES (18, 43, 37, '1975-10-25 03:30:31', '1976-06-17 19:32:31');
INSERT INTO `likes_media` (`id`, `user_id`, `media_id`, `created_at`, `updated_at`) VALUES (19, 58, 49, '1999-03-09 14:14:54', '1972-11-04 19:45:55');
INSERT INTO `likes_media` (`id`, `user_id`, `media_id`, `created_at`, `updated_at`) VALUES (20, 21, 19, '2014-12-01 11:18:48', '1991-10-06 21:36:42');
INSERT INTO `likes_media` (`id`, `user_id`, `media_id`, `created_at`, `updated_at`) VALUES (21, 77, 56, '1990-02-24 01:03:35', '1990-07-11 12:36:48');
INSERT INTO `likes_media` (`id`, `user_id`, `media_id`, `created_at`, `updated_at`) VALUES (22, 84, 3, '2002-02-09 07:34:57', '1981-10-30 06:42:41');
INSERT INTO `likes_media` (`id`, `user_id`, `media_id`, `created_at`, `updated_at`) VALUES (23, 10, 55, '2002-07-30 14:07:51', '1990-04-21 14:13:45');
INSERT INTO `likes_media` (`id`, `user_id`, `media_id`, `created_at`, `updated_at`) VALUES (24, 14, 91, '2004-12-16 04:11:47', '1979-09-26 00:48:28');
INSERT INTO `likes_media` (`id`, `user_id`, `media_id`, `created_at`, `updated_at`) VALUES (25, 82, 75, '1982-04-15 21:56:10', '2006-09-12 15:52:50');
INSERT INTO `likes_media` (`id`, `user_id`, `media_id`, `created_at`, `updated_at`) VALUES (26, 41, 34, '1984-03-28 11:14:15', '1974-10-04 05:05:41');
INSERT INTO `likes_media` (`id`, `user_id`, `media_id`, `created_at`, `updated_at`) VALUES (27, 75, 77, '2003-01-03 05:37:43', '1994-06-17 00:30:25');
INSERT INTO `likes_media` (`id`, `user_id`, `media_id`, `created_at`, `updated_at`) VALUES (28, 31, 68, '2016-08-10 18:05:01', '1999-01-21 17:16:26');
INSERT INTO `likes_media` (`id`, `user_id`, `media_id`, `created_at`, `updated_at`) VALUES (29, 11, 75, '2008-08-31 22:40:01', '2013-11-02 23:50:36');
INSERT INTO `likes_media` (`id`, `user_id`, `media_id`, `created_at`, `updated_at`) VALUES (30, 80, 73, '2002-05-20 10:10:19', '1977-12-28 13:17:56');
INSERT INTO `likes_media` (`id`, `user_id`, `media_id`, `created_at`, `updated_at`) VALUES (31, 70, 53, '2000-08-20 02:42:40', '1980-02-04 03:52:06');
INSERT INTO `likes_media` (`id`, `user_id`, `media_id`, `created_at`, `updated_at`) VALUES (32, 74, 55, '2006-01-30 08:55:32', '2012-10-12 18:31:45');
INSERT INTO `likes_media` (`id`, `user_id`, `media_id`, `created_at`, `updated_at`) VALUES (33, 42, 72, '1971-02-01 12:31:02', '1984-09-28 04:15:49');
INSERT INTO `likes_media` (`id`, `user_id`, `media_id`, `created_at`, `updated_at`) VALUES (34, 81, 74, '1993-11-09 09:46:46', '1997-07-19 14:30:25');
INSERT INTO `likes_media` (`id`, `user_id`, `media_id`, `created_at`, `updated_at`) VALUES (35, 84, 44, '1977-11-02 09:42:57', '1971-04-22 04:54:30');
INSERT INTO `likes_media` (`id`, `user_id`, `media_id`, `created_at`, `updated_at`) VALUES (36, 30, 92, '1993-07-01 18:21:37', '2006-02-07 23:27:43');
INSERT INTO `likes_media` (`id`, `user_id`, `media_id`, `created_at`, `updated_at`) VALUES (37, 10, 68, '2018-08-08 21:49:50', '2018-10-03 00:54:50');
INSERT INTO `likes_media` (`id`, `user_id`, `media_id`, `created_at`, `updated_at`) VALUES (38, 61, 27, '2002-02-18 14:43:51', '2019-10-07 23:10:38');
INSERT INTO `likes_media` (`id`, `user_id`, `media_id`, `created_at`, `updated_at`) VALUES (39, 49, 79, '2021-03-16 22:30:35', '1974-09-21 04:49:03');
INSERT INTO `likes_media` (`id`, `user_id`, `media_id`, `created_at`, `updated_at`) VALUES (40, 16, 88, '2005-11-06 11:50:58', '2015-06-08 10:17:21');
INSERT INTO `likes_media` (`id`, `user_id`, `media_id`, `created_at`, `updated_at`) VALUES (41, 3, 33, '2011-03-09 16:49:17', '2008-12-08 19:28:06');
INSERT INTO `likes_media` (`id`, `user_id`, `media_id`, `created_at`, `updated_at`) VALUES (42, 87, 96, '1981-02-20 19:44:41', '1980-06-08 02:56:50');
INSERT INTO `likes_media` (`id`, `user_id`, `media_id`, `created_at`, `updated_at`) VALUES (43, 57, 79, '2011-01-01 11:45:04', '1987-11-17 09:02:30');
INSERT INTO `likes_media` (`id`, `user_id`, `media_id`, `created_at`, `updated_at`) VALUES (44, 100, 87, '2008-03-12 00:24:26', '2013-11-27 07:20:13');
INSERT INTO `likes_media` (`id`, `user_id`, `media_id`, `created_at`, `updated_at`) VALUES (45, 66, 86, '2005-03-10 17:55:22', '1971-07-25 15:27:59');
INSERT INTO `likes_media` (`id`, `user_id`, `media_id`, `created_at`, `updated_at`) VALUES (46, 76, 51, '1999-05-05 16:44:40', '2009-03-28 07:39:36');
INSERT INTO `likes_media` (`id`, `user_id`, `media_id`, `created_at`, `updated_at`) VALUES (47, 26, 79, '2013-11-14 02:28:59', '1995-06-25 17:29:19');
INSERT INTO `likes_media` (`id`, `user_id`, `media_id`, `created_at`, `updated_at`) VALUES (48, 58, 84, '2014-12-23 23:12:48', '1977-01-26 09:21:55');
INSERT INTO `likes_media` (`id`, `user_id`, `media_id`, `created_at`, `updated_at`) VALUES (49, 63, 36, '1976-09-11 11:18:49', '2009-06-07 21:27:40');
INSERT INTO `likes_media` (`id`, `user_id`, `media_id`, `created_at`, `updated_at`) VALUES (50, 62, 6, '2010-02-02 17:39:21', '2008-07-06 17:46:46');
INSERT INTO `likes_media` (`id`, `user_id`, `media_id`, `created_at`, `updated_at`) VALUES (51, 44, 99, '1997-05-03 16:02:42', '1996-08-11 05:43:33');
INSERT INTO `likes_media` (`id`, `user_id`, `media_id`, `created_at`, `updated_at`) VALUES (52, 31, 69, '2010-03-06 16:40:08', '1988-08-11 19:30:20');
INSERT INTO `likes_media` (`id`, `user_id`, `media_id`, `created_at`, `updated_at`) VALUES (53, 27, 31, '1978-09-06 14:39:35', '2006-12-23 20:01:08');
INSERT INTO `likes_media` (`id`, `user_id`, `media_id`, `created_at`, `updated_at`) VALUES (54, 92, 59, '2004-01-11 17:08:13', '1991-08-27 14:23:22');
INSERT INTO `likes_media` (`id`, `user_id`, `media_id`, `created_at`, `updated_at`) VALUES (55, 88, 2, '1983-09-23 21:20:43', '2014-06-10 13:05:35');
INSERT INTO `likes_media` (`id`, `user_id`, `media_id`, `created_at`, `updated_at`) VALUES (56, 66, 67, '1979-05-06 12:53:25', '1993-08-06 16:37:15');
INSERT INTO `likes_media` (`id`, `user_id`, `media_id`, `created_at`, `updated_at`) VALUES (57, 95, 87, '1979-09-15 16:26:59', '1990-09-26 11:14:09');
INSERT INTO `likes_media` (`id`, `user_id`, `media_id`, `created_at`, `updated_at`) VALUES (58, 77, 71, '1983-03-27 14:28:26', '1984-05-09 14:49:30');
INSERT INTO `likes_media` (`id`, `user_id`, `media_id`, `created_at`, `updated_at`) VALUES (59, 74, 43, '1982-01-12 15:34:46', '2014-07-01 22:48:36');
INSERT INTO `likes_media` (`id`, `user_id`, `media_id`, `created_at`, `updated_at`) VALUES (60, 22, 79, '2020-03-05 09:08:57', '2010-05-09 16:21:13');
INSERT INTO `likes_media` (`id`, `user_id`, `media_id`, `created_at`, `updated_at`) VALUES (61, 45, 4, '2006-01-11 17:14:06', '2006-06-14 15:24:58');
INSERT INTO `likes_media` (`id`, `user_id`, `media_id`, `created_at`, `updated_at`) VALUES (62, 11, 53, '2010-12-17 00:04:26', '2006-08-14 12:46:44');
INSERT INTO `likes_media` (`id`, `user_id`, `media_id`, `created_at`, `updated_at`) VALUES (63, 91, 64, '1993-06-19 13:20:02', '2007-09-23 11:09:19');
INSERT INTO `likes_media` (`id`, `user_id`, `media_id`, `created_at`, `updated_at`) VALUES (64, 27, 99, '1981-07-09 17:33:40', '1978-02-04 00:26:29');
INSERT INTO `likes_media` (`id`, `user_id`, `media_id`, `created_at`, `updated_at`) VALUES (65, 69, 40, '1976-06-08 21:33:47', '1998-12-20 09:01:26');
INSERT INTO `likes_media` (`id`, `user_id`, `media_id`, `created_at`, `updated_at`) VALUES (66, 52, 95, '2010-02-12 16:45:13', '1974-05-21 02:32:10');
INSERT INTO `likes_media` (`id`, `user_id`, `media_id`, `created_at`, `updated_at`) VALUES (67, 48, 22, '1979-04-27 14:00:49', '1984-04-26 00:55:02');
INSERT INTO `likes_media` (`id`, `user_id`, `media_id`, `created_at`, `updated_at`) VALUES (68, 22, 17, '2018-11-19 16:45:21', '1973-08-10 18:14:03');
INSERT INTO `likes_media` (`id`, `user_id`, `media_id`, `created_at`, `updated_at`) VALUES (69, 64, 43, '2012-05-14 16:52:03', '1984-07-20 12:41:17');
INSERT INTO `likes_media` (`id`, `user_id`, `media_id`, `created_at`, `updated_at`) VALUES (70, 88, 30, '1977-10-08 02:25:39', '1979-01-31 23:43:23');
INSERT INTO `likes_media` (`id`, `user_id`, `media_id`, `created_at`, `updated_at`) VALUES (71, 58, 38, '2013-05-25 16:07:12', '1970-02-01 01:51:11');
INSERT INTO `likes_media` (`id`, `user_id`, `media_id`, `created_at`, `updated_at`) VALUES (72, 11, 40, '1981-05-10 10:42:40', '2017-08-27 02:26:44');
INSERT INTO `likes_media` (`id`, `user_id`, `media_id`, `created_at`, `updated_at`) VALUES (73, 20, 96, '2014-04-16 13:11:10', '1978-04-27 18:12:20');
INSERT INTO `likes_media` (`id`, `user_id`, `media_id`, `created_at`, `updated_at`) VALUES (74, 91, 32, '2017-09-19 01:06:16', '2003-02-23 17:25:48');
INSERT INTO `likes_media` (`id`, `user_id`, `media_id`, `created_at`, `updated_at`) VALUES (75, 76, 6, '1991-09-04 16:51:36', '2002-12-15 06:35:22');
INSERT INTO `likes_media` (`id`, `user_id`, `media_id`, `created_at`, `updated_at`) VALUES (76, 46, 30, '1999-07-29 07:10:51', '1995-02-25 13:26:16');
INSERT INTO `likes_media` (`id`, `user_id`, `media_id`, `created_at`, `updated_at`) VALUES (77, 10, 84, '1973-03-15 08:30:49', '1975-05-08 21:50:15');
INSERT INTO `likes_media` (`id`, `user_id`, `media_id`, `created_at`, `updated_at`) VALUES (78, 40, 4, '1975-05-12 00:42:02', '1984-06-24 21:49:07');
INSERT INTO `likes_media` (`id`, `user_id`, `media_id`, `created_at`, `updated_at`) VALUES (79, 91, 43, '2005-06-08 12:06:44', '1979-08-14 09:03:43');
INSERT INTO `likes_media` (`id`, `user_id`, `media_id`, `created_at`, `updated_at`) VALUES (80, 56, 51, '1986-08-15 04:40:26', '1978-08-08 06:19:08');
INSERT INTO `likes_media` (`id`, `user_id`, `media_id`, `created_at`, `updated_at`) VALUES (81, 82, 84, '1995-05-08 01:19:36', '2005-10-20 17:40:06');
INSERT INTO `likes_media` (`id`, `user_id`, `media_id`, `created_at`, `updated_at`) VALUES (82, 87, 2, '2015-05-06 16:29:04', '1993-08-09 13:52:51');
INSERT INTO `likes_media` (`id`, `user_id`, `media_id`, `created_at`, `updated_at`) VALUES (83, 32, 41, '1994-03-19 09:38:51', '2001-07-14 23:41:33');
INSERT INTO `likes_media` (`id`, `user_id`, `media_id`, `created_at`, `updated_at`) VALUES (84, 13, 19, '2002-01-12 13:38:48', '2012-01-31 19:14:51');
INSERT INTO `likes_media` (`id`, `user_id`, `media_id`, `created_at`, `updated_at`) VALUES (85, 80, 26, '2016-05-13 11:20:51', '1989-01-15 14:01:47');
INSERT INTO `likes_media` (`id`, `user_id`, `media_id`, `created_at`, `updated_at`) VALUES (86, 58, 59, '1991-10-22 23:13:05', '2005-11-15 06:14:57');
INSERT INTO `likes_media` (`id`, `user_id`, `media_id`, `created_at`, `updated_at`) VALUES (87, 57, 56, '1989-02-04 10:47:49', '2012-03-24 10:01:06');
INSERT INTO `likes_media` (`id`, `user_id`, `media_id`, `created_at`, `updated_at`) VALUES (88, 71, 77, '1985-08-13 15:37:39', '2001-04-21 19:18:43');
INSERT INTO `likes_media` (`id`, `user_id`, `media_id`, `created_at`, `updated_at`) VALUES (89, 52, 83, '1996-02-27 07:39:46', '1984-07-05 02:54:56');
INSERT INTO `likes_media` (`id`, `user_id`, `media_id`, `created_at`, `updated_at`) VALUES (90, 33, 78, '1982-06-05 14:24:38', '2012-04-23 04:34:39');
INSERT INTO `likes_media` (`id`, `user_id`, `media_id`, `created_at`, `updated_at`) VALUES (91, 11, 98, '1974-01-04 15:03:44', '2015-02-02 18:31:18');
INSERT INTO `likes_media` (`id`, `user_id`, `media_id`, `created_at`, `updated_at`) VALUES (92, 68, 42, '2018-09-19 10:02:08', '2011-10-22 20:47:19');
INSERT INTO `likes_media` (`id`, `user_id`, `media_id`, `created_at`, `updated_at`) VALUES (93, 44, 72, '1992-12-13 20:12:03', '2010-01-27 01:05:31');
INSERT INTO `likes_media` (`id`, `user_id`, `media_id`, `created_at`, `updated_at`) VALUES (94, 76, 61, '1987-11-22 10:09:31', '1981-05-30 21:16:15');
INSERT INTO `likes_media` (`id`, `user_id`, `media_id`, `created_at`, `updated_at`) VALUES (95, 31, 50, '2009-07-12 01:02:14', '1971-04-02 17:15:57');
INSERT INTO `likes_media` (`id`, `user_id`, `media_id`, `created_at`, `updated_at`) VALUES (96, 22, 82, '2021-02-09 19:37:10', '1987-12-07 04:21:59');
INSERT INTO `likes_media` (`id`, `user_id`, `media_id`, `created_at`, `updated_at`) VALUES (97, 33, 67, '2015-10-17 23:40:10', '1991-05-22 23:27:42');
INSERT INTO `likes_media` (`id`, `user_id`, `media_id`, `created_at`, `updated_at`) VALUES (98, 76, 38, '1971-05-31 07:35:48', '2012-11-10 20:55:54');
INSERT INTO `likes_media` (`id`, `user_id`, `media_id`, `created_at`, `updated_at`) VALUES (99, 15, 98, '2020-03-18 08:05:01', '1986-06-16 10:56:56');
INSERT INTO `likes_media` (`id`, `user_id`, `media_id`, `created_at`, `updated_at`) VALUES (100, 87, 77, '2002-08-01 20:32:01', '1970-05-01 12:21:50');

INSERT INTO `likes_person` (`id`, `user_id`, `person_id`, `created_at`, `updated_at`) VALUES (1, 7, 95, '1979-01-24 17:11:20', '1986-01-30 03:02:26');
INSERT INTO `likes_person` (`id`, `user_id`, `person_id`, `created_at`, `updated_at`) VALUES (2, 43, 99, '1995-08-16 12:34:46', '2010-05-27 23:33:33');
INSERT INTO `likes_person` (`id`, `user_id`, `person_id`, `created_at`, `updated_at`) VALUES (3, 54, 32, '1994-08-13 13:18:00', '2001-09-01 09:23:13');
INSERT INTO `likes_person` (`id`, `user_id`, `person_id`, `created_at`, `updated_at`) VALUES (4, 95, 1, '1989-02-02 23:37:34', '2000-08-16 13:13:36');
INSERT INTO `likes_person` (`id`, `user_id`, `person_id`, `created_at`, `updated_at`) VALUES (5, 99, 57, '2013-12-26 17:09:47', '2003-01-28 14:27:29');
INSERT INTO `likes_person` (`id`, `user_id`, `person_id`, `created_at`, `updated_at`) VALUES (6, 46, 76, '2000-04-22 07:12:47', '1995-07-19 14:03:45');
INSERT INTO `likes_person` (`id`, `user_id`, `person_id`, `created_at`, `updated_at`) VALUES (7, 94, 22, '2009-09-16 21:04:54', '1970-05-20 09:50:53');
INSERT INTO `likes_person` (`id`, `user_id`, `person_id`, `created_at`, `updated_at`) VALUES (8, 47, 48, '1986-06-16 15:59:25', '2018-03-16 16:20:40');
INSERT INTO `likes_person` (`id`, `user_id`, `person_id`, `created_at`, `updated_at`) VALUES (9, 73, 19, '2007-04-17 01:56:49', '2013-08-14 12:54:21');
INSERT INTO `likes_person` (`id`, `user_id`, `person_id`, `created_at`, `updated_at`) VALUES (10, 11, 27, '1985-04-11 09:04:37', '1977-10-18 17:25:49');
INSERT INTO `likes_person` (`id`, `user_id`, `person_id`, `created_at`, `updated_at`) VALUES (11, 99, 32, '2008-05-12 18:43:56', '1986-04-18 11:13:54');
INSERT INTO `likes_person` (`id`, `user_id`, `person_id`, `created_at`, `updated_at`) VALUES (12, 32, 71, '1984-05-04 09:13:47', '1975-06-28 18:56:16');
INSERT INTO `likes_person` (`id`, `user_id`, `person_id`, `created_at`, `updated_at`) VALUES (13, 21, 73, '2016-03-30 19:18:30', '1980-06-07 09:27:04');
INSERT INTO `likes_person` (`id`, `user_id`, `person_id`, `created_at`, `updated_at`) VALUES (14, 79, 67, '1992-10-12 11:42:11', '2019-07-05 16:11:59');
INSERT INTO `likes_person` (`id`, `user_id`, `person_id`, `created_at`, `updated_at`) VALUES (15, 1, 45, '2014-08-09 17:10:40', '1988-07-31 13:26:04');
INSERT INTO `likes_person` (`id`, `user_id`, `person_id`, `created_at`, `updated_at`) VALUES (16, 77, 82, '2002-04-09 16:37:18', '1978-05-10 02:15:18');
INSERT INTO `likes_person` (`id`, `user_id`, `person_id`, `created_at`, `updated_at`) VALUES (17, 11, 19, '1972-09-07 18:25:54', '2020-03-26 12:03:52');
INSERT INTO `likes_person` (`id`, `user_id`, `person_id`, `created_at`, `updated_at`) VALUES (18, 14, 36, '1990-04-05 05:48:14', '1975-02-21 02:21:08');
INSERT INTO `likes_person` (`id`, `user_id`, `person_id`, `created_at`, `updated_at`) VALUES (19, 67, 63, '2013-01-10 03:42:41', '1999-09-15 10:23:20');
INSERT INTO `likes_person` (`id`, `user_id`, `person_id`, `created_at`, `updated_at`) VALUES (20, 61, 100, '2010-03-26 15:02:27', '2008-07-01 09:56:25');
INSERT INTO `likes_person` (`id`, `user_id`, `person_id`, `created_at`, `updated_at`) VALUES (21, 95, 100, '1982-03-25 05:49:53', '1979-12-08 05:29:59');
INSERT INTO `likes_person` (`id`, `user_id`, `person_id`, `created_at`, `updated_at`) VALUES (22, 41, 10, '2019-01-30 02:04:17', '1990-01-09 09:44:15');
INSERT INTO `likes_person` (`id`, `user_id`, `person_id`, `created_at`, `updated_at`) VALUES (23, 23, 66, '1996-10-18 23:47:33', '2011-12-13 01:56:24');
INSERT INTO `likes_person` (`id`, `user_id`, `person_id`, `created_at`, `updated_at`) VALUES (24, 77, 47, '2007-07-26 04:59:33', '1971-01-25 13:15:12');
INSERT INTO `likes_person` (`id`, `user_id`, `person_id`, `created_at`, `updated_at`) VALUES (25, 25, 16, '2009-07-18 06:02:12', '1979-09-18 07:56:55');
INSERT INTO `likes_person` (`id`, `user_id`, `person_id`, `created_at`, `updated_at`) VALUES (26, 49, 90, '1996-05-29 03:19:52', '1991-01-08 21:22:16');
INSERT INTO `likes_person` (`id`, `user_id`, `person_id`, `created_at`, `updated_at`) VALUES (27, 59, 3, '2007-12-26 01:16:53', '1986-12-04 19:05:37');
INSERT INTO `likes_person` (`id`, `user_id`, `person_id`, `created_at`, `updated_at`) VALUES (28, 53, 36, '2010-11-11 12:03:40', '1982-08-19 15:11:36');
INSERT INTO `likes_person` (`id`, `user_id`, `person_id`, `created_at`, `updated_at`) VALUES (29, 30, 32, '1977-03-24 05:46:01', '1987-11-12 01:00:12');
INSERT INTO `likes_person` (`id`, `user_id`, `person_id`, `created_at`, `updated_at`) VALUES (30, 41, 95, '1984-06-26 10:28:34', '2004-12-15 17:56:22');
INSERT INTO `likes_person` (`id`, `user_id`, `person_id`, `created_at`, `updated_at`) VALUES (31, 31, 28, '1995-09-16 09:50:20', '2004-09-26 05:37:25');
INSERT INTO `likes_person` (`id`, `user_id`, `person_id`, `created_at`, `updated_at`) VALUES (32, 84, 8, '2004-11-25 12:31:01', '1985-12-19 19:50:09');
INSERT INTO `likes_person` (`id`, `user_id`, `person_id`, `created_at`, `updated_at`) VALUES (33, 19, 77, '1976-10-16 20:47:32', '2014-06-07 21:30:39');
INSERT INTO `likes_person` (`id`, `user_id`, `person_id`, `created_at`, `updated_at`) VALUES (34, 13, 46, '2002-07-18 04:35:39', '2011-12-23 04:56:29');
INSERT INTO `likes_person` (`id`, `user_id`, `person_id`, `created_at`, `updated_at`) VALUES (35, 98, 66, '2005-04-08 07:16:46', '1985-09-03 11:34:37');
INSERT INTO `likes_person` (`id`, `user_id`, `person_id`, `created_at`, `updated_at`) VALUES (36, 65, 34, '1972-04-11 13:56:29', '2014-08-02 20:27:17');
INSERT INTO `likes_person` (`id`, `user_id`, `person_id`, `created_at`, `updated_at`) VALUES (37, 65, 33, '2007-03-05 10:55:40', '2001-11-10 13:18:40');
INSERT INTO `likes_person` (`id`, `user_id`, `person_id`, `created_at`, `updated_at`) VALUES (38, 16, 95, '1985-07-10 12:16:17', '1986-08-09 04:10:43');
INSERT INTO `likes_person` (`id`, `user_id`, `person_id`, `created_at`, `updated_at`) VALUES (39, 59, 92, '2006-11-19 07:57:12', '1977-10-15 11:47:11');
INSERT INTO `likes_person` (`id`, `user_id`, `person_id`, `created_at`, `updated_at`) VALUES (40, 56, 37, '1972-07-12 00:45:19', '2017-12-22 04:58:20');
INSERT INTO `likes_person` (`id`, `user_id`, `person_id`, `created_at`, `updated_at`) VALUES (41, 10, 42, '1982-01-16 12:19:33', '1976-04-15 11:41:13');
INSERT INTO `likes_person` (`id`, `user_id`, `person_id`, `created_at`, `updated_at`) VALUES (42, 83, 21, '1975-11-07 00:59:57', '1993-02-07 08:41:41');
INSERT INTO `likes_person` (`id`, `user_id`, `person_id`, `created_at`, `updated_at`) VALUES (43, 59, 97, '2002-10-31 04:01:08', '2002-06-06 13:10:35');
INSERT INTO `likes_person` (`id`, `user_id`, `person_id`, `created_at`, `updated_at`) VALUES (44, 27, 77, '1983-05-03 22:23:52', '1991-12-15 16:25:03');
INSERT INTO `likes_person` (`id`, `user_id`, `person_id`, `created_at`, `updated_at`) VALUES (45, 98, 88, '1991-01-31 06:57:20', '2016-06-22 09:46:01');
INSERT INTO `likes_person` (`id`, `user_id`, `person_id`, `created_at`, `updated_at`) VALUES (46, 18, 55, '2001-12-21 07:30:05', '2005-06-23 08:05:21');
INSERT INTO `likes_person` (`id`, `user_id`, `person_id`, `created_at`, `updated_at`) VALUES (47, 32, 82, '1987-02-11 19:39:30', '1994-01-24 19:43:51');
INSERT INTO `likes_person` (`id`, `user_id`, `person_id`, `created_at`, `updated_at`) VALUES (48, 58, 15, '1972-09-16 21:22:36', '1971-06-13 19:35:20');
INSERT INTO `likes_person` (`id`, `user_id`, `person_id`, `created_at`, `updated_at`) VALUES (49, 4, 85, '2002-09-26 06:07:00', '1970-02-11 20:41:18');
INSERT INTO `likes_person` (`id`, `user_id`, `person_id`, `created_at`, `updated_at`) VALUES (50, 6, 91, '1970-03-18 11:43:03', '1997-12-09 22:44:49');
INSERT INTO `likes_person` (`id`, `user_id`, `person_id`, `created_at`, `updated_at`) VALUES (51, 69, 47, '1988-09-27 11:25:10', '1988-12-25 04:19:01');
INSERT INTO `likes_person` (`id`, `user_id`, `person_id`, `created_at`, `updated_at`) VALUES (52, 69, 58, '1979-09-14 05:10:40', '2019-08-04 04:28:08');
INSERT INTO `likes_person` (`id`, `user_id`, `person_id`, `created_at`, `updated_at`) VALUES (53, 57, 74, '1997-01-07 05:46:24', '1971-01-13 05:33:11');
INSERT INTO `likes_person` (`id`, `user_id`, `person_id`, `created_at`, `updated_at`) VALUES (54, 21, 25, '1995-10-05 16:39:39', '1985-04-08 08:18:41');
INSERT INTO `likes_person` (`id`, `user_id`, `person_id`, `created_at`, `updated_at`) VALUES (55, 13, 49, '2004-02-20 14:31:24', '2018-02-12 01:58:11');
INSERT INTO `likes_person` (`id`, `user_id`, `person_id`, `created_at`, `updated_at`) VALUES (56, 61, 6, '1981-02-22 11:00:35', '1986-07-10 08:30:58');
INSERT INTO `likes_person` (`id`, `user_id`, `person_id`, `created_at`, `updated_at`) VALUES (57, 81, 15, '1994-03-13 13:15:20', '1979-05-09 14:41:14');
INSERT INTO `likes_person` (`id`, `user_id`, `person_id`, `created_at`, `updated_at`) VALUES (58, 62, 15, '1985-05-05 22:17:29', '1997-12-31 21:32:32');
INSERT INTO `likes_person` (`id`, `user_id`, `person_id`, `created_at`, `updated_at`) VALUES (59, 12, 73, '2014-04-18 06:31:50', '1998-12-21 00:26:42');
INSERT INTO `likes_person` (`id`, `user_id`, `person_id`, `created_at`, `updated_at`) VALUES (60, 97, 96, '2015-10-14 14:37:31', '1991-10-06 01:06:13');
INSERT INTO `likes_person` (`id`, `user_id`, `person_id`, `created_at`, `updated_at`) VALUES (61, 71, 34, '1999-11-18 10:54:58', '2002-08-26 03:08:41');
INSERT INTO `likes_person` (`id`, `user_id`, `person_id`, `created_at`, `updated_at`) VALUES (62, 92, 16, '1975-12-14 09:34:30', '2018-04-05 23:33:00');
INSERT INTO `likes_person` (`id`, `user_id`, `person_id`, `created_at`, `updated_at`) VALUES (63, 20, 72, '1986-06-24 05:44:45', '1971-05-07 21:51:28');
INSERT INTO `likes_person` (`id`, `user_id`, `person_id`, `created_at`, `updated_at`) VALUES (64, 30, 62, '1998-01-09 22:35:56', '1992-03-10 05:36:49');
INSERT INTO `likes_person` (`id`, `user_id`, `person_id`, `created_at`, `updated_at`) VALUES (65, 33, 26, '1981-03-06 21:42:07', '2007-04-23 12:57:47');
INSERT INTO `likes_person` (`id`, `user_id`, `person_id`, `created_at`, `updated_at`) VALUES (66, 95, 97, '1987-06-17 20:57:49', '1987-04-20 11:34:47');
INSERT INTO `likes_person` (`id`, `user_id`, `person_id`, `created_at`, `updated_at`) VALUES (67, 28, 90, '1975-06-18 04:47:20', '1991-10-24 18:21:56');
INSERT INTO `likes_person` (`id`, `user_id`, `person_id`, `created_at`, `updated_at`) VALUES (68, 39, 69, '2010-06-08 07:57:24', '1989-02-02 20:34:22');
INSERT INTO `likes_person` (`id`, `user_id`, `person_id`, `created_at`, `updated_at`) VALUES (69, 25, 58, '1984-09-20 11:11:53', '1998-11-18 10:56:46');
INSERT INTO `likes_person` (`id`, `user_id`, `person_id`, `created_at`, `updated_at`) VALUES (70, 85, 57, '2007-01-22 23:26:46', '1973-08-02 12:39:59');
INSERT INTO `likes_person` (`id`, `user_id`, `person_id`, `created_at`, `updated_at`) VALUES (71, 80, 100, '1972-05-17 06:32:15', '2006-08-02 11:51:07');
INSERT INTO `likes_person` (`id`, `user_id`, `person_id`, `created_at`, `updated_at`) VALUES (72, 73, 32, '2005-04-27 20:26:37', '1970-01-19 05:54:31');
INSERT INTO `likes_person` (`id`, `user_id`, `person_id`, `created_at`, `updated_at`) VALUES (73, 12, 96, '1981-10-12 10:35:17', '1978-11-25 12:43:09');
INSERT INTO `likes_person` (`id`, `user_id`, `person_id`, `created_at`, `updated_at`) VALUES (74, 75, 65, '1993-02-16 08:09:23', '1983-09-21 04:51:41');
INSERT INTO `likes_person` (`id`, `user_id`, `person_id`, `created_at`, `updated_at`) VALUES (75, 12, 70, '2012-08-13 06:07:22', '1982-02-09 12:10:23');
INSERT INTO `likes_person` (`id`, `user_id`, `person_id`, `created_at`, `updated_at`) VALUES (76, 52, 77, '1973-06-23 23:15:19', '1995-02-07 08:37:04');
INSERT INTO `likes_person` (`id`, `user_id`, `person_id`, `created_at`, `updated_at`) VALUES (77, 71, 48, '1989-05-05 05:31:32', '2015-12-10 06:32:17');
INSERT INTO `likes_person` (`id`, `user_id`, `person_id`, `created_at`, `updated_at`) VALUES (78, 14, 32, '1970-02-04 13:50:30', '1972-11-01 04:41:39');
INSERT INTO `likes_person` (`id`, `user_id`, `person_id`, `created_at`, `updated_at`) VALUES (79, 8, 18, '1981-10-28 23:41:24', '2008-04-29 00:32:11');
INSERT INTO `likes_person` (`id`, `user_id`, `person_id`, `created_at`, `updated_at`) VALUES (80, 94, 2, '2013-02-03 09:18:41', '2011-07-30 13:27:10');
INSERT INTO `likes_person` (`id`, `user_id`, `person_id`, `created_at`, `updated_at`) VALUES (81, 96, 76, '2003-11-06 03:42:56', '1983-10-27 08:50:48');
INSERT INTO `likes_person` (`id`, `user_id`, `person_id`, `created_at`, `updated_at`) VALUES (82, 54, 94, '1994-06-09 13:45:57', '1973-11-17 07:55:23');
INSERT INTO `likes_person` (`id`, `user_id`, `person_id`, `created_at`, `updated_at`) VALUES (83, 15, 17, '1971-02-05 15:09:29', '2012-08-12 09:22:16');
INSERT INTO `likes_person` (`id`, `user_id`, `person_id`, `created_at`, `updated_at`) VALUES (84, 90, 46, '1997-01-08 08:40:45', '1976-10-28 20:39:27');
INSERT INTO `likes_person` (`id`, `user_id`, `person_id`, `created_at`, `updated_at`) VALUES (85, 24, 11, '1970-07-24 22:02:38', '1971-04-30 20:20:11');
INSERT INTO `likes_person` (`id`, `user_id`, `person_id`, `created_at`, `updated_at`) VALUES (86, 36, 51, '2017-01-21 00:18:06', '2009-09-16 03:30:11');
INSERT INTO `likes_person` (`id`, `user_id`, `person_id`, `created_at`, `updated_at`) VALUES (87, 81, 42, '1974-08-18 08:59:53', '2016-01-12 02:44:26');
INSERT INTO `likes_person` (`id`, `user_id`, `person_id`, `created_at`, `updated_at`) VALUES (88, 74, 83, '1995-06-02 08:18:36', '1979-11-13 14:15:28');
INSERT INTO `likes_person` (`id`, `user_id`, `person_id`, `created_at`, `updated_at`) VALUES (89, 96, 59, '1988-04-17 00:49:24', '1997-05-03 14:44:15');
INSERT INTO `likes_person` (`id`, `user_id`, `person_id`, `created_at`, `updated_at`) VALUES (90, 74, 55, '1992-11-23 22:45:55', '1994-01-08 21:05:54');
INSERT INTO `likes_person` (`id`, `user_id`, `person_id`, `created_at`, `updated_at`) VALUES (91, 50, 66, '2018-09-21 19:22:52', '2002-04-02 12:05:32');
INSERT INTO `likes_person` (`id`, `user_id`, `person_id`, `created_at`, `updated_at`) VALUES (92, 52, 19, '1989-06-27 00:25:50', '1997-05-19 09:00:56');
INSERT INTO `likes_person` (`id`, `user_id`, `person_id`, `created_at`, `updated_at`) VALUES (93, 70, 65, '1974-02-12 01:54:40', '1970-11-26 09:53:07');
INSERT INTO `likes_person` (`id`, `user_id`, `person_id`, `created_at`, `updated_at`) VALUES (94, 47, 49, '1984-05-28 08:25:17', '1982-04-19 03:06:14');
INSERT INTO `likes_person` (`id`, `user_id`, `person_id`, `created_at`, `updated_at`) VALUES (95, 38, 17, '1990-05-30 05:21:05', '1990-07-16 11:44:18');
INSERT INTO `likes_person` (`id`, `user_id`, `person_id`, `created_at`, `updated_at`) VALUES (96, 3, 33, '2009-08-10 09:18:44', '1988-05-11 11:55:09');
INSERT INTO `likes_person` (`id`, `user_id`, `person_id`, `created_at`, `updated_at`) VALUES (97, 53, 25, '1996-11-11 09:43:52', '1992-05-30 21:35:33');
INSERT INTO `likes_person` (`id`, `user_id`, `person_id`, `created_at`, `updated_at`) VALUES (98, 44, 78, '2014-07-06 02:21:28', '1994-12-13 21:21:58');
INSERT INTO `likes_person` (`id`, `user_id`, `person_id`, `created_at`, `updated_at`) VALUES (99, 24, 74, '1975-11-28 11:07:20', '1989-01-02 22:29:43');
INSERT INTO `likes_person` (`id`, `user_id`, `person_id`, `created_at`, `updated_at`) VALUES (100, 25, 45, '1990-12-22 07:04:28', '2007-08-17 09:50:22');

INSERT INTO `media_post` (`id`, `user_id`, `media_id`, `body`, `created_at`, `updated_at`) VALUES (1, 6, 6, 'Non distinctio atque quisquam qui occaecati excepturi. Rem ipsa maiores id eos sunt sit. Est est neque et saepe soluta. Necessitatibus itaque porro enim quibusdam dolor illo laboriosam.', '1979-07-06 04:48:39', '2019-05-22 19:56:43');
INSERT INTO `media_post` (`id`, `user_id`, `media_id`, `body`, `created_at`, `updated_at`) VALUES (2, 90, 60, 'Maxime et aspernatur ea atque dignissimos. Alias mollitia natus laboriosam quis repellat quibusdam a quos. Velit quod qui natus ut.', '2019-03-28 22:25:48', '2001-01-21 13:03:59');
INSERT INTO `media_post` (`id`, `user_id`, `media_id`, `body`, `created_at`, `updated_at`) VALUES (3, 99, 65, 'Rerum est sint natus repellendus corrupti est. Provident earum minus quo. Aliquam temporibus dolores nihil suscipit fugit sed dicta saepe. Dolorem adipisci eligendi eveniet ratione.', '1978-05-01 09:29:04', '2008-11-09 09:33:37');
INSERT INTO `media_post` (`id`, `user_id`, `media_id`, `body`, `created_at`, `updated_at`) VALUES (4, 73, 82, 'Voluptas quis mollitia quia voluptatem perferendis dolorem dolorem. Consequatur autem voluptatem ut rerum placeat aut. Enim maiores tenetur sunt nam aut alias.', '2015-05-04 12:26:38', '2010-01-08 16:51:17');
INSERT INTO `media_post` (`id`, `user_id`, `media_id`, `body`, `created_at`, `updated_at`) VALUES (5, 58, 49, 'In quo ut sunt repellat facilis sit. Facilis voluptatem cumque non animi quidem explicabo amet. Quae sequi excepturi excepturi sit porro a.', '1981-07-31 14:28:38', '1982-07-29 14:24:06');
INSERT INTO `media_post` (`id`, `user_id`, `media_id`, `body`, `created_at`, `updated_at`) VALUES (6, 74, 53, 'Corrupti quia molestiae voluptatem deserunt. Sunt in natus sapiente doloremque. Ut similique non omnis asperiores. Cupiditate dignissimos commodi aspernatur reiciendis ad dolor.', '2008-10-21 05:25:14', '1981-12-03 19:19:44');
INSERT INTO `media_post` (`id`, `user_id`, `media_id`, `body`, `created_at`, `updated_at`) VALUES (7, 67, 3, 'Et dicta hic vel aperiam quisquam asperiores suscipit. Voluptate ullam asperiores nihil veritatis et. Alias nobis enim quibusdam eius occaecati dignissimos eligendi aut. Excepturi inventore suscipit doloremque quidem nam.', '2017-10-01 07:20:30', '2000-06-24 03:27:42');
INSERT INTO `media_post` (`id`, `user_id`, `media_id`, `body`, `created_at`, `updated_at`) VALUES (8, 89, 2, 'Maiores ut quo itaque esse velit corporis suscipit. Aliquam et odit expedita iure. Est eum neque ullam expedita aut dolores dolor. Sapiente in repudiandae dolorem laudantium.', '1971-11-17 23:13:48', '1998-11-18 08:42:48');
INSERT INTO `media_post` (`id`, `user_id`, `media_id`, `body`, `created_at`, `updated_at`) VALUES (9, 9, 1, 'Qui omnis nihil et et libero quia. Iusto aut atque sunt cupiditate velit culpa. Magni et sed corporis ut. Ut aut nulla voluptas id vero consequatur consequatur.', '2001-01-04 22:11:33', '1979-06-08 20:41:56');
INSERT INTO `media_post` (`id`, `user_id`, `media_id`, `body`, `created_at`, `updated_at`) VALUES (10, 64, 15, 'Quod consequatur sit eius non. Ex fugiat blanditiis aut ut repellendus. Velit tenetur voluptas est aliquid voluptatem. Ullam voluptatum sunt eveniet ratione.', '1974-08-21 05:27:35', '2000-04-22 21:50:27');
INSERT INTO `media_post` (`id`, `user_id`, `media_id`, `body`, `created_at`, `updated_at`) VALUES (11, 73, 17, 'Vitae reprehenderit quisquam assumenda. Quia laborum libero optio.', '1976-08-13 02:25:50', '1982-07-15 23:07:04');
INSERT INTO `media_post` (`id`, `user_id`, `media_id`, `body`, `created_at`, `updated_at`) VALUES (12, 80, 41, 'Sit cum voluptas incidunt non sed aperiam. Iusto tempora fuga voluptas minima veritatis ex. Vel amet labore et doloribus fugiat.', '2009-07-12 13:48:41', '2005-12-19 23:41:42');
INSERT INTO `media_post` (`id`, `user_id`, `media_id`, `body`, `created_at`, `updated_at`) VALUES (13, 49, 8, 'Necessitatibus quidem tenetur vero ducimus nesciunt. Quia maxime qui non quisquam esse et. Inventore nihil omnis enim.', '2002-01-16 22:30:45', '2018-09-30 00:47:48');
INSERT INTO `media_post` (`id`, `user_id`, `media_id`, `body`, `created_at`, `updated_at`) VALUES (14, 97, 28, 'Quam aspernatur illum consequatur. Rerum voluptatibus sint aut necessitatibus exercitationem nobis quas. Molestiae ut consequatur est itaque debitis.', '1973-02-26 07:13:31', '1984-02-27 02:29:19');
INSERT INTO `media_post` (`id`, `user_id`, `media_id`, `body`, `created_at`, `updated_at`) VALUES (15, 58, 25, 'Non voluptatem consequatur dignissimos illo. Sunt dolores voluptatem et accusamus officiis ut ipsa. Ut sint sint modi aperiam.', '1973-08-22 20:06:44', '1977-09-13 15:30:50');
INSERT INTO `media_post` (`id`, `user_id`, `media_id`, `body`, `created_at`, `updated_at`) VALUES (16, 45, 7, 'Corporis in in ad excepturi. Magnam impedit omnis illo sit. Vero qui nobis itaque veniam. Nobis voluptatem quia aperiam quis aut.', '2011-07-30 08:58:15', '1972-06-10 06:21:36');
INSERT INTO `media_post` (`id`, `user_id`, `media_id`, `body`, `created_at`, `updated_at`) VALUES (17, 64, 21, 'Aut molestiae rem doloribus magnam distinctio. Aut omnis nisi fugiat est qui. Fugiat voluptatum dicta tempora asperiores deleniti est quo.', '1992-12-11 01:07:36', '2001-11-30 05:44:25');
INSERT INTO `media_post` (`id`, `user_id`, `media_id`, `body`, `created_at`, `updated_at`) VALUES (18, 33, 61, 'Asperiores corporis ut qui et voluptas. Natus accusamus et iusto et rem cupiditate iste. Ab cumque est velit quia et perspiciatis quibusdam. Tempora laborum eaque laborum consequatur fuga ab sit.', '2001-04-16 13:35:03', '2006-06-13 04:57:03');
INSERT INTO `media_post` (`id`, `user_id`, `media_id`, `body`, `created_at`, `updated_at`) VALUES (19, 92, 34, 'Consequuntur neque et recusandae eos. Consequatur deserunt eaque harum. Vero et et necessitatibus quia qui dolorem.', '2008-05-27 02:41:20', '1986-04-27 03:36:13');
INSERT INTO `media_post` (`id`, `user_id`, `media_id`, `body`, `created_at`, `updated_at`) VALUES (20, 17, 44, 'Optio fugiat hic et molestiae dicta similique ullam. Repellendus blanditiis consectetur molestiae quis qui. Laudantium sunt quasi nihil consequatur laboriosam. Similique et eligendi natus beatae quasi totam impedit.', '1976-09-05 18:31:09', '2003-02-19 08:00:05');
INSERT INTO `media_post` (`id`, `user_id`, `media_id`, `body`, `created_at`, `updated_at`) VALUES (21, 14, 82, 'Autem qui voluptatem porro id rerum voluptas. Ut vel et quo sed. Vel non consequatur quia voluptate eos labore adipisci. Iusto quibusdam asperiores quo est aut.', '2018-04-08 12:27:55', '2021-03-01 01:09:45');
INSERT INTO `media_post` (`id`, `user_id`, `media_id`, `body`, `created_at`, `updated_at`) VALUES (22, 89, 69, 'Eligendi ratione inventore quo et repellendus placeat consequatur. Aut aut minima rerum quas ipsum in itaque. Tempora eaque inventore voluptatem alias rerum alias corrupti. Eius est dolor voluptate quas.', '1989-03-14 19:55:17', '1972-05-26 11:45:01');
INSERT INTO `media_post` (`id`, `user_id`, `media_id`, `body`, `created_at`, `updated_at`) VALUES (23, 61, 57, 'Eos inventore officiis repellendus corporis omnis. Temporibus reprehenderit sequi voluptatem nam ut. Quasi autem assumenda reprehenderit nihil.', '2015-10-31 07:53:32', '1981-01-02 22:45:51');
INSERT INTO `media_post` (`id`, `user_id`, `media_id`, `body`, `created_at`, `updated_at`) VALUES (24, 10, 90, 'Fuga ad fuga est. Quo omnis impedit consequatur non. Sint ducimus qui consequatur. Qui rem eum necessitatibus qui quo esse.', '2008-04-04 14:37:53', '1999-11-26 23:03:07');
INSERT INTO `media_post` (`id`, `user_id`, `media_id`, `body`, `created_at`, `updated_at`) VALUES (25, 32, 11, 'Atque voluptas et nesciunt itaque laborum perferendis sed. Odit libero aut saepe facilis omnis. Architecto eum ea molestiae aut exercitationem voluptatem adipisci.', '1973-12-07 17:53:14', '1996-11-08 18:01:02');
INSERT INTO `media_post` (`id`, `user_id`, `media_id`, `body`, `created_at`, `updated_at`) VALUES (26, 87, 83, 'Qui recusandae rerum vel delectus. Ipsum cumque impedit aut. Quos voluptatem velit in enim vel dolorem. Natus eum reprehenderit nihil similique ut distinctio aliquid provident.', '2013-01-12 03:52:16', '1997-11-25 22:08:41');
INSERT INTO `media_post` (`id`, `user_id`, `media_id`, `body`, `created_at`, `updated_at`) VALUES (27, 23, 63, 'Quae enim ut quia sapiente blanditiis. Soluta aperiam eligendi esse facilis nobis. Hic sed quisquam dolores accusamus qui architecto quam.', '2015-09-15 02:49:09', '2000-05-03 04:28:41');
INSERT INTO `media_post` (`id`, `user_id`, `media_id`, `body`, `created_at`, `updated_at`) VALUES (28, 37, 70, 'Eligendi aperiam dolorum in excepturi laboriosam laudantium. Asperiores eum aut voluptatum quaerat. Assumenda rem dolorem et aut velit possimus alias.', '1972-05-23 10:02:16', '1997-09-18 09:34:55');
INSERT INTO `media_post` (`id`, `user_id`, `media_id`, `body`, `created_at`, `updated_at`) VALUES (29, 53, 14, 'Iusto explicabo inventore est omnis ab. Qui ad quas nostrum et totam nemo beatae. Et sit consequatur quia doloribus unde commodi.', '2000-10-17 03:13:47', '1996-02-21 07:19:53');
INSERT INTO `media_post` (`id`, `user_id`, `media_id`, `body`, `created_at`, `updated_at`) VALUES (30, 4, 56, 'Iusto omnis maiores deleniti sed ipsum iure. Repudiandae voluptatem sequi pariatur occaecati.', '1983-08-15 05:55:16', '1988-01-07 06:40:06');
INSERT INTO `media_post` (`id`, `user_id`, `media_id`, `body`, `created_at`, `updated_at`) VALUES (31, 9, 57, 'Optio eligendi dolores explicabo voluptatem voluptas. Deleniti incidunt iure mollitia ea voluptates. Provident qui molestiae aliquam repellendus.', '1984-03-26 14:25:38', '2002-06-06 23:55:21');
INSERT INTO `media_post` (`id`, `user_id`, `media_id`, `body`, `created_at`, `updated_at`) VALUES (32, 89, 100, 'Et quam delectus placeat est natus odit quam soluta. Qui qui hic assumenda voluptatem in accusantium rem. Quod et aliquid voluptatem eaque iste et. Dolor quidem adipisci aut rerum perspiciatis.', '1975-09-21 16:09:43', '2009-08-10 17:27:31');
INSERT INTO `media_post` (`id`, `user_id`, `media_id`, `body`, `created_at`, `updated_at`) VALUES (33, 96, 81, 'Et dolores beatae incidunt suscipit sunt et. Recusandae officia repellendus ad autem quis. Deleniti repudiandae praesentium itaque ut maiores laudantium sed ea. Natus ducimus porro ut officiis.', '1978-06-02 23:46:16', '2013-04-03 20:03:26');
INSERT INTO `media_post` (`id`, `user_id`, `media_id`, `body`, `created_at`, `updated_at`) VALUES (34, 19, 99, 'Aperiam aspernatur porro laborum deserunt placeat molestias atque. Cupiditate sit fugit delectus possimus neque impedit ea. Nesciunt rerum occaecati neque libero. Quos nostrum repudiandae doloribus voluptatem quos.', '1983-07-20 23:09:49', '2013-04-24 02:44:41');
INSERT INTO `media_post` (`id`, `user_id`, `media_id`, `body`, `created_at`, `updated_at`) VALUES (35, 1, 89, 'Eius modi quaerat similique error quibusdam ratione ut. Odit nostrum et quia reprehenderit.', '1993-04-27 14:40:10', '1977-10-12 16:57:41');
INSERT INTO `media_post` (`id`, `user_id`, `media_id`, `body`, `created_at`, `updated_at`) VALUES (36, 97, 66, 'Enim ut optio aperiam maiores quia sed temporibus. Repellendus et vero esse voluptatem soluta. Quia nulla consectetur dignissimos qui doloremque in.', '2003-04-03 14:45:34', '1994-10-18 06:47:23');
INSERT INTO `media_post` (`id`, `user_id`, `media_id`, `body`, `created_at`, `updated_at`) VALUES (37, 28, 1, 'Laborum eos tempore qui ab et error autem. Ab saepe reiciendis magni reiciendis voluptas dolor commodi. Sint consequatur consequatur sequi et consectetur est et ipsa. Quia occaecati quibusdam sapiente corrupti.', '2008-10-04 01:07:13', '2007-08-02 11:34:05');
INSERT INTO `media_post` (`id`, `user_id`, `media_id`, `body`, `created_at`, `updated_at`) VALUES (38, 81, 64, 'Qui accusantium fuga illum asperiores consectetur architecto. Perspiciatis reiciendis dolores tenetur qui fugit impedit qui adipisci. Enim beatae aliquid voluptate tenetur.', '1975-11-23 06:54:33', '1998-06-18 20:53:38');
INSERT INTO `media_post` (`id`, `user_id`, `media_id`, `body`, `created_at`, `updated_at`) VALUES (39, 62, 51, 'In omnis et doloribus. Omnis iusto totam perspiciatis eaque recusandae culpa voluptatem. Voluptas consectetur ut placeat est.', '2002-01-22 02:22:04', '1990-05-05 21:13:08');
INSERT INTO `media_post` (`id`, `user_id`, `media_id`, `body`, `created_at`, `updated_at`) VALUES (40, 39, 39, 'Voluptatibus molestiae ut rem vero architecto quisquam quia. Tenetur suscipit quia recusandae. Voluptates aut enim harum accusamus. Magni vel vitae quia ut veniam nobis nulla. Earum tempore modi hic voluptatum nihil cum architecto.', '1992-09-30 09:37:54', '2002-01-23 22:53:04');
INSERT INTO `media_post` (`id`, `user_id`, `media_id`, `body`, `created_at`, `updated_at`) VALUES (41, 46, 71, 'Quod quo aliquam beatae facilis illum. Et saepe pariatur animi harum. Rerum aspernatur consequatur cumque cupiditate nulla culpa. Impedit itaque aut explicabo placeat itaque porro.', '1982-08-19 17:48:51', '1988-04-08 19:06:23');
INSERT INTO `media_post` (`id`, `user_id`, `media_id`, `body`, `created_at`, `updated_at`) VALUES (42, 73, 42, 'Sint velit nesciunt dolorum quibusdam est voluptate reprehenderit. Enim ab vero laudantium magnam quas beatae asperiores. Eaque est velit sed voluptatum voluptas quaerat. Itaque omnis inventore quam est.', '1987-10-19 07:50:44', '1995-02-20 01:23:50');
INSERT INTO `media_post` (`id`, `user_id`, `media_id`, `body`, `created_at`, `updated_at`) VALUES (43, 59, 13, 'Nemo unde similique sed fuga soluta quia. Nihil minus tenetur earum ut. Reprehenderit ipsa quos cumque ex earum sit. Quod quam velit voluptate omnis.', '1982-03-24 17:09:25', '1978-12-28 01:12:00');
INSERT INTO `media_post` (`id`, `user_id`, `media_id`, `body`, `created_at`, `updated_at`) VALUES (44, 51, 49, 'Voluptas consectetur voluptatem tempore sint fugit reprehenderit qui. Consectetur accusantium beatae et et. Corrupti rem deleniti qui voluptatem quasi qui laborum.', '1985-03-13 08:21:51', '2008-12-27 14:17:24');
INSERT INTO `media_post` (`id`, `user_id`, `media_id`, `body`, `created_at`, `updated_at`) VALUES (45, 60, 40, 'Voluptates voluptas consequatur sit blanditiis nam. Fuga inventore voluptatem consectetur nisi natus sequi laborum. Repudiandae recusandae non necessitatibus repellat aut deserunt qui. Ducimus cupiditate blanditiis amet perspiciatis sed.', '1981-08-10 00:46:22', '1993-03-01 07:13:59');
INSERT INTO `media_post` (`id`, `user_id`, `media_id`, `body`, `created_at`, `updated_at`) VALUES (46, 35, 86, 'Delectus veniam qui maiores. Quia ut officia nihil quaerat eum id. Eum voluptas officiis quo aliquam. Eos error ut ratione iusto occaecati impedit.', '2020-12-30 15:09:25', '1978-01-22 13:37:49');
INSERT INTO `media_post` (`id`, `user_id`, `media_id`, `body`, `created_at`, `updated_at`) VALUES (47, 85, 64, 'Voluptas provident sapiente dolor. Corporis ipsam nihil exercitationem autem rerum eum minus omnis.', '1970-06-18 18:47:47', '2018-05-31 17:36:07');
INSERT INTO `media_post` (`id`, `user_id`, `media_id`, `body`, `created_at`, `updated_at`) VALUES (48, 43, 37, 'Commodi esse est necessitatibus ex dolore optio fuga. At illum sit aliquam sint. Eum adipisci omnis ipsum omnis labore aliquam asperiores. Sed rem soluta porro quia ut.', '2003-01-15 11:30:56', '1989-11-28 06:17:34');
INSERT INTO `media_post` (`id`, `user_id`, `media_id`, `body`, `created_at`, `updated_at`) VALUES (49, 85, 96, 'A fugiat sit rerum inventore. Velit vitae excepturi quibusdam sunt repellat ut. Cumque placeat et magnam maiores eum amet.', '2017-07-30 22:25:58', '1985-08-23 13:29:08');
INSERT INTO `media_post` (`id`, `user_id`, `media_id`, `body`, `created_at`, `updated_at`) VALUES (50, 53, 28, 'Eveniet pariatur incidunt repellat dolores. Recusandae hic dolorem incidunt incidunt. Veniam omnis praesentium repudiandae reprehenderit. Perspiciatis ipsa natus aspernatur repellat vel deserunt est animi.', '1995-04-17 20:36:58', '1996-03-26 07:14:22');
INSERT INTO `media_post` (`id`, `user_id`, `media_id`, `body`, `created_at`, `updated_at`) VALUES (51, 77, 41, 'Soluta sit autem fugit distinctio. Neque pariatur et animi dolorem laborum. Eveniet placeat quis omnis dignissimos dicta placeat officia. Eos et eos voluptatem ut deleniti consequatur eveniet qui.', '1970-01-06 02:15:25', '1970-12-21 13:47:22');
INSERT INTO `media_post` (`id`, `user_id`, `media_id`, `body`, `created_at`, `updated_at`) VALUES (52, 5, 75, 'Est aspernatur laboriosam eligendi enim itaque et amet. Fugit ut omnis est iure pariatur omnis. Autem voluptas amet sapiente autem nihil rerum. Rerum et numquam eaque harum.', '1984-02-22 14:52:47', '2011-09-17 10:23:25');
INSERT INTO `media_post` (`id`, `user_id`, `media_id`, `body`, `created_at`, `updated_at`) VALUES (53, 23, 51, 'Libero modi possimus labore officia maxime. Quasi quidem maiores tenetur quis autem. Id numquam sapiente minima error nobis dolor adipisci. Officiis libero hic voluptatem id aut voluptatem.', '1999-07-22 18:46:16', '1978-05-01 04:09:34');
INSERT INTO `media_post` (`id`, `user_id`, `media_id`, `body`, `created_at`, `updated_at`) VALUES (54, 9, 94, 'Inventore a distinctio sapiente odit. Deleniti necessitatibus dolor quia qui voluptatem porro. Qui commodi aut qui in harum alias. Sequi dolor rerum necessitatibus saepe enim reiciendis eius nulla.', '1976-02-29 00:55:07', '2014-07-27 11:40:38');
INSERT INTO `media_post` (`id`, `user_id`, `media_id`, `body`, `created_at`, `updated_at`) VALUES (55, 57, 7, 'Atque laboriosam ea qui aliquid ea non a. Qui molestiae suscipit harum est qui. Soluta aliquam non porro excepturi temporibus ut sit. Ratione aliquam eum non consequatur nihil velit molestias ratione.', '1997-11-30 09:00:54', '1990-01-15 15:38:48');
INSERT INTO `media_post` (`id`, `user_id`, `media_id`, `body`, `created_at`, `updated_at`) VALUES (56, 18, 73, 'Deserunt voluptatem amet reprehenderit dolorem vel asperiores. Eos porro sequi dolores.', '1979-02-01 13:22:55', '1982-07-22 13:04:46');
INSERT INTO `media_post` (`id`, `user_id`, `media_id`, `body`, `created_at`, `updated_at`) VALUES (57, 94, 46, 'Autem id dicta incidunt corporis. Ipsam voluptatem distinctio quam. Dolorem ut debitis rerum nisi nulla. In voluptas molestiae perspiciatis et aut.', '2015-05-11 18:52:19', '1989-10-03 02:34:59');
INSERT INTO `media_post` (`id`, `user_id`, `media_id`, `body`, `created_at`, `updated_at`) VALUES (58, 19, 27, 'Sit velit et in et pariatur ut. Adipisci libero voluptas cumque culpa veniam. Sit itaque nulla perspiciatis laboriosam aut quis aut.', '2009-12-19 02:52:43', '2008-08-08 15:57:22');
INSERT INTO `media_post` (`id`, `user_id`, `media_id`, `body`, `created_at`, `updated_at`) VALUES (59, 90, 54, 'Ut eos sed ab dolor. Doloribus nesciunt ea ipsa a unde nostrum suscipit. Cum tempore omnis incidunt voluptatibus asperiores quia.', '1998-03-09 08:28:10', '1974-05-27 12:32:24');
INSERT INTO `media_post` (`id`, `user_id`, `media_id`, `body`, `created_at`, `updated_at`) VALUES (60, 40, 85, 'Fuga blanditiis optio delectus officiis sunt. Voluptas et ad hic accusantium. Sit corrupti ducimus mollitia nesciunt hic qui. Expedita eveniet consequatur voluptatem sit.', '1997-06-25 04:19:48', '1998-03-01 15:54:27');
INSERT INTO `media_post` (`id`, `user_id`, `media_id`, `body`, `created_at`, `updated_at`) VALUES (61, 57, 35, 'Quia esse iusto qui unde sed iste. Id enim delectus illo at esse laborum adipisci. Est facere magni expedita eos quia deleniti. Quod cupiditate laudantium neque debitis mollitia porro.', '1993-02-23 02:24:55', '2017-09-27 23:43:41');
INSERT INTO `media_post` (`id`, `user_id`, `media_id`, `body`, `created_at`, `updated_at`) VALUES (62, 13, 10, 'Eum inventore ullam inventore ut nihil eos sed. Delectus tempora nostrum est officiis corrupti sit corrupti. Sunt et laborum fugit maiores molestias. Architecto eum nisi tempore quae. Cupiditate culpa vel est incidunt laboriosam eum eveniet temporibus.', '1995-09-11 14:05:09', '2007-10-07 17:58:13');
INSERT INTO `media_post` (`id`, `user_id`, `media_id`, `body`, `created_at`, `updated_at`) VALUES (63, 21, 55, 'Ab aut vel itaque. Saepe sit architecto quo quia laborum exercitationem. Iste natus non modi exercitationem. Omnis error eos quod magnam natus. Quas culpa laborum non et qui.', '1988-07-22 09:04:22', '1989-06-19 06:07:53');
INSERT INTO `media_post` (`id`, `user_id`, `media_id`, `body`, `created_at`, `updated_at`) VALUES (64, 50, 54, 'Voluptates fugiat temporibus laborum voluptas et. Aut voluptatum quia molestiae occaecati consequatur. Sed eaque ipsam exercitationem laudantium laborum velit suscipit eaque.', '1995-07-30 13:59:22', '1988-05-25 13:06:06');
INSERT INTO `media_post` (`id`, `user_id`, `media_id`, `body`, `created_at`, `updated_at`) VALUES (65, 47, 45, 'In et voluptatem dolores officiis dolore quasi dolorum tenetur. Eaque et praesentium excepturi et vitae dolorem quis. Numquam aspernatur ea at iure dolores atque. Sit sit mollitia culpa velit.', '2012-03-14 17:03:46', '2002-02-07 18:53:41');
INSERT INTO `media_post` (`id`, `user_id`, `media_id`, `body`, `created_at`, `updated_at`) VALUES (66, 65, 57, 'Repellat doloribus delectus est facilis temporibus recusandae libero. Ab magni ab possimus mollitia.', '2006-03-25 09:59:25', '2011-09-20 15:27:54');
INSERT INTO `media_post` (`id`, `user_id`, `media_id`, `body`, `created_at`, `updated_at`) VALUES (67, 58, 6, 'Veritatis voluptas sed esse ipsam id. Eligendi ab nesciunt quod quia officiis id aut. Nulla architecto ex veritatis quam.', '2018-11-04 04:29:31', '2016-05-15 10:07:08');
INSERT INTO `media_post` (`id`, `user_id`, `media_id`, `body`, `created_at`, `updated_at`) VALUES (68, 94, 9, 'Exercitationem asperiores odit porro earum. Tenetur unde tenetur dolores autem maxime rerum porro. Repellat quod doloribus et id quod voluptas consequuntur.', '1976-04-29 08:42:22', '1981-01-09 07:13:44');
INSERT INTO `media_post` (`id`, `user_id`, `media_id`, `body`, `created_at`, `updated_at`) VALUES (69, 95, 78, 'Quasi sunt quas dolorem voluptatem dolore doloribus delectus. Eum omnis in voluptatem non. Dolore animi ea consectetur omnis. Laboriosam reprehenderit natus consequatur.', '2012-11-18 19:20:27', '1972-05-20 05:13:18');
INSERT INTO `media_post` (`id`, `user_id`, `media_id`, `body`, `created_at`, `updated_at`) VALUES (70, 51, 43, 'Dolor quo qui voluptatem unde soluta. Laboriosam animi rerum praesentium dolorem omnis repudiandae voluptas. Voluptas reprehenderit nostrum amet aspernatur quos incidunt rerum. Aperiam corporis quisquam enim numquam sunt et.', '1999-06-18 04:42:42', '2006-05-10 21:09:34');
INSERT INTO `media_post` (`id`, `user_id`, `media_id`, `body`, `created_at`, `updated_at`) VALUES (71, 84, 10, 'Hic rerum qui deleniti voluptatibus delectus. Qui saepe sint enim qui aut dolorum corporis qui. Quis quibusdam voluptatum eum voluptatem. Ratione itaque et fugit sequi et.', '1974-09-11 09:40:48', '2011-04-04 18:19:08');
INSERT INTO `media_post` (`id`, `user_id`, `media_id`, `body`, `created_at`, `updated_at`) VALUES (72, 84, 59, 'Aliquid facilis voluptate ea impedit omnis dolor magni. Et cumque magni soluta ea vitae. Labore iusto pariatur qui neque et. Vero modi porro itaque consectetur quo.', '2013-06-29 04:28:50', '1999-10-01 18:29:08');
INSERT INTO `media_post` (`id`, `user_id`, `media_id`, `body`, `created_at`, `updated_at`) VALUES (73, 86, 26, 'Distinctio reprehenderit a eaque explicabo aliquam optio et. Aut qui architecto magnam voluptatem ipsam voluptatem. Iure dolores reiciendis voluptatem enim.', '1984-01-15 05:19:21', '2020-03-27 18:53:21');
INSERT INTO `media_post` (`id`, `user_id`, `media_id`, `body`, `created_at`, `updated_at`) VALUES (74, 8, 30, 'Est quia velit ut et dignissimos dolorem. Blanditiis non vitae ut sunt.', '1998-06-19 10:29:20', '1984-11-25 04:52:59');
INSERT INTO `media_post` (`id`, `user_id`, `media_id`, `body`, `created_at`, `updated_at`) VALUES (75, 68, 26, 'Quidem et explicabo amet et qui iusto ut. Aut alias excepturi aliquam eveniet in et quas. Reprehenderit enim aut consequatur quisquam.', '2020-10-07 18:43:57', '2007-03-18 19:25:27');
INSERT INTO `media_post` (`id`, `user_id`, `media_id`, `body`, `created_at`, `updated_at`) VALUES (76, 27, 39, 'Quos reiciendis est neque voluptate doloribus expedita facilis. Velit accusamus perferendis et qui. Sint labore magnam aspernatur voluptates. Qui at est autem sed.', '2016-03-15 07:54:51', '2004-06-17 17:47:41');
INSERT INTO `media_post` (`id`, `user_id`, `media_id`, `body`, `created_at`, `updated_at`) VALUES (77, 17, 17, 'Corrupti corrupti qui quis qui molestiae quae. Qui odit dicta quo totam est. Libero fugit ullam minima aperiam et itaque.', '1992-02-05 18:01:36', '2005-01-03 18:15:07');
INSERT INTO `media_post` (`id`, `user_id`, `media_id`, `body`, `created_at`, `updated_at`) VALUES (78, 48, 52, 'Soluta placeat omnis porro et sit voluptatem. Fugit qui porro ipsa. Saepe illo saepe molestiae. Enim nobis voluptatem voluptatem numquam corrupti animi.', '1982-06-28 01:52:18', '1977-12-03 07:18:08');
INSERT INTO `media_post` (`id`, `user_id`, `media_id`, `body`, `created_at`, `updated_at`) VALUES (79, 41, 15, 'Sapiente exercitationem enim molestias quos. Repudiandae sit quasi quia vel qui ut et accusantium. Veritatis non dolores voluptatem sed commodi a neque. Culpa earum quia et et consequatur amet eaque eos.', '1999-02-13 02:06:12', '1996-12-05 02:31:33');
INSERT INTO `media_post` (`id`, `user_id`, `media_id`, `body`, `created_at`, `updated_at`) VALUES (80, 90, 70, 'Ut ea iste vitae et dolor cumque et totam. Modi sit dolorum odit eum aperiam consequatur. Voluptas voluptas labore culpa cupiditate corporis dolores. Voluptatem sit aut ipsam enim nihil labore ut.', '1992-11-04 01:39:23', '1973-02-10 06:17:59');
INSERT INTO `media_post` (`id`, `user_id`, `media_id`, `body`, `created_at`, `updated_at`) VALUES (81, 4, 90, 'Aut eligendi ea unde consectetur praesentium sunt laudantium. Dolorem ut fuga soluta optio quaerat nisi. Quod ut ut qui voluptatem veritatis perferendis dolores.', '1983-09-17 06:25:43', '1974-09-17 19:39:14');
INSERT INTO `media_post` (`id`, `user_id`, `media_id`, `body`, `created_at`, `updated_at`) VALUES (82, 56, 78, 'Vel nihil velit fugit provident consequatur. Sed optio dolore magni quis ex. Ea voluptatum cupiditate distinctio.', '2008-07-05 10:42:54', '2009-01-25 02:48:12');
INSERT INTO `media_post` (`id`, `user_id`, `media_id`, `body`, `created_at`, `updated_at`) VALUES (83, 27, 60, 'Dolorum sed qui dolore sequi. Animi et quia eum dolorum totam veniam illo. Quia tempora sit natus. Minus excepturi corporis maiores.', '2009-12-29 21:15:01', '1992-02-14 02:16:09');
INSERT INTO `media_post` (`id`, `user_id`, `media_id`, `body`, `created_at`, `updated_at`) VALUES (84, 95, 61, 'Occaecati velit aspernatur ut ad ea. Vero dolores quae et ullam ducimus accusantium voluptatem. Incidunt est autem sed adipisci eum adipisci. Et velit alias maxime aperiam autem.', '2003-07-29 16:57:33', '2019-01-07 04:07:51');
INSERT INTO `media_post` (`id`, `user_id`, `media_id`, `body`, `created_at`, `updated_at`) VALUES (85, 57, 2, 'Sit officiis occaecati magni assumenda tempore atque. Rem suscipit in et officia sit maiores exercitationem. Accusantium facere laudantium nihil incidunt iusto perspiciatis. Optio velit reprehenderit distinctio pariatur expedita beatae quis.', '1977-07-14 00:36:46', '2009-03-05 10:38:33');
INSERT INTO `media_post` (`id`, `user_id`, `media_id`, `body`, `created_at`, `updated_at`) VALUES (86, 46, 85, 'Aut voluptas eaque sit fugit nemo numquam. Repellendus eos excepturi eveniet vitae delectus. Et amet et deserunt asperiores et. Vel quisquam et rerum corrupti cupiditate suscipit numquam quis. Culpa id et molestiae id expedita.', '2015-05-20 11:15:36', '1988-05-10 11:21:53');
INSERT INTO `media_post` (`id`, `user_id`, `media_id`, `body`, `created_at`, `updated_at`) VALUES (87, 47, 28, 'Magni ex quos qui laboriosam. Autem id est consequuntur expedita. Perferendis laudantium rerum ut. Voluptatem ipsa suscipit veritatis sit qui.', '2000-09-12 09:02:59', '2011-09-09 07:28:54');
INSERT INTO `media_post` (`id`, `user_id`, `media_id`, `body`, `created_at`, `updated_at`) VALUES (88, 94, 50, 'Quisquam optio ea voluptas doloremque sunt. Architecto est qui dignissimos reiciendis nobis. Non sapiente expedita hic nam impedit odit ad.', '1987-03-22 04:07:39', '1972-10-07 15:33:09');
INSERT INTO `media_post` (`id`, `user_id`, `media_id`, `body`, `created_at`, `updated_at`) VALUES (89, 73, 18, 'Nam est incidunt nesciunt fuga. Soluta itaque accusantium omnis rerum est repellendus. Cupiditate rerum asperiores temporibus voluptas nisi.', '2016-05-29 23:02:05', '2013-01-02 14:53:47');
INSERT INTO `media_post` (`id`, `user_id`, `media_id`, `body`, `created_at`, `updated_at`) VALUES (90, 89, 62, 'Ut impedit quasi earum corporis voluptatem cupiditate. Sint sit laborum debitis fugiat. Tempora aperiam officiis accusantium id impedit ut nam.', '2012-06-30 02:24:27', '2003-05-09 15:19:00');
INSERT INTO `media_post` (`id`, `user_id`, `media_id`, `body`, `created_at`, `updated_at`) VALUES (91, 17, 86, 'Sunt voluptas hic modi commodi. Doloribus saepe earum et enim similique aut rem. Modi accusamus sint vitae facilis totam. Omnis molestias eius voluptatem in praesentium.', '1987-04-02 02:37:56', '2005-10-12 00:07:24');
INSERT INTO `media_post` (`id`, `user_id`, `media_id`, `body`, `created_at`, `updated_at`) VALUES (92, 51, 22, 'Nemo accusantium enim modi commodi consequatur error sed. Non dicta id vitae facilis et cum. Magnam aperiam nihil blanditiis enim.', '1970-10-24 10:12:58', '2012-02-26 18:31:38');
INSERT INTO `media_post` (`id`, `user_id`, `media_id`, `body`, `created_at`, `updated_at`) VALUES (93, 93, 39, 'Doloribus culpa sed itaque accusantium eos. Recusandae dicta provident repellendus quod non dolores.', '1992-05-04 20:35:04', '1972-10-09 14:40:33');
INSERT INTO `media_post` (`id`, `user_id`, `media_id`, `body`, `created_at`, `updated_at`) VALUES (94, 61, 87, 'Aut eum voluptatum neque nemo nostrum. Quo nesciunt nisi ab qui rerum dolorem at doloribus. Nesciunt est deserunt nihil tempore molestias.', '1975-05-05 22:52:18', '1999-02-26 16:34:09');
INSERT INTO `media_post` (`id`, `user_id`, `media_id`, `body`, `created_at`, `updated_at`) VALUES (95, 1, 70, 'Velit aut cum ut perspiciatis. Officia qui quaerat iste soluta enim. Soluta est voluptatibus consequatur magnam sit deleniti laudantium.', '1982-07-01 21:47:31', '2019-01-26 09:39:11');
INSERT INTO `media_post` (`id`, `user_id`, `media_id`, `body`, `created_at`, `updated_at`) VALUES (96, 72, 59, 'Sint fuga et cumque impedit animi iste necessitatibus. Perspiciatis et ducimus deleniti ex omnis beatae id. Fuga excepturi a doloremque expedita vel rerum exercitationem. Voluptatem nostrum nihil hic eius consequatur veniam perferendis.', '1981-06-27 07:26:34', '2018-02-28 07:04:37');
INSERT INTO `media_post` (`id`, `user_id`, `media_id`, `body`, `created_at`, `updated_at`) VALUES (97, 34, 15, 'Qui facilis et deleniti minima dolorem. Et repellendus repellat enim ratione sit. Similique aliquid enim et. Officiis rem quae ut aut recusandae ducimus.', '2001-01-28 22:04:25', '1978-01-21 19:03:50');
INSERT INTO `media_post` (`id`, `user_id`, `media_id`, `body`, `created_at`, `updated_at`) VALUES (98, 47, 34, 'Illum facere omnis quia voluptates praesentium aut exercitationem. Maxime enim officia consequatur qui. Architecto qui sint dolor qui voluptates asperiores. Consequuntur nihil non repudiandae est vitae officiis et.', '1997-08-21 09:08:07', '1987-08-14 06:50:48');
INSERT INTO `media_post` (`id`, `user_id`, `media_id`, `body`, `created_at`, `updated_at`) VALUES (99, 73, 35, 'Voluptatem a corrupti consequatur officia debitis molestiae. Dolorem ea corporis et quia voluptas. Laboriosam dolores et sunt commodi qui consequatur laborum.', '1971-03-20 08:09:24', '1972-02-23 18:05:44');
INSERT INTO `media_post` (`id`, `user_id`, `media_id`, `body`, `created_at`, `updated_at`) VALUES (100, 35, 49, 'Id et qui iure suscipit. Cum qui eligendi et id molestiae quia. Qui et nulla nobis.', '2010-12-06 09:40:17', '1986-12-08 02:57:31');

INSERT INTO `likes_post` (`id`, `user_id`, `post_id`, `body`, `created_at`, `updated_at`) VALUES (1, 58, 54, 'Ipsum numquam quibusdam sunt quia quia illum ullam. Nihil neque ad quo numquam aut omnis impedit. Hic aspernatur et et alias.', '2010-09-20 13:19:35', '1981-07-13 16:47:06');
INSERT INTO `likes_post` (`id`, `user_id`, `post_id`, `body`, `created_at`, `updated_at`) VALUES (2, 35, 79, 'Quo dolor officiis voluptatem necessitatibus. Magni quo recusandae amet nemo. Dolores laborum placeat et nihil odio. In omnis error asperiores et molestiae.', '1980-09-24 03:23:01', '2017-06-07 12:27:21');
INSERT INTO `likes_post` (`id`, `user_id`, `post_id`, `body`, `created_at`, `updated_at`) VALUES (3, 86, 68, 'A tempora aut necessitatibus a fuga sapiente repudiandae quia. Quibusdam corrupti neque est explicabo deserunt architecto. Ut similique velit enim voluptas. Iure qui quae distinctio voluptates eos.', '2013-09-07 06:25:00', '2002-06-09 01:14:53');
INSERT INTO `likes_post` (`id`, `user_id`, `post_id`, `body`, `created_at`, `updated_at`) VALUES (4, 74, 17, 'Qui velit occaecati est ipsa dolor facilis. Et velit incidunt voluptatem tenetur et. Quas eum provident voluptatem tempore dolor dolorem voluptatem. Quo dolorem ullam at distinctio.', '1981-11-25 09:25:03', '1997-01-10 02:34:59');
INSERT INTO `likes_post` (`id`, `user_id`, `post_id`, `body`, `created_at`, `updated_at`) VALUES (5, 84, 15, 'Aperiam in id quia dolorem distinctio voluptas deleniti alias. Quo hic omnis repellat modi dolorum commodi perspiciatis. Ut cupiditate corrupti ipsum saepe. Excepturi id facilis quaerat reiciendis consectetur reiciendis.', '1981-01-22 09:10:47', '1975-03-03 15:46:22');
INSERT INTO `likes_post` (`id`, `user_id`, `post_id`, `body`, `created_at`, `updated_at`) VALUES (6, 82, 14, 'Quis quod commodi porro quia quia impedit sed. In cumque voluptate et et dolor earum amet. Labore hic quia nulla debitis quae cum sed.', '1970-01-31 05:04:35', '2006-07-29 02:33:01');
INSERT INTO `likes_post` (`id`, `user_id`, `post_id`, `body`, `created_at`, `updated_at`) VALUES (7, 81, 67, 'Earum totam ad repellat eius dicta tempore. Rerum dolores dolor nobis eaque officia velit fugiat. Consectetur sequi repellendus deserunt.', '1988-05-19 15:06:06', '2002-07-05 15:41:44');
INSERT INTO `likes_post` (`id`, `user_id`, `post_id`, `body`, `created_at`, `updated_at`) VALUES (8, 15, 17, 'Est enim itaque ut aut. Reprehenderit ea sunt maiores. Quaerat placeat porro qui reiciendis voluptas rerum dolorum cupiditate. Provident dicta autem assumenda praesentium ut aut accusamus.', '1997-08-03 11:38:33', '1987-10-28 13:47:27');
INSERT INTO `likes_post` (`id`, `user_id`, `post_id`, `body`, `created_at`, `updated_at`) VALUES (9, 56, 25, 'Facilis quia est officia fuga sunt et. Ut quaerat a dolorem. Aut cumque eligendi molestias eius. Repellendus nisi voluptate culpa reprehenderit placeat dolor aut.', '1977-12-22 07:20:36', '2016-03-22 06:52:52');
INSERT INTO `likes_post` (`id`, `user_id`, `post_id`, `body`, `created_at`, `updated_at`) VALUES (10, 70, 61, 'Eius voluptatem corrupti assumenda id est voluptates aut. Dolorem quaerat officiis natus animi. Earum reprehenderit et in qui incidunt ipsa beatae.', '2021-03-13 00:48:58', '1977-07-31 10:41:39');
INSERT INTO `likes_post` (`id`, `user_id`, `post_id`, `body`, `created_at`, `updated_at`) VALUES (11, 66, 16, 'Iure laudantium fugit saepe fuga blanditiis consequatur. A est voluptatem commodi voluptate vero. Dolor dolor impedit rerum saepe.', '1971-09-24 02:33:54', '2020-01-08 14:20:43');
INSERT INTO `likes_post` (`id`, `user_id`, `post_id`, `body`, `created_at`, `updated_at`) VALUES (12, 91, 18, 'Est voluptatem distinctio rerum dolores. Quibusdam architecto quasi aliquam doloribus. Ducimus porro distinctio quia nobis itaque. A autem natus vel et eum eum sed quasi.', '2006-01-29 10:18:40', '1970-05-29 22:29:05');
INSERT INTO `likes_post` (`id`, `user_id`, `post_id`, `body`, `created_at`, `updated_at`) VALUES (13, 52, 78, 'Libero minima nihil iusto rerum autem facere. Perspiciatis odit et deleniti et.', '2000-06-11 21:21:22', '1987-07-13 13:47:30');
INSERT INTO `likes_post` (`id`, `user_id`, `post_id`, `body`, `created_at`, `updated_at`) VALUES (14, 61, 27, 'Alias consequatur laudantium sit saepe velit nemo. Illum rerum debitis debitis ratione. Ea est labore voluptates enim corrupti quaerat praesentium.', '1986-01-11 19:02:47', '2010-11-03 22:30:58');
INSERT INTO `likes_post` (`id`, `user_id`, `post_id`, `body`, `created_at`, `updated_at`) VALUES (15, 76, 65, 'Et voluptas quo aliquam quae maxime quia. Est modi dolor maxime sint. Repellat veritatis assumenda illum pariatur adipisci quos.', '1986-07-18 01:54:58', '1971-10-27 16:19:51');
INSERT INTO `likes_post` (`id`, `user_id`, `post_id`, `body`, `created_at`, `updated_at`) VALUES (16, 68, 21, 'Voluptatem dolore in et et quae sit eos. Et deleniti voluptatem vero omnis alias dolor assumenda. Est non mollitia autem in nulla eos aliquam ut. Ad sed est atque odit.', '1996-11-23 01:28:52', '1970-09-21 10:57:50');
INSERT INTO `likes_post` (`id`, `user_id`, `post_id`, `body`, `created_at`, `updated_at`) VALUES (17, 5, 59, 'Itaque et vero vel voluptas nobis ut ea. Velit fugiat quo quae voluptatem at blanditiis qui. Saepe eligendi natus consectetur id est quam vel. Nisi aut non sint labore.', '1987-11-22 01:50:03', '2007-02-04 04:37:07');
INSERT INTO `likes_post` (`id`, `user_id`, `post_id`, `body`, `created_at`, `updated_at`) VALUES (18, 14, 79, 'Vel corrupti nihil et optio explicabo. Atque blanditiis magni aut velit eligendi architecto. Tenetur harum molestiae id corporis iste.', '2015-11-19 22:47:20', '2018-09-07 13:49:04');
INSERT INTO `likes_post` (`id`, `user_id`, `post_id`, `body`, `created_at`, `updated_at`) VALUES (19, 6, 63, 'Unde reprehenderit animi qui iusto impedit assumenda. Quidem quae est quia ut et ratione.', '1995-01-31 09:54:26', '1990-11-01 04:13:16');
INSERT INTO `likes_post` (`id`, `user_id`, `post_id`, `body`, `created_at`, `updated_at`) VALUES (20, 78, 84, 'Ullam atque qui delectus est numquam sint et accusantium. Omnis aut explicabo quibusdam. Sequi magni praesentium dolorem rerum tempora.', '2010-06-16 10:04:38', '1971-12-23 02:34:56');
INSERT INTO `likes_post` (`id`, `user_id`, `post_id`, `body`, `created_at`, `updated_at`) VALUES (21, 74, 23, 'Dolorum itaque laudantium omnis quaerat. Consequatur omnis assumenda animi officia sint et excepturi. Sunt cupiditate vitae aut veniam exercitationem. Debitis et odit velit veritatis qui.', '1981-08-10 15:16:05', '2016-11-12 22:52:44');
INSERT INTO `likes_post` (`id`, `user_id`, `post_id`, `body`, `created_at`, `updated_at`) VALUES (22, 13, 15, 'Dolor rerum illum exercitationem. Iure laborum numquam accusamus et quam. Eaque tempore saepe culpa id assumenda.', '1977-11-12 17:36:42', '2018-02-06 22:11:39');
INSERT INTO `likes_post` (`id`, `user_id`, `post_id`, `body`, `created_at`, `updated_at`) VALUES (23, 58, 47, 'Perferendis consequatur aliquid quo et. Ea beatae dignissimos quia minima fuga qui. Ratione quos quas cupiditate magni voluptatibus. Eaque facilis maiores ipsam distinctio iste occaecati. Et nesciunt architecto sed commodi suscipit et sed.', '1971-06-07 20:23:13', '2017-09-03 14:55:46');
INSERT INTO `likes_post` (`id`, `user_id`, `post_id`, `body`, `created_at`, `updated_at`) VALUES (24, 85, 93, 'Consequuntur odio error modi nihil. Quos asperiores expedita fugiat. Nostrum temporibus illum voluptate eaque rerum quia. Qui distinctio fuga modi molestias.', '1980-07-15 14:34:44', '1990-05-19 21:53:32');
INSERT INTO `likes_post` (`id`, `user_id`, `post_id`, `body`, `created_at`, `updated_at`) VALUES (25, 49, 69, 'Placeat aut aut illo enim. Porro mollitia vel et sunt. Cupiditate et id nam quod consequatur possimus dolorem.', '1970-04-24 06:57:30', '1980-04-18 06:10:20');
INSERT INTO `likes_post` (`id`, `user_id`, `post_id`, `body`, `created_at`, `updated_at`) VALUES (26, 88, 98, 'Autem sed delectus rerum aliquid. Dolorum eos eaque voluptatem aut sed.', '1976-03-19 08:42:50', '1998-04-28 15:07:16');
INSERT INTO `likes_post` (`id`, `user_id`, `post_id`, `body`, `created_at`, `updated_at`) VALUES (27, 4, 61, 'Odio ut in quod illo. Sed cum sed mollitia dolorum. Rem dolor ab saepe commodi asperiores autem laborum. Qui corporis tenetur deleniti neque.', '2001-04-05 03:25:34', '1978-08-13 00:00:17');
INSERT INTO `likes_post` (`id`, `user_id`, `post_id`, `body`, `created_at`, `updated_at`) VALUES (28, 100, 40, 'Alias labore accusamus maxime dignissimos eos doloremque. Tempore vel quas facere magni minus provident. Quasi fugit est voluptatem voluptatibus sit. Labore corporis et sint unde corrupti officiis omnis. Nulla ullam esse id necessitatibus aliquam hic.', '1978-10-10 19:57:33', '1973-03-07 15:48:27');
INSERT INTO `likes_post` (`id`, `user_id`, `post_id`, `body`, `created_at`, `updated_at`) VALUES (29, 52, 41, 'Et quo dolorum minima. Quia voluptatem ab sapiente earum vero. Quidem soluta optio placeat quae et. Et quo amet sint ea error.', '1982-12-03 06:20:37', '2007-12-10 04:09:03');
INSERT INTO `likes_post` (`id`, `user_id`, `post_id`, `body`, `created_at`, `updated_at`) VALUES (30, 9, 62, 'Laboriosam quidem sed est distinctio. Ea atque voluptates et quo. Libero cumque ipsam amet dignissimos aliquam voluptatem odit.', '1984-03-20 09:18:11', '2003-09-20 00:28:57');
INSERT INTO `likes_post` (`id`, `user_id`, `post_id`, `body`, `created_at`, `updated_at`) VALUES (31, 37, 93, 'Quidem necessitatibus quasi corporis aliquid est neque molestiae. Error velit et et esse ex.', '1980-04-04 22:25:16', '1988-07-18 22:02:46');
INSERT INTO `likes_post` (`id`, `user_id`, `post_id`, `body`, `created_at`, `updated_at`) VALUES (32, 95, 16, 'Sunt voluptatem autem sit adipisci est. Quisquam doloremque ad sed qui et tempore dolorem. Illo et totam rerum cum itaque.', '2010-09-03 14:33:14', '1978-02-12 09:52:17');
INSERT INTO `likes_post` (`id`, `user_id`, `post_id`, `body`, `created_at`, `updated_at`) VALUES (33, 96, 39, 'Perspiciatis qui quo aliquid ut consequatur iusto. Fugit voluptas aut voluptatum quidem. Velit repellendus et illum officia. Rem aut labore cupiditate voluptatem unde impedit quas. Ea enim et eius voluptatem.', '1976-07-20 11:56:49', '2014-03-20 22:51:52');
INSERT INTO `likes_post` (`id`, `user_id`, `post_id`, `body`, `created_at`, `updated_at`) VALUES (34, 14, 94, 'Eius ut maiores quia natus minus distinctio explicabo. Repellendus voluptatem nihil hic. Optio vel atque voluptas minus quod voluptatem est autem.', '1995-08-28 00:56:43', '1984-06-30 16:06:20');
INSERT INTO `likes_post` (`id`, `user_id`, `post_id`, `body`, `created_at`, `updated_at`) VALUES (35, 15, 59, 'Tempore ex dolore beatae corrupti sed sit asperiores. Et atque ullam repellat incidunt quia ut ea. Dolorem neque consequuntur suscipit sit maxime.', '1992-08-01 06:46:56', '1985-06-22 23:58:39');
INSERT INTO `likes_post` (`id`, `user_id`, `post_id`, `body`, `created_at`, `updated_at`) VALUES (36, 16, 63, 'Expedita enim enim et quo voluptas. Iure non animi doloremque perspiciatis. Odit quia libero ut eum ullam et ipsum. Est ipsam consequatur ducimus dolores consequuntur provident qui.', '1983-12-18 16:47:52', '2004-07-04 21:01:42');
INSERT INTO `likes_post` (`id`, `user_id`, `post_id`, `body`, `created_at`, `updated_at`) VALUES (37, 61, 31, 'Quia vel sed voluptas tempore hic neque molestias ut. Labore sequi omnis fugit consequuntur quam perferendis rerum. Voluptas reiciendis est consequatur explicabo quis at dolores repellat. Ut expedita sint et sunt perspiciatis.', '2010-04-04 09:37:02', '2002-01-30 01:27:13');
INSERT INTO `likes_post` (`id`, `user_id`, `post_id`, `body`, `created_at`, `updated_at`) VALUES (38, 19, 58, 'Quas ea maiores accusamus et. Id dolores eum ducimus nemo vel. Quam sit et culpa cupiditate quis accusantium velit. Ad tempora culpa cupiditate rem.', '1985-06-25 08:48:44', '2005-10-12 10:37:47');
INSERT INTO `likes_post` (`id`, `user_id`, `post_id`, `body`, `created_at`, `updated_at`) VALUES (39, 94, 75, 'Et exercitationem autem atque. Ducimus aut ipsa ipsa quia similique molestiae maxime. Vitae cum in dolor qui. Sint enim sed ipsam ea eaque sed rerum ipsum.', '1979-10-21 13:29:20', '1998-11-06 21:18:46');
INSERT INTO `likes_post` (`id`, `user_id`, `post_id`, `body`, `created_at`, `updated_at`) VALUES (40, 41, 53, 'Vel quidem vero et officia minima ipsa qui. Omnis qui impedit qui odit rerum corrupti laboriosam. Laborum est autem qui aperiam. Possimus aut excepturi sequi nesciunt voluptatem illo. Minus ut et ut officia enim nihil.', '2009-05-19 18:26:14', '2017-02-22 02:54:06');
INSERT INTO `likes_post` (`id`, `user_id`, `post_id`, `body`, `created_at`, `updated_at`) VALUES (41, 56, 50, 'Doloremque maiores ipsam autem nihil et. Perferendis est sint rerum et voluptates doloremque.', '2010-11-04 11:23:42', '1984-04-08 15:45:33');
INSERT INTO `likes_post` (`id`, `user_id`, `post_id`, `body`, `created_at`, `updated_at`) VALUES (42, 42, 10, 'Illo incidunt enim ut occaecati et et rem labore. Dicta culpa perspiciatis veniam ea fugiat. A et et nostrum error molestias. Excepturi quia libero explicabo.', '2008-11-08 10:16:15', '1998-10-10 04:07:48');
INSERT INTO `likes_post` (`id`, `user_id`, `post_id`, `body`, `created_at`, `updated_at`) VALUES (43, 72, 44, 'Inventore voluptates unde repudiandae qui qui qui. Et repudiandae odio perferendis impedit. Tempora dolorem occaecati excepturi.', '1988-11-28 19:05:35', '1978-09-27 11:36:16');
INSERT INTO `likes_post` (`id`, `user_id`, `post_id`, `body`, `created_at`, `updated_at`) VALUES (44, 40, 77, 'Iusto dolorum reprehenderit assumenda consequatur architecto quia. Voluptates aut consequatur eius non unde accusamus. Dicta sed reiciendis asperiores voluptates.', '2021-02-02 14:35:03', '2016-08-13 16:28:19');
INSERT INTO `likes_post` (`id`, `user_id`, `post_id`, `body`, `created_at`, `updated_at`) VALUES (45, 22, 75, 'Velit esse soluta impedit eos ratione est harum. Voluptate enim id laudantium perferendis. Dolor maxime distinctio maxime. Assumenda est ea iste. Beatae pariatur veniam ullam quam assumenda vel maiores.', '2011-10-29 20:34:41', '1971-04-01 14:02:46');
INSERT INTO `likes_post` (`id`, `user_id`, `post_id`, `body`, `created_at`, `updated_at`) VALUES (46, 19, 54, 'Magni et consequatur maiores aut ullam et est. Eos sunt mollitia debitis consequatur. Error quis et et quod a provident.', '2017-03-03 08:52:48', '2005-07-22 13:08:30');
INSERT INTO `likes_post` (`id`, `user_id`, `post_id`, `body`, `created_at`, `updated_at`) VALUES (47, 32, 43, 'Ratione quis libero reiciendis et. Recusandae alias doloremque optio placeat eaque ullam aperiam consequatur. Dicta est dolore distinctio. Commodi officiis explicabo voluptatem qui blanditiis impedit.', '1981-09-03 04:48:39', '2004-01-01 11:59:03');
INSERT INTO `likes_post` (`id`, `user_id`, `post_id`, `body`, `created_at`, `updated_at`) VALUES (48, 73, 100, 'Dolores beatae voluptates placeat ex fugit. Necessitatibus qui asperiores et fugiat libero exercitationem asperiores eveniet. Repellat magnam tenetur eius aliquid blanditiis dolores dicta. Nemo eaque consectetur eum sed qui.', '1989-02-20 16:03:37', '2020-05-31 11:52:05');
INSERT INTO `likes_post` (`id`, `user_id`, `post_id`, `body`, `created_at`, `updated_at`) VALUES (49, 74, 83, 'A fugiat aut beatae aperiam ut. Dolor nihil sit consequatur sequi repellendus animi. Iusto ad fuga quo doloremque dolor nostrum.', '1994-04-12 18:26:10', '1998-10-20 22:57:46');
INSERT INTO `likes_post` (`id`, `user_id`, `post_id`, `body`, `created_at`, `updated_at`) VALUES (50, 37, 42, 'Optio sit dolorem quis dicta iusto. Dolores laudantium est magni rerum alias sint maiores quis. Inventore quia asperiores nisi quis eligendi. Animi consequatur ipsa voluptatibus odio.', '1990-01-17 19:44:04', '1982-06-30 10:32:12');
INSERT INTO `likes_post` (`id`, `user_id`, `post_id`, `body`, `created_at`, `updated_at`) VALUES (51, 12, 97, 'Vero cum animi repellat minus. Et mollitia voluptates aut sint beatae ad.', '1994-05-13 15:45:18', '2020-12-26 14:55:15');
INSERT INTO `likes_post` (`id`, `user_id`, `post_id`, `body`, `created_at`, `updated_at`) VALUES (52, 92, 47, 'Ipsa repudiandae dolorem minus dolores quia blanditiis quam officiis. Voluptate et odio nobis. Aliquid aliquam provident enim necessitatibus porro quidem. Ut est non velit autem amet.', '1980-03-18 20:14:26', '2002-03-02 09:41:38');
INSERT INTO `likes_post` (`id`, `user_id`, `post_id`, `body`, `created_at`, `updated_at`) VALUES (53, 15, 9, 'Libero aperiam provident reiciendis ut rerum omnis vel. Id omnis neque voluptatem enim qui quas. Dolor recusandae porro qui qui voluptatum et sed aut. Itaque illo sint aperiam quas culpa nemo. Dolor perspiciatis quisquam explicabo dolorem aperiam nihil.', '2008-11-30 14:44:01', '2013-11-05 16:12:20');
INSERT INTO `likes_post` (`id`, `user_id`, `post_id`, `body`, `created_at`, `updated_at`) VALUES (54, 4, 87, 'Ut alias at quod ipsum suscipit. Placeat quas hic neque quos dignissimos expedita dolorem. Sed doloremque veniam consequatur delectus et facilis fugiat. Cum aliquam sapiente nesciunt culpa fugit iure pariatur.', '1985-08-07 14:59:05', '1975-07-31 19:52:23');
INSERT INTO `likes_post` (`id`, `user_id`, `post_id`, `body`, `created_at`, `updated_at`) VALUES (55, 93, 89, 'Nulla ipsam omnis eum fuga. Est rem minus earum fugiat. Tempore nihil animi voluptatem magni voluptatum.', '2001-07-12 01:28:39', '1976-08-14 21:25:15');
INSERT INTO `likes_post` (`id`, `user_id`, `post_id`, `body`, `created_at`, `updated_at`) VALUES (56, 82, 44, 'Soluta dolores est et impedit necessitatibus aut omnis sint. Et nobis excepturi debitis enim ut. In eos reiciendis aspernatur saepe. Magni ea animi est id et eos aspernatur quidem.', '1986-08-20 21:47:59', '1987-12-18 07:51:22');
INSERT INTO `likes_post` (`id`, `user_id`, `post_id`, `body`, `created_at`, `updated_at`) VALUES (57, 56, 79, 'Qui quo labore quas et iusto in. Ut consequatur numquam praesentium assumenda. Et animi non nobis quasi est voluptatibus.', '2004-04-25 10:28:39', '2007-11-12 04:12:35');
INSERT INTO `likes_post` (`id`, `user_id`, `post_id`, `body`, `created_at`, `updated_at`) VALUES (58, 40, 90, 'Est est illum sapiente. Atque fuga et dolore ut eveniet in porro. Provident quibusdam veritatis neque quia illum. Id ad voluptatem velit.', '1977-11-30 12:56:00', '1995-07-02 07:33:59');
INSERT INTO `likes_post` (`id`, `user_id`, `post_id`, `body`, `created_at`, `updated_at`) VALUES (59, 51, 70, 'Commodi omnis dicta aut. Omnis vel ad vero sapiente minima quis quibusdam. Atque sapiente similique ipsam aliquam facilis ea. Unde et et provident est excepturi.', '1979-03-15 06:05:25', '1997-09-28 21:12:50');
INSERT INTO `likes_post` (`id`, `user_id`, `post_id`, `body`, `created_at`, `updated_at`) VALUES (60, 61, 80, 'Harum omnis quos error maiores officiis ipsum distinctio aut. Ipsam nam voluptas blanditiis est reiciendis saepe. Mollitia cum iste qui quo fugiat tempora vel.', '2012-08-11 11:06:00', '2008-03-16 15:55:39');
INSERT INTO `likes_post` (`id`, `user_id`, `post_id`, `body`, `created_at`, `updated_at`) VALUES (61, 81, 13, 'Natus doloribus perferendis ut quo. Voluptas necessitatibus vel architecto atque odio quam. Qui aperiam aut praesentium repudiandae sed.', '1995-10-24 11:49:48', '1986-07-25 03:20:29');
INSERT INTO `likes_post` (`id`, `user_id`, `post_id`, `body`, `created_at`, `updated_at`) VALUES (62, 5, 33, 'Et id sed ex culpa sed. Corporis tenetur sit ut et ex magnam cupiditate. Est sapiente eveniet eius non inventore quod. Non facilis debitis quo.', '2002-12-25 01:15:57', '2013-06-24 19:03:17');
INSERT INTO `likes_post` (`id`, `user_id`, `post_id`, `body`, `created_at`, `updated_at`) VALUES (63, 20, 48, 'Corrupti voluptas omnis alias eos maiores molestiae recusandae laudantium. Et adipisci nihil nisi deserunt ipsa architecto distinctio a. Fugit eos reiciendis sint iure rerum in voluptate voluptates. Distinctio sit molestiae ratione fugit.', '2017-12-18 01:27:50', '1972-10-10 04:50:58');
INSERT INTO `likes_post` (`id`, `user_id`, `post_id`, `body`, `created_at`, `updated_at`) VALUES (64, 74, 15, 'Aspernatur vel saepe hic doloribus quo eos minus. Quis aut consequatur consequatur velit sit. Debitis ut qui nihil eveniet omnis fuga deserunt.', '2012-05-28 14:28:21', '2003-10-20 10:13:42');
INSERT INTO `likes_post` (`id`, `user_id`, `post_id`, `body`, `created_at`, `updated_at`) VALUES (65, 62, 80, 'Dolorem enim consectetur possimus quis iure. Rem amet minima enim.', '1998-07-07 21:43:07', '2018-01-25 01:14:10');
INSERT INTO `likes_post` (`id`, `user_id`, `post_id`, `body`, `created_at`, `updated_at`) VALUES (66, 93, 99, 'Dolor odio sunt quam magni magni. Officiis reprehenderit perferendis quisquam id aspernatur.', '2006-03-26 18:17:28', '2007-02-22 06:54:10');
INSERT INTO `likes_post` (`id`, `user_id`, `post_id`, `body`, `created_at`, `updated_at`) VALUES (67, 39, 74, 'Adipisci voluptate et voluptas laboriosam. Iure eligendi in voluptas porro. Vel ea enim molestiae explicabo ut. Corporis sit aut illo et.', '2000-11-01 06:27:45', '1989-01-11 10:24:31');
INSERT INTO `likes_post` (`id`, `user_id`, `post_id`, `body`, `created_at`, `updated_at`) VALUES (68, 81, 12, 'Culpa voluptas hic omnis omnis. Numquam porro voluptas est accusamus sit excepturi expedita. Totam provident itaque velit repellat ullam.', '2010-07-25 18:01:57', '1991-09-04 19:27:20');
INSERT INTO `likes_post` (`id`, `user_id`, `post_id`, `body`, `created_at`, `updated_at`) VALUES (69, 38, 27, 'Reiciendis laborum deserunt odio culpa. Perspiciatis quaerat molestiae eveniet veritatis sed. Maiores pariatur quia cupiditate quibusdam est autem sed.', '1979-06-04 02:31:38', '1982-03-20 00:23:06');
INSERT INTO `likes_post` (`id`, `user_id`, `post_id`, `body`, `created_at`, `updated_at`) VALUES (70, 45, 68, 'Expedita molestiae itaque ea non consequatur alias. Et quia consequatur aut accusantium ut nostrum. Aut provident sit officia soluta animi sed et.', '2011-06-10 21:17:00', '2014-08-18 11:14:09');
INSERT INTO `likes_post` (`id`, `user_id`, `post_id`, `body`, `created_at`, `updated_at`) VALUES (71, 50, 53, 'Itaque aut qui at rerum error dolores. Aliquid libero ea doloremque repudiandae unde quo. Omnis a accusantium dolores autem quisquam eos sed sint.', '2010-06-27 15:10:03', '1988-02-02 15:29:07');
INSERT INTO `likes_post` (`id`, `user_id`, `post_id`, `body`, `created_at`, `updated_at`) VALUES (72, 29, 37, 'At laborum quas aut nemo magni quam. Sed ipsa quod eius blanditiis veritatis dolor. Aut voluptates exercitationem molestias quo. Sint ipsa est et amet ipsa neque.', '2008-06-22 21:13:07', '1978-12-06 13:54:30');
INSERT INTO `likes_post` (`id`, `user_id`, `post_id`, `body`, `created_at`, `updated_at`) VALUES (73, 91, 79, 'Sint et vero et quo accusamus vel ea. Ea perferendis laborum aperiam dignissimos ex. Voluptatum sint aspernatur mollitia placeat. Minima enim at et provident eius sed totam.', '2002-05-13 21:26:14', '1971-12-19 09:24:28');
INSERT INTO `likes_post` (`id`, `user_id`, `post_id`, `body`, `created_at`, `updated_at`) VALUES (74, 45, 70, 'Itaque ad dolore ea saepe cupiditate praesentium. Vitae reiciendis suscipit possimus odit tempore quod. Voluptate quaerat voluptatem aliquid rerum tenetur.', '2011-09-06 04:18:43', '2006-06-10 10:09:25');
INSERT INTO `likes_post` (`id`, `user_id`, `post_id`, `body`, `created_at`, `updated_at`) VALUES (75, 27, 14, 'Possimus nam minima saepe est ut exercitationem ut. Officia aliquam non dicta. Suscipit dolores eum repudiandae vel voluptas et nam.', '1978-10-16 00:10:28', '1990-06-28 03:16:22');
INSERT INTO `likes_post` (`id`, `user_id`, `post_id`, `body`, `created_at`, `updated_at`) VALUES (76, 97, 98, 'Est atque quod assumenda magnam at optio qui. Ut non aut autem iste ab non alias. Fugiat asperiores qui impedit sit ad voluptatem ducimus. Quasi asperiores rerum porro recusandae.', '2017-09-26 05:52:23', '2015-06-01 18:02:29');
INSERT INTO `likes_post` (`id`, `user_id`, `post_id`, `body`, `created_at`, `updated_at`) VALUES (77, 10, 60, 'Cumque dolorum dicta dolores quidem. Ipsum magni facilis repellendus facilis quis rerum. Cum non quae sunt ut dolores. Fugiat magni animi repellendus ullam et optio.', '2014-07-15 21:58:10', '1970-09-06 19:59:42');
INSERT INTO `likes_post` (`id`, `user_id`, `post_id`, `body`, `created_at`, `updated_at`) VALUES (78, 28, 52, 'Voluptatum totam labore et molestias. Eius quam exercitationem optio sed occaecati numquam. Voluptatibus eum perspiciatis voluptatem incidunt adipisci repellendus molestias.', '1992-06-18 23:16:47', '1987-10-31 02:12:45');
INSERT INTO `likes_post` (`id`, `user_id`, `post_id`, `body`, `created_at`, `updated_at`) VALUES (79, 97, 72, 'Asperiores et qui earum quo quam voluptate tempore. Error qui voluptas excepturi nulla quae qui aliquam.', '2014-06-03 22:48:34', '1977-12-05 20:03:30');
INSERT INTO `likes_post` (`id`, `user_id`, `post_id`, `body`, `created_at`, `updated_at`) VALUES (80, 56, 12, 'Quas rerum dolorum deleniti in. Culpa est voluptatem incidunt eos inventore non aliquam. Sunt ad asperiores voluptas unde alias eaque. Dignissimos recusandae inventore aut ipsa.', '2014-07-28 21:01:14', '1982-02-08 10:12:24');
INSERT INTO `likes_post` (`id`, `user_id`, `post_id`, `body`, `created_at`, `updated_at`) VALUES (81, 75, 67, 'Natus reiciendis deserunt ut est recusandae quidem maxime ullam. Repellat et ea ut impedit ut hic sint. Eum veritatis quos esse qui repudiandae. Ratione suscipit atque voluptatem molestiae ipsa.', '1985-07-26 00:40:02', '2011-07-03 08:14:58');
INSERT INTO `likes_post` (`id`, `user_id`, `post_id`, `body`, `created_at`, `updated_at`) VALUES (82, 41, 65, 'Ratione incidunt hic repellat et odio ut. Iure dolorem recusandae consequuntur. Doloribus perspiciatis quidem ducimus eum ad. Occaecati esse itaque et.', '1993-08-21 23:23:50', '2000-08-30 10:32:28');
INSERT INTO `likes_post` (`id`, `user_id`, `post_id`, `body`, `created_at`, `updated_at`) VALUES (83, 98, 91, 'Suscipit cumque repellendus non sunt nihil ipsam nobis. Architecto officiis sunt quas sint fuga aut. Consectetur architecto in tenetur labore blanditiis voluptatum. Earum alias quibusdam magnam molestiae dolore.', '1970-04-23 20:43:26', '1985-08-08 08:26:55');
INSERT INTO `likes_post` (`id`, `user_id`, `post_id`, `body`, `created_at`, `updated_at`) VALUES (84, 25, 43, 'Molestias quis nisi officia. Eligendi provident velit perspiciatis et cupiditate quia. Temporibus molestiae laborum voluptates tempora enim ex temporibus sed.', '2015-07-05 22:02:01', '2009-12-09 02:49:59');
INSERT INTO `likes_post` (`id`, `user_id`, `post_id`, `body`, `created_at`, `updated_at`) VALUES (85, 36, 97, 'Modi a illo ipsam sint nihil. Quia sit numquam ex nulla officia assumenda. Quibusdam incidunt labore architecto quaerat fugiat non aut nulla.', '1998-09-26 18:03:16', '1982-11-25 15:37:28');
INSERT INTO `likes_post` (`id`, `user_id`, `post_id`, `body`, `created_at`, `updated_at`) VALUES (86, 100, 1, 'Sit est ut sapiente. Ut animi dolores id ut nisi at. Vel aut nihil est dolor animi.', '1979-06-29 07:56:21', '1990-06-09 20:06:50');
INSERT INTO `likes_post` (`id`, `user_id`, `post_id`, `body`, `created_at`, `updated_at`) VALUES (87, 26, 72, 'Quia ex qui itaque sunt. Sit temporibus quia fugit repellat nemo id id. Nostrum tenetur et laboriosam et aspernatur dolorem.', '1973-01-09 05:00:12', '2008-08-25 00:19:43');
INSERT INTO `likes_post` (`id`, `user_id`, `post_id`, `body`, `created_at`, `updated_at`) VALUES (88, 66, 31, 'Nostrum voluptas harum eveniet. Aut vitae omnis aut facere.', '2011-10-15 22:30:27', '1977-01-11 14:16:32');
INSERT INTO `likes_post` (`id`, `user_id`, `post_id`, `body`, `created_at`, `updated_at`) VALUES (89, 22, 11, 'Aliquid at commodi et velit cumque et sapiente. Id et nesciunt veniam eligendi repellat non. Laboriosam mollitia tempora aspernatur. Eum dolores quaerat eligendi.', '1974-07-10 03:02:18', '2011-08-02 12:48:37');
INSERT INTO `likes_post` (`id`, `user_id`, `post_id`, `body`, `created_at`, `updated_at`) VALUES (90, 58, 71, 'Vero quia ex expedita odit. Maxime saepe officia ullam eligendi blanditiis. Eum recusandae laudantium delectus nisi aut dicta voluptas.', '2004-02-22 14:22:11', '1994-11-06 16:13:11');
INSERT INTO `likes_post` (`id`, `user_id`, `post_id`, `body`, `created_at`, `updated_at`) VALUES (91, 47, 5, 'Et dolore ea mollitia voluptas. Sapiente dolore non eligendi adipisci aut doloremque.', '2020-04-15 08:12:15', '2010-11-20 14:35:06');
INSERT INTO `likes_post` (`id`, `user_id`, `post_id`, `body`, `created_at`, `updated_at`) VALUES (92, 33, 94, 'Quia non est quae. Est officia deleniti ut non nulla voluptas. Laborum quo odio dolorem possimus enim et repellendus.', '2017-02-17 19:34:06', '1988-08-17 15:27:57');
INSERT INTO `likes_post` (`id`, `user_id`, `post_id`, `body`, `created_at`, `updated_at`) VALUES (93, 51, 94, 'Laborum assumenda error consequatur modi. Sunt est maiores quia ea est soluta est. Repellat asperiores perspiciatis voluptas.', '1976-03-20 00:35:24', '2005-09-05 23:28:52');
INSERT INTO `likes_post` (`id`, `user_id`, `post_id`, `body`, `created_at`, `updated_at`) VALUES (94, 36, 23, 'Veritatis aperiam ea sed dolores et debitis. Pariatur et debitis dolores consequatur cupiditate. Non odio impedit similique sequi sed necessitatibus quo.', '2010-12-09 12:14:43', '2003-06-13 17:19:23');
INSERT INTO `likes_post` (`id`, `user_id`, `post_id`, `body`, `created_at`, `updated_at`) VALUES (95, 20, 8, 'Harum quo nostrum quidem distinctio aut vero libero tempore. Maiores nemo quibusdam doloremque est.', '1981-09-03 23:17:32', '2004-06-12 23:05:19');
INSERT INTO `likes_post` (`id`, `user_id`, `post_id`, `body`, `created_at`, `updated_at`) VALUES (96, 95, 71, 'Esse iure aspernatur ea sequi blanditiis. Doloremque et dolor est provident qui sequi quidem. Consequatur soluta quaerat ut delectus ullam dolor voluptatibus molestiae.', '1977-05-19 12:15:10', '1982-07-24 15:42:56');
INSERT INTO `likes_post` (`id`, `user_id`, `post_id`, `body`, `created_at`, `updated_at`) VALUES (97, 85, 48, 'Eligendi earum possimus et earum labore. Ut iste occaecati et saepe. Neque voluptas aut suscipit quas aut.', '2016-03-10 17:57:11', '1975-06-28 23:18:16');
INSERT INTO `likes_post` (`id`, `user_id`, `post_id`, `body`, `created_at`, `updated_at`) VALUES (98, 10, 81, 'Voluptatum dolores enim laboriosam omnis. Ipsam dolorem autem voluptates molestiae quaerat sed dolorem. Corporis nisi vero enim adipisci ducimus ipsam. Dolore enim optio tempore.', '1991-10-07 06:53:13', '1991-09-08 04:15:32');
INSERT INTO `likes_post` (`id`, `user_id`, `post_id`, `body`, `created_at`, `updated_at`) VALUES (99, 73, 38, 'Rerum qui sed repudiandae dolor exercitationem incidunt. Error eius aut sapiente possimus praesentium doloribus et ut. Eum eum velit laudantium earum. Sint porro temporibus voluptatum nulla dolores.', '1986-01-18 01:34:49', '1973-09-13 08:28:21');
INSERT INTO `likes_post` (`id`, `user_id`, `post_id`, `body`, `created_at`, `updated_at`) VALUES (100, 19, 46, 'Sint voluptatibus mollitia ad nostrum asperiores asperiores minus. Laudantium aut perspiciatis dolorem commodi molestias repellat. Tenetur vel et autem ipsum sequi natus et. Dolorum ut velit nihil modi expedita.', '1992-01-03 18:52:36', '2018-02-26 14:34:41');


COMMIT;
