
DROP DATABASE IF EXISTS vk;
CREATE DATABASE vk;

USE vk;

-- 1)Повторить все действия по доработке БД vk.

CREATE TABLE users (
  id INT UNSIGNED NOT NULL AUTO_INCREMENT PRIMARY KEY COMMENT "Идентификатор строки", 
  first_name VARCHAR(100) NOT NULL COMMENT "Имя пользователя",
  last_name VARCHAR(100) NOT NULL COMMENT "Фамилия пользователя",
  email VARCHAR(100) NOT NULL UNIQUE COMMENT "Почта",
  phone VARCHAR(100) NOT NULL UNIQUE COMMENT "Телефон",
  data_of_birth DATETIME COMMENT "Дата рождения",
  created_at DATETIME DEFAULT CURRENT_TIMESTAMP COMMENT "Время создания строки",  
  updated_at DATETIME DEFAULT CURRENT_TIMESTAMP ON UPDATE CURRENT_TIMESTAMP COMMENT "Время обновления строки"
) COMMENT "Пользователи";  

-- закомментил ограничение, чтобы заполнение базы сделать
-- ALTER TABLE users ADD CONSTRAINT `phone_check` CHECK (REGEXP_LIKE(phone, '[0-9]{11}'));

CREATE TABLE profiles (
  user_id INT UNSIGNED NOT NULL PRIMARY KEY COMMENT "Ссылка на пользователя", 
  gender CHAR(1) NOT NULL COMMENT "Пол",
  birthday DATE COMMENT "Дата рождения",
  city VARCHAR(130) COMMENT "Город проживания",
  country VARCHAR(130) COMMENT "Страна проживания",
  created_at DATETIME DEFAULT CURRENT_TIMESTAMP COMMENT "Время создания строки",  
  updated_at DATETIME DEFAULT CURRENT_TIMESTAMP ON UPDATE CURRENT_TIMESTAMP COMMENT "Время обновления строки"
) COMMENT "Профили";

ALTER TABLE profiles ADD CONSTRAINT fk_profiles_users FOREIGN KEY (user_id) REFERENCES users (id);

CREATE TABLE friendship (
  user_id INT UNSIGNED NOT NULL COMMENT "Ссылка на инициатора дружеских отношений",
  friend_id INT UNSIGNED NOT NULL COMMENT "Ссылка на получателя приглашения дружить",
  friendship_status_id INT UNSIGNED NOT NULL COMMENT "Ссылка на статус (текущее состояние) отношений",
  requested_at DATETIME DEFAULT NOW() COMMENT "Время отправления приглашения дружить",
  confirmed_at DATETIME COMMENT "Время подтверждения приглашения",
  created_at DATETIME DEFAULT CURRENT_TIMESTAMP COMMENT "Время создания строки",  
  updated_at DATETIME DEFAULT CURRENT_TIMESTAMP ON UPDATE CURRENT_TIMESTAMP COMMENT "Время обновления строки",  
  PRIMARY KEY (user_id, friend_id) COMMENT "Составной первичный ключ"
) COMMENT "Таблица дружбы";

CREATE TABLE friendship_statuses (
  id INT UNSIGNED NOT NULL AUTO_INCREMENT PRIMARY KEY COMMENT "Идентификатор строки",
  name VARCHAR(150) NOT NULL UNIQUE COMMENT "Название статуса",
  created_at DATETIME DEFAULT CURRENT_TIMESTAMP COMMENT "Время создания строки",  
  updated_at DATETIME DEFAULT CURRENT_TIMESTAMP ON UPDATE CURRENT_TIMESTAMP COMMENT "Время обновления строки"  
) COMMENT "Статусы дружбы";

ALTER TABLE friendship ADD CONSTRAINT fk_friendship_users_1 FOREIGN KEY (user_id) REFERENCES users (id);
ALTER TABLE friendship ADD CONSTRAINT fk_friendship_users_2 FOREIGN KEY (friend_id) REFERENCES users (id);
ALTER TABLE friendship ADD CONSTRAINT fk_friendship_status FOREIGN KEY (friendship_status_id) REFERENCES friendship_statuses (id);

CREATE TABLE messages (
  id INT UNSIGNED NOT NULL AUTO_INCREMENT PRIMARY KEY COMMENT "Идентификатор строки", 
  from_user_id INT UNSIGNED NOT NULL COMMENT "Ссылка на отправителя сообщения",
  to_user_id INT UNSIGNED NOT NULL COMMENT "Ссылка на получателя сообщения",
  body TEXT NOT NULL COMMENT "Текст сообщения",
  message_status_id INT UNSIGNED NOT NULL,  
  created_at DATETIME DEFAULT CURRENT_TIMESTAMP COMMENT "Время создания строки",  
  updated_at DATETIME DEFAULT CURRENT_TIMESTAMP ON UPDATE CURRENT_TIMESTAMP COMMENT "Время обновления строки",
  is_important BOOLEAN COMMENT "Признак важности",
  media_id INT UNSIGNED
) COMMENT "Сообщения";



CREATE TABLE message_statuses (
	id INT UNSIGNED NOT NULL AUTO_INCREMENT PRIMARY KEY,
	name VARCHAR(100) NOT NULL UNIQUE,
	created_at DATETIME DEFAULT CURRENT_TIMESTAMP COMMENT "Время создания строки",  
	updated_at DATETIME DEFAULT CURRENT_TIMESTAMP ON UPDATE CURRENT_TIMESTAMP COMMENT "Время обновления строки"
) COMMENT "Статусы сообщений";

ALTER TABLE messages ADD CONSTRAINT fk_message_users_1 FOREIGN KEY (from_user_id) REFERENCES users (id);
ALTER TABLE messages ADD CONSTRAINT fk_message_users_2 FOREIGN KEY (to_user_id) REFERENCES users (id);
ALTER TABLE messages ADD CONSTRAINT fk_message_status FOREIGN KEY (message_status_id) REFERENCES message_statuses (id);
  

CREATE TABLE communities (
  id INT UNSIGNED NOT NULL AUTO_INCREMENT PRIMARY KEY COMMENT "Идентификатор сроки",
  name VARCHAR(150) NOT NULL UNIQUE COMMENT "Название группы",
  created_at DATETIME DEFAULT CURRENT_TIMESTAMP COMMENT "Время создания строки",  
  updated_at DATETIME DEFAULT CURRENT_TIMESTAMP ON UPDATE CURRENT_TIMESTAMP COMMENT "Время обновления строки"  
) COMMENT "Группы";


CREATE TABLE communities_users (
  user_id INT UNSIGNED NOT NULL COMMENT "Ссылка на пользователя",
  community_id INT UNSIGNED NOT NULL AUTO_INCREMENT,
  created_at DATETIME DEFAULT CURRENT_TIMESTAMP COMMENT "Время создания строки", 
  updated_at DATETIME DEFAULT CURRENT_TIMESTAMP ON UPDATE CURRENT_TIMESTAMP COMMENT "Время обновления строки",
  PRIMARY KEY (community_id, user_id) COMMENT "Составной первичный ключ"
) COMMENT "Участники групп, связь между пользователями и группами";

ALTER TABLE communities_users ADD CONSTRAINT fk_communities_user FOREIGN KEY (user_id) REFERENCES users (id);
ALTER TABLE communities_users ADD CONSTRAINT fk_community_id FOREIGN KEY (community_id) REFERENCES communities (id);


CREATE TABLE media (
  id INT UNSIGNED NOT NULL AUTO_INCREMENT PRIMARY KEY COMMENT "Идентификатор строки",
  media_name VARCHAR(100) NOT NULL UNIQUE,
  media_type_id INT UNSIGNED NOT NULL,
  created_at DATETIME DEFAULT CURRENT_TIMESTAMP COMMENT "Время создания строки",
  updated_at DATETIME DEFAULT CURRENT_TIMESTAMP ON UPDATE CURRENT_TIMESTAMP COMMENT "Время обновления строки",
  filename VARCHAR(255) NOT NULL UNIQUE,
  size INT NOT NULL
) COMMENT "Медиафайлы";


CREATE TABLE media_types (
  id INT UNSIGNED NOT NULL AUTO_INCREMENT PRIMARY KEY,
  name VARCHAR(100) NOT NULL UNIQUE,
  created_at DATETIME DEFAULT CURRENT_TIMESTAMP COMMENT "Время создания строки",  
  updated_at DATETIME DEFAULT CURRENT_TIMESTAMP ON UPDATE CURRENT_TIMESTAMP COMMENT "Время обновления строки"
) COMMENT "Типы медиаданных";

ALTER TABLE media ADD CONSTRAINT fk_media_type FOREIGN KEY (media_type_id) REFERENCES media_types (id);
ALTER TABLE messages ADD CONSTRAINT fk_media_id FOREIGN KEY (media_id) REFERENCES media (id);

CREATE TABLE entity_types (
  id INT UNSIGNED NOT NULL AUTO_INCREMENT PRIMARY KEY,
  name VARCHAR(100) NOT NULL UNIQUE,
  created_at DATETIME DEFAULT CURRENT_TIMESTAMP COMMENT "Время создания строки",  
  updated_at DATETIME DEFAULT CURRENT_TIMESTAMP ON UPDATE CURRENT_TIMESTAMP COMMENT "Время обновления строки"  
) COMMENT "Типы сущностей";


-- 2)Заполнить новые таблицы.

INSERT INTO `users` (`id`, `first_name`, `last_name`, `email`, `phone`, `data_of_birth`, `created_at`, `updated_at`) VALUES (1, 'Barry', 'Witting', 'jeramy.volkman@example.com', '183.571.2056', '2001-07-27 06:52:32', '2014-09-22 00:09:14', '1985-08-31 12:23:41');
INSERT INTO `users` (`id`, `first_name`, `last_name`, `email`, `phone`, `data_of_birth`, `created_at`, `updated_at`) VALUES (2, 'Bertram', 'Altenwerth', 'catalina.lueilwitz@example.com', '+51(7)2507805138', '1987-05-26 22:05:03', '1987-07-02 13:51:09', '2018-09-22 03:14:09');
INSERT INTO `users` (`id`, `first_name`, `last_name`, `email`, `phone`, `data_of_birth`, `created_at`, `updated_at`) VALUES (3, 'Pat', 'McDermott', 'kulas.tre@example.net', '119-415-4593x09857', '2013-08-14 06:08:32', '1987-03-25 22:19:12', '1971-09-15 06:00:11');
INSERT INTO `users` (`id`, `first_name`, `last_name`, `email`, `phone`, `data_of_birth`, `created_at`, `updated_at`) VALUES (4, 'Ian', 'Hodkiewicz', 'nicholaus49@example.net', '1-593-452-9085x34763', '2011-01-21 01:30:16', '1985-01-02 16:22:08', '2002-12-19 10:04:54');
INSERT INTO `users` (`id`, `first_name`, `last_name`, `email`, `phone`, `data_of_birth`, `created_at`, `updated_at`) VALUES (5, 'Burnice', 'Kshlerin', 'merle.parisian@example.net', '913.594.2256x778', '1995-07-15 09:42:33', '2019-05-07 19:23:00', '2011-12-31 09:42:24');
INSERT INTO `users` (`id`, `first_name`, `last_name`, `email`, `phone`, `data_of_birth`, `created_at`, `updated_at`) VALUES (6, 'Kyleigh', 'Hackett', 'breanne.morar@example.org', '943.273.0744x49940', '2010-05-18 05:36:43', '2001-11-12 03:17:38', '2008-05-05 03:32:56');
INSERT INTO `users` (`id`, `first_name`, `last_name`, `email`, `phone`, `data_of_birth`, `created_at`, `updated_at`) VALUES (7, 'Cleveland', 'Murazik', 'zkozey@example.org', '(650)723-6038x5606', '2009-03-20 00:31:35', '1973-04-07 11:42:53', '2008-04-16 10:17:43');
INSERT INTO `users` (`id`, `first_name`, `last_name`, `email`, `phone`, `data_of_birth`, `created_at`, `updated_at`) VALUES (8, 'Lemuel', 'Schoen', 'hbecker@example.org', '1-323-744-0620x752', '1986-01-03 02:05:45', '1986-05-24 09:02:38', '1972-10-03 18:38:19');
INSERT INTO `users` (`id`, `first_name`, `last_name`, `email`, `phone`, `data_of_birth`, `created_at`, `updated_at`) VALUES (9, 'Kara', 'Bednar', 'hand.anjali@example.net', '06642286070', '2015-05-10 00:12:57', '1998-03-22 11:30:50', '1971-11-04 10:50:35');
INSERT INTO `users` (`id`, `first_name`, `last_name`, `email`, `phone`, `data_of_birth`, `created_at`, `updated_at`) VALUES (10, 'Elta', 'Pacocha', 'watson.bartoletti@example.org', '268.045.1540', '1986-06-23 18:40:35', '2016-10-21 21:39:55', '2008-07-20 18:40:26');
INSERT INTO `users` (`id`, `first_name`, `last_name`, `email`, `phone`, `data_of_birth`, `created_at`, `updated_at`) VALUES (11, 'Alene', 'Mayert', 'clueilwitz@example.com', '651.257.7690', '1982-10-06 19:27:45', '2007-07-14 22:12:55', '1993-07-30 20:31:45');
INSERT INTO `users` (`id`, `first_name`, `last_name`, `email`, `phone`, `data_of_birth`, `created_at`, `updated_at`) VALUES (12, 'Roel', 'Schultz', 'gquitzon@example.org', '1-611-376-9552x589', '1983-11-15 04:38:22', '2007-11-24 06:24:09', '1977-06-18 15:30:56');
INSERT INTO `users` (`id`, `first_name`, `last_name`, `email`, `phone`, `data_of_birth`, `created_at`, `updated_at`) VALUES (13, 'Axel', 'Hansen', 'fblick@example.com', '(841)636-8203', '1981-02-04 12:08:47', '1989-05-13 14:50:15', '2000-09-26 09:31:32');
INSERT INTO `users` (`id`, `first_name`, `last_name`, `email`, `phone`, `data_of_birth`, `created_at`, `updated_at`) VALUES (14, 'Roxane', 'Heidenreich', 'nader.newton@example.com', '(908)301-1750x9508', '1976-01-14 19:38:14', '1979-05-15 02:59:10', '2006-03-23 16:04:17');
INSERT INTO `users` (`id`, `first_name`, `last_name`, `email`, `phone`, `data_of_birth`, `created_at`, `updated_at`) VALUES (15, 'Clovis', 'Schuster', 'cassin.nellie@example.org', '1-950-934-8118x61297', '1987-04-29 23:40:02', '2003-07-22 05:59:54', '1987-08-27 08:33:05');
INSERT INTO `users` (`id`, `first_name`, `last_name`, `email`, `phone`, `data_of_birth`, `created_at`, `updated_at`) VALUES (16, 'Viola', 'Lind', 'lucius81@example.com', '800-246-2258x917', '1983-04-08 17:36:09', '1984-03-31 00:27:17', '1997-02-16 15:39:27');
INSERT INTO `users` (`id`, `first_name`, `last_name`, `email`, `phone`, `data_of_birth`, `created_at`, `updated_at`) VALUES (17, 'Merle', 'Stamm', 'destany.kohler@example.com', '942-230-6407', '1976-11-26 18:19:57', '2007-02-12 10:26:27', '1982-03-01 06:08:04');
INSERT INTO `users` (`id`, `first_name`, `last_name`, `email`, `phone`, `data_of_birth`, `created_at`, `updated_at`) VALUES (18, 'Skylar', 'Wiegand', 'xkeebler@example.com', '1-321-248-9666x73353', '1977-02-24 11:19:40', '2005-12-11 14:23:35', '2000-08-25 12:35:02');
INSERT INTO `users` (`id`, `first_name`, `last_name`, `email`, `phone`, `data_of_birth`, `created_at`, `updated_at`) VALUES (19, 'Tiffany', 'Gleason', 'joana73@example.net', '1-557-796-5254x719', '2003-10-09 08:48:16', '2007-10-09 19:03:11', '1982-01-18 09:04:56');
INSERT INTO `users` (`id`, `first_name`, `last_name`, `email`, `phone`, `data_of_birth`, `created_at`, `updated_at`) VALUES (20, 'Syble', 'Connelly', 'sherwood10@example.com', '(888)964-2418', '1993-03-01 11:20:44', '1972-05-23 15:22:35', '2001-03-31 18:39:20');
INSERT INTO `users` (`id`, `first_name`, `last_name`, `email`, `phone`, `data_of_birth`, `created_at`, `updated_at`) VALUES (21, 'Lonnie', 'Kub', 'hillary39@example.org', '989-410-9421x29622', '2010-10-21 17:02:17', '2018-12-11 02:48:26', '1977-05-15 18:18:16');
INSERT INTO `users` (`id`, `first_name`, `last_name`, `email`, `phone`, `data_of_birth`, `created_at`, `updated_at`) VALUES (22, 'Agustina', 'West', 'bonnie.kiehn@example.net', '152.893.5003x9221', '1996-10-03 00:10:00', '1983-10-06 07:16:15', '1998-06-06 15:19:14');
INSERT INTO `users` (`id`, `first_name`, `last_name`, `email`, `phone`, `data_of_birth`, `created_at`, `updated_at`) VALUES (23, 'Tiara', 'Towne', 'keebler.allene@example.org', '200-643-8840x20422', '2016-04-07 16:06:00', '1981-02-23 23:14:22', '2002-07-31 21:10:39');
INSERT INTO `users` (`id`, `first_name`, `last_name`, `email`, `phone`, `data_of_birth`, `created_at`, `updated_at`) VALUES (24, 'Charles', 'Ankunding', 'kariane12@example.net', '+02(4)5118543080', '1979-01-24 14:38:13', '1978-08-22 02:47:20', '1990-02-14 17:51:32');
INSERT INTO `users` (`id`, `first_name`, `last_name`, `email`, `phone`, `data_of_birth`, `created_at`, `updated_at`) VALUES (25, 'Kara', 'Gerhold', 'athena42@example.com', '1-815-852-5518', '2002-08-03 16:36:07', '1989-06-12 09:14:23', '2007-01-31 18:25:39');
INSERT INTO `users` (`id`, `first_name`, `last_name`, `email`, `phone`, `data_of_birth`, `created_at`, `updated_at`) VALUES (26, 'Lynn', 'Rodriguez', 'ali.casper@example.org', '(614)652-9652', '2015-07-03 03:12:32', '1996-09-26 22:50:10', '1990-06-17 03:16:08');
INSERT INTO `users` (`id`, `first_name`, `last_name`, `email`, `phone`, `data_of_birth`, `created_at`, `updated_at`) VALUES (27, 'Marcelina', 'Hoppe', 'white.makayla@example.com', '(761)556-2491', '1989-09-14 11:42:49', '1997-03-03 05:58:09', '1994-06-23 16:17:49');
INSERT INTO `users` (`id`, `first_name`, `last_name`, `email`, `phone`, `data_of_birth`, `created_at`, `updated_at`) VALUES (28, 'Jazmin', 'Carter', 'okeebler@example.net', '317-542-9103', '1986-04-09 06:42:31', '1999-08-01 11:01:32', '1974-11-08 17:22:41');
INSERT INTO `users` (`id`, `first_name`, `last_name`, `email`, `phone`, `data_of_birth`, `created_at`, `updated_at`) VALUES (29, 'Kari', 'Klocko', 'cydney.mueller@example.org', '+66(5)4013065173', '1987-07-05 22:19:36', '1973-06-20 18:12:48', '1975-11-02 22:33:10');
INSERT INTO `users` (`id`, `first_name`, `last_name`, `email`, `phone`, `data_of_birth`, `created_at`, `updated_at`) VALUES (30, 'Lonie', 'Kunze', 'marie43@example.com', '191.127.0411', '2020-11-16 18:57:47', '1972-08-25 23:12:52', '2006-03-19 13:07:29');
INSERT INTO `users` (`id`, `first_name`, `last_name`, `email`, `phone`, `data_of_birth`, `created_at`, `updated_at`) VALUES (31, 'Yvonne', 'Tillman', 'labadie.angus@example.com', '484-774-8699', '2019-12-27 22:05:27', '2002-06-23 16:44:30', '2008-05-26 13:58:21');
INSERT INTO `users` (`id`, `first_name`, `last_name`, `email`, `phone`, `data_of_birth`, `created_at`, `updated_at`) VALUES (32, 'Muriel', 'Jacobi', 'beer.eugenia@example.net', '(632)247-7286x07411', '2000-07-26 21:31:54', '1998-08-14 10:42:40', '1982-12-03 02:50:48');
INSERT INTO `users` (`id`, `first_name`, `last_name`, `email`, `phone`, `data_of_birth`, `created_at`, `updated_at`) VALUES (33, 'Harold', 'Hills', 'lucio.bruen@example.com', '+94(2)9364320700', '1997-12-08 09:26:26', '1988-12-04 15:25:27', '1975-03-16 11:10:24');
INSERT INTO `users` (`id`, `first_name`, `last_name`, `email`, `phone`, `data_of_birth`, `created_at`, `updated_at`) VALUES (34, 'Winston', 'Price', 'laura.beatty@example.org', '(737)583-6684x169', '1985-12-21 02:53:45', '2004-01-06 02:53:23', '2016-06-22 19:51:27');
INSERT INTO `users` (`id`, `first_name`, `last_name`, `email`, `phone`, `data_of_birth`, `created_at`, `updated_at`) VALUES (35, 'Berneice', 'Bergnaum', 'vsmith@example.org', '227.380.6381', '1993-07-07 17:32:38', '1989-08-01 20:14:55', '2014-12-31 07:32:21');
INSERT INTO `users` (`id`, `first_name`, `last_name`, `email`, `phone`, `data_of_birth`, `created_at`, `updated_at`) VALUES (36, 'Mylene', 'Kris', 'sporer.annabelle@example.org', '919.254.7990', '1972-04-15 13:47:03', '2013-11-08 10:39:10', '2020-01-08 18:00:34');
INSERT INTO `users` (`id`, `first_name`, `last_name`, `email`, `phone`, `data_of_birth`, `created_at`, `updated_at`) VALUES (37, 'Jazmyne', 'Rohan', 'hester.leannon@example.org', '938.749.2948x66476', '1984-11-25 14:31:21', '2012-01-16 11:39:37', '2013-08-31 23:27:44');
INSERT INTO `users` (`id`, `first_name`, `last_name`, `email`, `phone`, `data_of_birth`, `created_at`, `updated_at`) VALUES (38, 'Keely', 'Macejkovic', 'joshuah.rogahn@example.com', '(548)279-3308', '1989-08-27 10:04:10', '1975-05-28 13:42:25', '1974-05-27 12:18:01');
INSERT INTO `users` (`id`, `first_name`, `last_name`, `email`, `phone`, `data_of_birth`, `created_at`, `updated_at`) VALUES (39, 'Angela', 'Auer', 'rippin.sophie@example.com', '(038)837-6750x6498', '1973-09-08 02:43:42', '2006-11-05 16:19:02', '1989-10-07 18:45:30');
INSERT INTO `users` (`id`, `first_name`, `last_name`, `email`, `phone`, `data_of_birth`, `created_at`, `updated_at`) VALUES (40, 'Lysanne', 'Bauch', 'ujakubowski@example.org', '+62(9)4919267253', '2009-03-26 06:40:51', '2017-11-11 22:52:19', '1978-09-04 10:44:05');
INSERT INTO `users` (`id`, `first_name`, `last_name`, `email`, `phone`, `data_of_birth`, `created_at`, `updated_at`) VALUES (41, 'Rowena', 'White', 'kris.alyce@example.com', '1-165-205-1809x55492', '1980-03-03 22:18:53', '2002-11-12 00:49:37', '2004-06-16 05:59:55');
INSERT INTO `users` (`id`, `first_name`, `last_name`, `email`, `phone`, `data_of_birth`, `created_at`, `updated_at`) VALUES (42, 'Chet', 'Leannon', 'nweissnat@example.com', '134.895.4081', '1993-07-29 22:33:05', '2013-07-02 12:57:21', '1972-09-06 05:33:24');
INSERT INTO `users` (`id`, `first_name`, `last_name`, `email`, `phone`, `data_of_birth`, `created_at`, `updated_at`) VALUES (43, 'Zetta', 'Wisozk', 'dach.freida@example.com', '(877)064-6472', '2012-01-26 16:13:31', '1990-04-01 08:54:29', '1981-07-24 06:01:29');
INSERT INTO `users` (`id`, `first_name`, `last_name`, `email`, `phone`, `data_of_birth`, `created_at`, `updated_at`) VALUES (44, 'Kelly', 'Effertz', 'zora.runolfsdottir@example.net', '245-628-2553x3633', '2002-04-05 06:27:37', '1995-08-18 14:13:35', '1989-05-29 11:40:04');
INSERT INTO `users` (`id`, `first_name`, `last_name`, `email`, `phone`, `data_of_birth`, `created_at`, `updated_at`) VALUES (45, 'Marlin', 'White', 'leta.green@example.com', '846.820.3122x183', '2011-08-07 01:41:54', '1989-10-13 05:48:34', '1971-11-18 08:12:32');
INSERT INTO `users` (`id`, `first_name`, `last_name`, `email`, `phone`, `data_of_birth`, `created_at`, `updated_at`) VALUES (46, 'Devante', 'Turner', 'dora59@example.com', '483-175-1102x8728', '1976-10-15 02:06:13', '2003-09-15 09:10:29', '2001-08-15 13:21:51');
INSERT INTO `users` (`id`, `first_name`, `last_name`, `email`, `phone`, `data_of_birth`, `created_at`, `updated_at`) VALUES (47, 'Burnice', 'West', 'auer.travon@example.net', '09505916966', '1993-04-16 08:09:32', '2007-11-07 11:36:12', '1985-07-28 23:45:48');
INSERT INTO `users` (`id`, `first_name`, `last_name`, `email`, `phone`, `data_of_birth`, `created_at`, `updated_at`) VALUES (48, 'Orrin', 'Gulgowski', 'metz.tevin@example.net', '644-475-2793x28446', '2018-04-04 14:00:47', '1989-01-12 01:41:16', '1977-06-08 04:35:58');
INSERT INTO `users` (`id`, `first_name`, `last_name`, `email`, `phone`, `data_of_birth`, `created_at`, `updated_at`) VALUES (49, 'Jefferey', 'Batz', 'dach.yessenia@example.com', '803.725.3363x26246', '1993-12-20 01:09:53', '1974-11-12 06:27:30', '2019-09-26 08:27:41');
INSERT INTO `users` (`id`, `first_name`, `last_name`, `email`, `phone`, `data_of_birth`, `created_at`, `updated_at`) VALUES (50, 'Joyce', 'Brown', 'maribel.wolf@example.net', '070-389-3028', '1976-07-03 02:44:27', '2020-02-25 04:51:21', '1977-02-16 16:29:07');
INSERT INTO `users` (`id`, `first_name`, `last_name`, `email`, `phone`, `data_of_birth`, `created_at`, `updated_at`) VALUES (51, 'Elvie', 'Kuhlman', 'ssporer@example.org', '(902)303-8877', '2007-05-16 10:17:30', '1974-11-12 05:40:00', '2005-03-18 08:14:45');
INSERT INTO `users` (`id`, `first_name`, `last_name`, `email`, `phone`, `data_of_birth`, `created_at`, `updated_at`) VALUES (52, 'Mathilde', 'Jast', 'green18@example.net', '(872)211-5612x62833', '2016-07-20 14:46:00', '2021-01-09 06:26:08', '1988-09-28 05:49:48');
INSERT INTO `users` (`id`, `first_name`, `last_name`, `email`, `phone`, `data_of_birth`, `created_at`, `updated_at`) VALUES (53, 'Clemens', 'Lubowitz', 'eichmann.maria@example.net', '05741302399', '1994-07-14 11:30:29', '1996-08-18 15:49:22', '2014-02-18 00:24:43');
INSERT INTO `users` (`id`, `first_name`, `last_name`, `email`, `phone`, `data_of_birth`, `created_at`, `updated_at`) VALUES (54, 'Ron', 'Kovacek', 'king.marvin@example.org', '1-357-548-1466', '1974-03-27 19:08:51', '1978-08-22 05:30:02', '1977-03-06 10:28:30');
INSERT INTO `users` (`id`, `first_name`, `last_name`, `email`, `phone`, `data_of_birth`, `created_at`, `updated_at`) VALUES (55, 'Zechariah', 'Little', 'wilderman.mathew@example.net', '411-594-7874x8560', '2012-12-09 22:24:19', '1977-05-16 00:35:53', '2009-07-14 07:23:06');
INSERT INTO `users` (`id`, `first_name`, `last_name`, `email`, `phone`, `data_of_birth`, `created_at`, `updated_at`) VALUES (56, 'Marianne', 'Johnson', 'ysteuber@example.com', '054.208.1731', '1975-12-21 16:12:51', '1980-12-31 13:38:16', '2007-02-17 14:28:25');
INSERT INTO `users` (`id`, `first_name`, `last_name`, `email`, `phone`, `data_of_birth`, `created_at`, `updated_at`) VALUES (57, 'Skye', 'Turner', 'huel.jayme@example.com', '(041)515-4498x82172', '2016-06-29 20:08:11', '2003-11-03 11:42:39', '1981-01-19 00:27:26');
INSERT INTO `users` (`id`, `first_name`, `last_name`, `email`, `phone`, `data_of_birth`, `created_at`, `updated_at`) VALUES (58, 'Aniyah', 'Klein', 'amacejkovic@example.com', '1-541-416-1617x795', '2004-12-09 17:45:45', '1994-05-20 07:06:46', '2015-08-19 06:50:53');
INSERT INTO `users` (`id`, `first_name`, `last_name`, `email`, `phone`, `data_of_birth`, `created_at`, `updated_at`) VALUES (59, 'Sigmund', 'Bernier', 'hwolff@example.com', '1-564-310-5200', '2015-02-17 05:48:39', '2002-04-14 14:22:27', '1985-08-19 02:37:06');
INSERT INTO `users` (`id`, `first_name`, `last_name`, `email`, `phone`, `data_of_birth`, `created_at`, `updated_at`) VALUES (60, 'Elisabeth', 'Ferry', 'priscilla.kohler@example.org', '402-041-8943', '1986-09-11 19:20:28', '1984-08-05 03:41:05', '2006-02-20 01:14:55');
INSERT INTO `users` (`id`, `first_name`, `last_name`, `email`, `phone`, `data_of_birth`, `created_at`, `updated_at`) VALUES (61, 'Rebeca', 'Johnson', 'zita.ledner@example.net', '663-953-4965x102', '1996-11-20 09:45:13', '2004-10-02 09:31:41', '2018-11-11 03:30:05');
INSERT INTO `users` (`id`, `first_name`, `last_name`, `email`, `phone`, `data_of_birth`, `created_at`, `updated_at`) VALUES (62, 'Rahsaan', 'Herman', 'price.keshaun@example.org', '917-344-4359', '1980-12-12 20:08:51', '2015-11-03 12:12:51', '1972-09-20 17:56:26');
INSERT INTO `users` (`id`, `first_name`, `last_name`, `email`, `phone`, `data_of_birth`, `created_at`, `updated_at`) VALUES (63, 'Missouri', 'Hilpert', 'selina.schuster@example.org', '+83(9)7723634753', '2017-06-10 02:57:38', '1991-10-22 18:00:57', '1999-10-03 20:07:01');
INSERT INTO `users` (`id`, `first_name`, `last_name`, `email`, `phone`, `data_of_birth`, `created_at`, `updated_at`) VALUES (64, 'Dalton', 'Kirlin', 'tbaumbach@example.net', '559-315-8443', '2011-09-11 11:28:48', '2013-07-10 10:52:44', '1994-10-22 09:10:32');
INSERT INTO `users` (`id`, `first_name`, `last_name`, `email`, `phone`, `data_of_birth`, `created_at`, `updated_at`) VALUES (65, 'Marlin', 'Stark', 'pflatley@example.org', '1-554-787-2149', '2007-08-16 09:35:31', '1979-11-04 06:41:08', '1996-04-05 13:22:47');
INSERT INTO `users` (`id`, `first_name`, `last_name`, `email`, `phone`, `data_of_birth`, `created_at`, `updated_at`) VALUES (66, 'Stanley', 'Jacobs', 'adalberto99@example.com', '284-900-5770', '1993-12-16 05:55:27', '2008-03-12 20:30:49', '1999-02-19 06:40:04');
INSERT INTO `users` (`id`, `first_name`, `last_name`, `email`, `phone`, `data_of_birth`, `created_at`, `updated_at`) VALUES (67, 'Virginia', 'Lueilwitz', 'xdickinson@example.com', '973-336-1883x352', '2013-12-14 04:02:43', '1977-07-26 13:28:44', '2001-09-08 14:47:01');
INSERT INTO `users` (`id`, `first_name`, `last_name`, `email`, `phone`, `data_of_birth`, `created_at`, `updated_at`) VALUES (68, 'Gonzalo', 'Ziemann', 'bailey.lowell@example.com', '598.303.4196', '1982-12-06 06:36:36', '2010-10-28 01:25:30', '2000-04-22 10:48:03');
INSERT INTO `users` (`id`, `first_name`, `last_name`, `email`, `phone`, `data_of_birth`, `created_at`, `updated_at`) VALUES (69, 'Abdiel', 'Harber', 'oceane94@example.net', '023.047.6546x4118', '1998-09-24 10:25:24', '1986-02-08 18:45:40', '2003-05-15 08:24:32');
INSERT INTO `users` (`id`, `first_name`, `last_name`, `email`, `phone`, `data_of_birth`, `created_at`, `updated_at`) VALUES (70, 'Wayne', 'Rau', 'funk.ramona@example.net', '(865)000-7844x4294', '1982-05-16 22:52:33', '2015-07-13 13:00:53', '2019-02-04 08:30:40');
INSERT INTO `users` (`id`, `first_name`, `last_name`, `email`, `phone`, `data_of_birth`, `created_at`, `updated_at`) VALUES (71, 'Amos', 'Schmitt', 'hoyt93@example.net', '01013618624', '1993-12-16 14:36:38', '1970-05-16 07:47:32', '2007-10-25 11:24:54');
INSERT INTO `users` (`id`, `first_name`, `last_name`, `email`, `phone`, `data_of_birth`, `created_at`, `updated_at`) VALUES (72, 'Joshuah', 'Gutmann', 'albertha45@example.org', '(627)884-4538', '1992-02-10 02:35:42', '1991-09-12 21:27:33', '2016-04-29 05:44:11');
INSERT INTO `users` (`id`, `first_name`, `last_name`, `email`, `phone`, `data_of_birth`, `created_at`, `updated_at`) VALUES (73, 'Weston', 'Bosco', 'eloy17@example.com', '773.714.4985x1438', '1996-10-11 01:48:50', '2008-07-19 15:23:22', '1980-10-18 19:48:28');
INSERT INTO `users` (`id`, `first_name`, `last_name`, `email`, `phone`, `data_of_birth`, `created_at`, `updated_at`) VALUES (74, 'Margarett', 'Price', 'tstark@example.com', '1-905-091-4268', '2008-02-17 05:05:27', '1996-12-16 04:27:16', '2020-03-03 18:29:58');
INSERT INTO `users` (`id`, `first_name`, `last_name`, `email`, `phone`, `data_of_birth`, `created_at`, `updated_at`) VALUES (75, 'Trystan', 'Carroll', 'abner09@example.org', '+80(6)1464084746', '2005-01-01 07:29:29', '1993-02-11 06:24:57', '1996-01-18 22:05:55');
INSERT INTO `users` (`id`, `first_name`, `last_name`, `email`, `phone`, `data_of_birth`, `created_at`, `updated_at`) VALUES (76, 'Destinee', 'Funk', 'lynch.rodger@example.com', '276-028-8129x5486', '2000-11-28 22:51:54', '1971-01-23 20:41:45', '1971-09-18 22:55:41');
INSERT INTO `users` (`id`, `first_name`, `last_name`, `email`, `phone`, `data_of_birth`, `created_at`, `updated_at`) VALUES (77, 'Jaylan', 'Collins', 'botsford.dayton@example.com', '838-417-7902x2924', '1982-11-05 03:29:35', '2001-05-09 13:30:57', '1986-09-12 22:54:24');
INSERT INTO `users` (`id`, `first_name`, `last_name`, `email`, `phone`, `data_of_birth`, `created_at`, `updated_at`) VALUES (78, 'Ross', 'Windler', 'erik.weber@example.org', '224.783.6612x254', '2013-11-05 20:35:10', '1995-12-15 15:48:19', '1987-03-01 17:12:18');
INSERT INTO `users` (`id`, `first_name`, `last_name`, `email`, `phone`, `data_of_birth`, `created_at`, `updated_at`) VALUES (79, 'Orlando', 'Pagac', 'jhayes@example.org', '1-027-105-9096', '1970-02-19 20:54:15', '2004-12-29 13:54:24', '1981-02-18 12:53:03');
INSERT INTO `users` (`id`, `first_name`, `last_name`, `email`, `phone`, `data_of_birth`, `created_at`, `updated_at`) VALUES (80, 'Dale', 'Zboncak', 'ekessler@example.com', '068-903-8883x2524', '2016-10-31 21:43:38', '1976-12-10 23:40:45', '1999-09-23 03:00:51');
INSERT INTO `users` (`id`, `first_name`, `last_name`, `email`, `phone`, `data_of_birth`, `created_at`, `updated_at`) VALUES (81, 'Mallie', 'Rice', 'rosenbaum.madge@example.com', '1-956-714-3997x81120', '1971-09-23 18:30:42', '1995-01-23 02:40:53', '1973-04-30 16:27:16');
INSERT INTO `users` (`id`, `first_name`, `last_name`, `email`, `phone`, `data_of_birth`, `created_at`, `updated_at`) VALUES (82, 'Wilfrid', 'Mayert', 'gkreiger@example.com', '498-354-6655', '1998-06-19 18:24:13', '1999-10-22 13:02:23', '1977-05-05 04:46:00');
INSERT INTO `users` (`id`, `first_name`, `last_name`, `email`, `phone`, `data_of_birth`, `created_at`, `updated_at`) VALUES (83, 'Xander', 'Hodkiewicz', 'tianna57@example.com', '437.939.4415', '2015-05-12 01:39:35', '2021-01-21 06:26:16', '1995-11-15 12:30:02');
INSERT INTO `users` (`id`, `first_name`, `last_name`, `email`, `phone`, `data_of_birth`, `created_at`, `updated_at`) VALUES (84, 'Malinda', 'Emmerich', 'uschultz@example.com', '(587)989-2008x59612', '1994-03-16 03:53:08', '1993-06-08 16:59:04', '1983-12-31 08:11:05');
INSERT INTO `users` (`id`, `first_name`, `last_name`, `email`, `phone`, `data_of_birth`, `created_at`, `updated_at`) VALUES (85, 'Lester', 'Reilly', 'imelda42@example.com', '(545)041-8781', '1988-06-08 13:28:17', '2005-04-30 09:02:23', '1977-10-06 14:13:05');
INSERT INTO `users` (`id`, `first_name`, `last_name`, `email`, `phone`, `data_of_birth`, `created_at`, `updated_at`) VALUES (86, 'Johnson', 'Lubowitz', 'hupton@example.net', '002-440-6460x49266', '2005-05-24 09:02:42', '1970-06-03 01:40:51', '1975-08-26 11:33:55');
INSERT INTO `users` (`id`, `first_name`, `last_name`, `email`, `phone`, `data_of_birth`, `created_at`, `updated_at`) VALUES (87, 'Krystal', 'Torp', 'alvah09@example.com', '802.424.7284x4810', '2018-03-31 18:26:15', '2001-06-07 22:06:54', '2020-01-13 08:25:16');
INSERT INTO `users` (`id`, `first_name`, `last_name`, `email`, `phone`, `data_of_birth`, `created_at`, `updated_at`) VALUES (88, 'Franz', 'Rolfson', 'jcummings@example.com', '609.151.3362x248', '1972-01-02 07:47:18', '2000-05-26 23:41:18', '1984-09-01 11:23:45');
INSERT INTO `users` (`id`, `first_name`, `last_name`, `email`, `phone`, `data_of_birth`, `created_at`, `updated_at`) VALUES (89, 'Vilma', 'Sanford', 'ccollins@example.net', '537.290.7089', '1973-05-29 00:40:44', '1997-04-24 13:34:12', '2007-10-23 13:28:01');
INSERT INTO `users` (`id`, `first_name`, `last_name`, `email`, `phone`, `data_of_birth`, `created_at`, `updated_at`) VALUES (90, 'Cordelia', 'Rau', 'johnnie54@example.net', '04369426999', '1982-08-02 07:13:07', '2017-09-23 15:04:30', '1992-10-18 08:25:01');
INSERT INTO `users` (`id`, `first_name`, `last_name`, `email`, `phone`, `data_of_birth`, `created_at`, `updated_at`) VALUES (91, 'Adela', 'Hagenes', 'roob.deven@example.org', '1-992-474-9995x61367', '2001-10-10 15:47:54', '2003-05-25 08:35:40', '2013-03-10 13:09:57');
INSERT INTO `users` (`id`, `first_name`, `last_name`, `email`, `phone`, `data_of_birth`, `created_at`, `updated_at`) VALUES (92, 'Colleen', 'O\'Reilly', 'zemlak.unique@example.org', '977-761-3764', '1991-11-02 20:29:07', '2002-09-12 18:01:55', '1979-03-31 05:28:42');
INSERT INTO `users` (`id`, `first_name`, `last_name`, `email`, `phone`, `data_of_birth`, `created_at`, `updated_at`) VALUES (93, 'Cheyanne', 'Yundt', 'fernando03@example.net', '766-552-0786', '2014-06-12 17:25:10', '2014-07-28 12:03:33', '1972-04-30 03:29:00');
INSERT INTO `users` (`id`, `first_name`, `last_name`, `email`, `phone`, `data_of_birth`, `created_at`, `updated_at`) VALUES (94, 'Kristoffer', 'Considine', 'barrows.haskell@example.org', '107-799-8534', '1977-09-23 21:26:17', '1992-11-08 00:28:49', '1993-11-04 11:31:37');
INSERT INTO `users` (`id`, `first_name`, `last_name`, `email`, `phone`, `data_of_birth`, `created_at`, `updated_at`) VALUES (95, 'Everette', 'Rutherford', 'josiane51@example.com', '211.480.5483x43308', '2015-06-06 01:41:05', '1974-07-21 16:00:45', '1992-02-14 03:19:59');
INSERT INTO `users` (`id`, `first_name`, `last_name`, `email`, `phone`, `data_of_birth`, `created_at`, `updated_at`) VALUES (96, 'Judson', 'Flatley', 'hoyt76@example.net', '229-083-6156x631', '1983-12-08 01:25:23', '1998-07-04 21:17:14', '1986-08-17 10:25:18');
INSERT INTO `users` (`id`, `first_name`, `last_name`, `email`, `phone`, `data_of_birth`, `created_at`, `updated_at`) VALUES (97, 'Howard', 'Gorczany', 'marlen.torphy@example.com', '967.085.6342', '2017-02-22 22:53:20', '2020-08-17 15:58:41', '2019-05-05 19:02:49');
INSERT INTO `users` (`id`, `first_name`, `last_name`, `email`, `phone`, `data_of_birth`, `created_at`, `updated_at`) VALUES (98, 'Daniella', 'Bosco', 'vonrueden.antonietta@example.com', '452.892.7528x51759', '1989-02-23 23:10:31', '1970-03-30 13:51:05', '1981-06-25 16:33:24');
INSERT INTO `users` (`id`, `first_name`, `last_name`, `email`, `phone`, `data_of_birth`, `created_at`, `updated_at`) VALUES (99, 'Sammy', 'Waelchi', 'pmitchell@example.net', '671-372-3122', '1997-01-24 09:43:17', '1986-09-14 10:32:56', '1975-06-28 16:28:29');
INSERT INTO `users` (`id`, `first_name`, `last_name`, `email`, `phone`, `data_of_birth`, `created_at`, `updated_at`) VALUES (100, 'Claudine', 'Schultz', 'trisha94@example.org', '403-988-9684x431', '1977-01-31 04:41:18', '1991-04-10 16:44:18', '1973-07-06 12:47:02');

INSERT INTO `communities` (`id`, `name`, `created_at`, `updated_at`) VALUES (1, 'sint', '2014-08-28 08:24:33', '2015-03-24 13:54:17');
INSERT INTO `communities` (`id`, `name`, `created_at`, `updated_at`) VALUES (2, 'odio', '1975-04-05 08:30:23', '1999-06-25 14:09:19');
INSERT INTO `communities` (`id`, `name`, `created_at`, `updated_at`) VALUES (3, 'doloribus', '1996-10-29 18:52:32', '2012-09-29 11:37:12');
INSERT INTO `communities` (`id`, `name`, `created_at`, `updated_at`) VALUES (4, 'id', '1992-11-26 08:23:15', '2006-06-19 00:57:42');
INSERT INTO `communities` (`id`, `name`, `created_at`, `updated_at`) VALUES (5, 'et', '1990-10-06 12:09:42', '2017-04-24 11:51:12');
INSERT INTO `communities` (`id`, `name`, `created_at`, `updated_at`) VALUES (6, 'sed', '1972-03-03 19:04:12', '1993-12-25 14:21:31');
INSERT INTO `communities` (`id`, `name`, `created_at`, `updated_at`) VALUES (7, 'illo', '2003-09-02 15:35:37', '1997-12-21 18:28:06');
INSERT INTO `communities` (`id`, `name`, `created_at`, `updated_at`) VALUES (8, 'ut', '2011-07-13 00:12:55', '2016-04-09 00:34:35');
INSERT INTO `communities` (`id`, `name`, `created_at`, `updated_at`) VALUES (9, 'dolorem', '1995-09-06 02:19:04', '2010-04-17 19:24:45');
INSERT INTO `communities` (`id`, `name`, `created_at`, `updated_at`) VALUES (10, 'dolor', '1995-05-20 16:00:16', '2017-12-25 02:48:00');
INSERT INTO `communities` (`id`, `name`, `created_at`, `updated_at`) VALUES (11, 'qui', '1989-10-15 22:19:03', '1975-05-04 04:20:53');
INSERT INTO `communities` (`id`, `name`, `created_at`, `updated_at`) VALUES (12, 'magnam', '2006-03-21 02:00:34', '1988-07-13 18:04:43');
INSERT INTO `communities` (`id`, `name`, `created_at`, `updated_at`) VALUES (13, 'consectetur', '1988-11-11 08:11:51', '1995-03-10 02:24:43');
INSERT INTO `communities` (`id`, `name`, `created_at`, `updated_at`) VALUES (14, 'dignissimos', '2008-04-03 11:48:41', '1997-03-31 03:19:41');
INSERT INTO `communities` (`id`, `name`, `created_at`, `updated_at`) VALUES (15, 'quia', '1994-10-24 23:27:48', '2019-08-10 22:55:22');
INSERT INTO `communities` (`id`, `name`, `created_at`, `updated_at`) VALUES (16, 'non', '2016-05-17 14:07:24', '2020-06-11 04:06:58');
INSERT INTO `communities` (`id`, `name`, `created_at`, `updated_at`) VALUES (17, 'est', '1985-07-25 10:50:01', '2008-04-05 01:00:45');
INSERT INTO `communities` (`id`, `name`, `created_at`, `updated_at`) VALUES (18, 'repellendus', '2008-05-01 18:39:26', '1978-03-13 11:31:26');
INSERT INTO `communities` (`id`, `name`, `created_at`, `updated_at`) VALUES (19, 'quas', '1992-01-05 11:45:55', '2007-09-24 17:52:16');
INSERT INTO `communities` (`id`, `name`, `created_at`, `updated_at`) VALUES (20, 'quae', '2005-04-25 02:39:08', '2020-12-03 11:40:32');
INSERT INTO `communities` (`id`, `name`, `created_at`, `updated_at`) VALUES (21, 'voluptas', '1970-06-05 21:07:25', '2001-04-25 00:42:09');
INSERT INTO `communities` (`id`, `name`, `created_at`, `updated_at`) VALUES (22, 'perspiciatis', '1978-10-18 16:11:04', '1992-11-22 14:04:38');
INSERT INTO `communities` (`id`, `name`, `created_at`, `updated_at`) VALUES (23, 'nemo', '1972-05-01 03:23:38', '2018-01-18 22:26:00');
INSERT INTO `communities` (`id`, `name`, `created_at`, `updated_at`) VALUES (24, 'laboriosam', '1989-02-12 11:24:34', '2007-05-05 13:16:52');
INSERT INTO `communities` (`id`, `name`, `created_at`, `updated_at`) VALUES (25, 'voluptates', '1981-03-07 03:52:20', '2014-03-11 08:56:55');
INSERT INTO `communities` (`id`, `name`, `created_at`, `updated_at`) VALUES (26, 'omnis', '2006-07-11 00:21:45', '2011-01-21 22:54:45');
INSERT INTO `communities` (`id`, `name`, `created_at`, `updated_at`) VALUES (27, 'occaecati', '2001-11-19 01:19:55', '1982-10-15 09:48:06');
INSERT INTO `communities` (`id`, `name`, `created_at`, `updated_at`) VALUES (28, 'repudiandae', '2019-02-02 02:58:27', '2005-02-25 06:50:38');
INSERT INTO `communities` (`id`, `name`, `created_at`, `updated_at`) VALUES (29, 'beatae', '1997-06-17 00:37:00', '1988-08-29 15:00:50');
INSERT INTO `communities` (`id`, `name`, `created_at`, `updated_at`) VALUES (30, 'consequuntur', '1992-11-26 13:02:34', '1992-07-14 22:01:37');
INSERT INTO `communities` (`id`, `name`, `created_at`, `updated_at`) VALUES (31, 'error', '1990-09-17 03:45:44', '2000-03-15 04:44:56');
INSERT INTO `communities` (`id`, `name`, `created_at`, `updated_at`) VALUES (32, 'iure', '2007-04-30 10:10:03', '2012-06-13 10:11:04');
INSERT INTO `communities` (`id`, `name`, `created_at`, `updated_at`) VALUES (33, 'neque', '2000-05-25 22:57:07', '1970-12-30 01:43:27');
INSERT INTO `communities` (`id`, `name`, `created_at`, `updated_at`) VALUES (34, 'minima', '1977-02-20 05:36:27', '1976-01-11 07:28:05');
INSERT INTO `communities` (`id`, `name`, `created_at`, `updated_at`) VALUES (35, 'exercitationem', '1986-08-02 21:07:06', '1991-09-06 23:03:25');
INSERT INTO `communities` (`id`, `name`, `created_at`, `updated_at`) VALUES (36, 'voluptatem', '1986-10-21 09:07:20', '1988-09-24 06:15:17');
INSERT INTO `communities` (`id`, `name`, `created_at`, `updated_at`) VALUES (37, 'in', '2009-09-13 09:18:58', '1971-06-07 07:46:20');
INSERT INTO `communities` (`id`, `name`, `created_at`, `updated_at`) VALUES (38, 'labore', '2015-11-23 13:37:39', '2007-12-08 18:27:16');
INSERT INTO `communities` (`id`, `name`, `created_at`, `updated_at`) VALUES (39, 'adipisci', '1989-12-31 07:41:53', '1997-05-25 01:45:44');
INSERT INTO `communities` (`id`, `name`, `created_at`, `updated_at`) VALUES (40, 'iusto', '1992-12-15 09:27:46', '2019-01-05 06:04:27');
INSERT INTO `communities` (`id`, `name`, `created_at`, `updated_at`) VALUES (41, 'itaque', '2000-03-28 02:34:12', '1990-05-09 23:41:51');
INSERT INTO `communities` (`id`, `name`, `created_at`, `updated_at`) VALUES (42, 'ad', '2016-07-04 07:22:09', '1988-07-16 13:27:13');
INSERT INTO `communities` (`id`, `name`, `created_at`, `updated_at`) VALUES (43, 'dolorum', '1974-03-11 14:42:48', '1996-05-17 00:53:00');
INSERT INTO `communities` (`id`, `name`, `created_at`, `updated_at`) VALUES (44, 'molestiae', '1983-05-03 15:54:13', '1991-04-22 19:30:58');
INSERT INTO `communities` (`id`, `name`, `created_at`, `updated_at`) VALUES (45, 'aliquid', '1998-05-08 16:49:53', '1998-11-02 16:55:07');
INSERT INTO `communities` (`id`, `name`, `created_at`, `updated_at`) VALUES (46, 'suscipit', '1993-08-04 17:39:54', '2017-09-20 20:32:29');
INSERT INTO `communities` (`id`, `name`, `created_at`, `updated_at`) VALUES (47, 'deserunt', '2006-01-22 17:09:32', '2019-07-12 01:02:45');
INSERT INTO `communities` (`id`, `name`, `created_at`, `updated_at`) VALUES (48, 'earum', '2010-08-06 06:11:38', '2018-06-13 22:58:00');
INSERT INTO `communities` (`id`, `name`, `created_at`, `updated_at`) VALUES (49, 'saepe', '2015-02-03 11:57:22', '1996-03-04 16:35:50');
INSERT INTO `communities` (`id`, `name`, `created_at`, `updated_at`) VALUES (50, 'temporibus', '1973-01-10 20:11:59', '2019-07-25 15:38:21');
INSERT INTO `communities` (`id`, `name`, `created_at`, `updated_at`) VALUES (51, 'aut', '1972-10-03 03:10:50', '2011-04-13 19:15:37');
INSERT INTO `communities` (`id`, `name`, `created_at`, `updated_at`) VALUES (52, 'quam', '1981-10-22 06:19:17', '2010-07-19 15:20:27');
INSERT INTO `communities` (`id`, `name`, `created_at`, `updated_at`) VALUES (53, 'magni', '2012-10-31 06:12:09', '1975-07-02 23:47:20');
INSERT INTO `communities` (`id`, `name`, `created_at`, `updated_at`) VALUES (54, 'eos', '1989-08-01 22:38:50', '2011-04-08 05:11:29');
INSERT INTO `communities` (`id`, `name`, `created_at`, `updated_at`) VALUES (55, 'totam', '1987-04-13 13:03:19', '2012-04-12 02:11:06');
INSERT INTO `communities` (`id`, `name`, `created_at`, `updated_at`) VALUES (56, 'animi', '2016-10-23 10:41:10', '2019-05-14 01:49:15');
INSERT INTO `communities` (`id`, `name`, `created_at`, `updated_at`) VALUES (57, 'eum', '1982-01-07 11:12:45', '2014-07-21 09:03:56');
INSERT INTO `communities` (`id`, `name`, `created_at`, `updated_at`) VALUES (58, 'reprehenderit', '1981-04-19 18:25:52', '2010-08-30 08:19:51');
INSERT INTO `communities` (`id`, `name`, `created_at`, `updated_at`) VALUES (59, 'alias', '1972-04-25 09:54:49', '2018-07-30 21:10:11');
INSERT INTO `communities` (`id`, `name`, `created_at`, `updated_at`) VALUES (60, 'officia', '2009-10-27 21:45:27', '1981-01-10 06:47:33');
INSERT INTO `communities` (`id`, `name`, `created_at`, `updated_at`) VALUES (61, 'numquam', '1970-08-07 23:36:12', '1970-07-15 16:27:24');
INSERT INTO `communities` (`id`, `name`, `created_at`, `updated_at`) VALUES (62, 'nihil', '2007-06-12 01:37:15', '2000-12-24 20:11:55');
INSERT INTO `communities` (`id`, `name`, `created_at`, `updated_at`) VALUES (63, 'pariatur', '1990-10-10 01:46:22', '1999-10-07 06:03:49');
INSERT INTO `communities` (`id`, `name`, `created_at`, `updated_at`) VALUES (64, 'accusamus', '2003-06-10 21:02:00', '1988-09-27 22:36:22');
INSERT INTO `communities` (`id`, `name`, `created_at`, `updated_at`) VALUES (65, 'quisquam', '1996-10-17 20:05:11', '2001-09-06 19:20:41');
INSERT INTO `communities` (`id`, `name`, `created_at`, `updated_at`) VALUES (66, 'velit', '2009-10-04 19:53:17', '1995-10-13 20:17:35');
INSERT INTO `communities` (`id`, `name`, `created_at`, `updated_at`) VALUES (67, 'placeat', '2010-01-16 11:15:49', '1982-09-28 01:44:53');
INSERT INTO `communities` (`id`, `name`, `created_at`, `updated_at`) VALUES (68, 'distinctio', '2005-07-11 03:54:56', '2018-07-21 07:01:51');
INSERT INTO `communities` (`id`, `name`, `created_at`, `updated_at`) VALUES (69, 'consequatur', '2021-03-02 20:56:25', '1982-12-22 10:40:58');
INSERT INTO `communities` (`id`, `name`, `created_at`, `updated_at`) VALUES (70, 'tempore', '2018-08-14 06:07:01', '2001-10-14 10:17:19');
INSERT INTO `communities` (`id`, `name`, `created_at`, `updated_at`) VALUES (71, 'ea', '2010-10-10 05:58:11', '2009-08-12 08:48:10');
INSERT INTO `communities` (`id`, `name`, `created_at`, `updated_at`) VALUES (72, 'incidunt', '2005-06-26 21:10:44', '2007-12-28 17:15:50');
INSERT INTO `communities` (`id`, `name`, `created_at`, `updated_at`) VALUES (73, 'vel', '1982-10-17 00:51:12', '2005-12-03 22:05:46');
INSERT INTO `communities` (`id`, `name`, `created_at`, `updated_at`) VALUES (74, 'voluptatum', '2018-07-28 00:58:24', '1978-11-24 11:32:40');
INSERT INTO `communities` (`id`, `name`, `created_at`, `updated_at`) VALUES (75, 'quibusdam', '2006-08-21 00:06:24', '1980-10-05 13:10:38');
INSERT INTO `communities` (`id`, `name`, `created_at`, `updated_at`) VALUES (76, 'sapiente', '1981-08-19 15:30:02', '2011-07-16 17:57:35');
INSERT INTO `communities` (`id`, `name`, `created_at`, `updated_at`) VALUES (77, 'modi', '1985-01-21 20:52:36', '1988-06-22 04:13:29');
INSERT INTO `communities` (`id`, `name`, `created_at`, `updated_at`) VALUES (78, 'ducimus', '1972-04-15 11:16:33', '1972-07-01 11:28:24');
INSERT INTO `communities` (`id`, `name`, `created_at`, `updated_at`) VALUES (79, 'nisi', '1980-09-26 20:55:26', '2019-01-26 20:48:56');
INSERT INTO `communities` (`id`, `name`, `created_at`, `updated_at`) VALUES (80, 'vitae', '2002-11-08 20:41:58', '1992-04-17 06:10:51');
INSERT INTO `communities` (`id`, `name`, `created_at`, `updated_at`) VALUES (81, 'sunt', '2014-08-28 12:27:32', '2000-08-13 08:23:51');
INSERT INTO `communities` (`id`, `name`, `created_at`, `updated_at`) VALUES (82, 'maiores', '1979-05-13 09:53:20', '2008-11-07 10:15:18');
INSERT INTO `communities` (`id`, `name`, `created_at`, `updated_at`) VALUES (83, 'vero', '1991-04-19 11:45:36', '1986-04-19 11:28:05');
INSERT INTO `communities` (`id`, `name`, `created_at`, `updated_at`) VALUES (84, 'similique', '1993-05-19 17:42:52', '1972-05-05 07:21:16');
INSERT INTO `communities` (`id`, `name`, `created_at`, `updated_at`) VALUES (85, 'aspernatur', '1996-06-21 15:32:58', '1986-03-10 23:13:38');
INSERT INTO `communities` (`id`, `name`, `created_at`, `updated_at`) VALUES (86, 'voluptatibus', '1972-03-07 04:09:19', '2002-10-29 13:09:20');
INSERT INTO `communities` (`id`, `name`, `created_at`, `updated_at`) VALUES (87, 'architecto', '2015-04-12 15:47:18', '2011-08-28 21:20:12');
INSERT INTO `communities` (`id`, `name`, `created_at`, `updated_at`) VALUES (88, 'molestias', '2004-06-11 17:03:00', '1989-12-10 05:05:22');
INSERT INTO `communities` (`id`, `name`, `created_at`, `updated_at`) VALUES (89, 'veniam', '2007-12-07 03:28:38', '2015-02-11 02:42:15');
INSERT INTO `communities` (`id`, `name`, `created_at`, `updated_at`) VALUES (90, 'culpa', '2012-09-24 21:21:18', '1973-03-03 04:30:32');
INSERT INTO `communities` (`id`, `name`, `created_at`, `updated_at`) VALUES (91, 'blanditiis', '1993-02-02 18:08:43', '2008-12-12 02:07:42');
INSERT INTO `communities` (`id`, `name`, `created_at`, `updated_at`) VALUES (92, 'iste', '2007-04-05 21:23:31', '2012-06-09 04:27:27');
INSERT INTO `communities` (`id`, `name`, `created_at`, `updated_at`) VALUES (93, 'autem', '1975-07-29 19:44:09', '1979-09-18 00:28:49');
INSERT INTO `communities` (`id`, `name`, `created_at`, `updated_at`) VALUES (94, 'sit', '1980-03-08 17:30:32', '1980-12-02 15:50:23');
INSERT INTO `communities` (`id`, `name`, `created_at`, `updated_at`) VALUES (95, 'inventore', '1986-08-09 09:05:06', '2012-05-21 06:02:22');
INSERT INTO `communities` (`id`, `name`, `created_at`, `updated_at`) VALUES (96, 'ipsam', '1972-03-02 10:19:34', '1992-06-16 15:08:43');
INSERT INTO `communities` (`id`, `name`, `created_at`, `updated_at`) VALUES (97, 'fugit', '2017-01-31 17:03:17', '1991-08-14 09:11:56');
INSERT INTO `communities` (`id`, `name`, `created_at`, `updated_at`) VALUES (98, 'fuga', '1988-05-02 23:46:22', '1976-09-10 14:21:01');
INSERT INTO `communities` (`id`, `name`, `created_at`, `updated_at`) VALUES (99, 'dolores', '2001-04-26 09:53:40', '2004-08-28 18:42:12');
INSERT INTO `communities` (`id`, `name`, `created_at`, `updated_at`) VALUES (100, 'ex', '2015-07-05 02:53:01', '2011-11-03 17:15:55');


INSERT INTO `communities_users` (`user_id`, `community_id`, `created_at`, `updated_at`) VALUES (1, 1, '2007-02-17 14:59:49', '2010-09-30 11:12:12');
INSERT INTO `communities_users` (`user_id`, `community_id`, `created_at`, `updated_at`) VALUES (2, 2, '2019-04-30 06:27:29', '1984-10-31 07:22:26');
INSERT INTO `communities_users` (`user_id`, `community_id`, `created_at`, `updated_at`) VALUES (3, 3, '2003-08-09 04:23:54', '1982-03-03 22:41:11');
INSERT INTO `communities_users` (`user_id`, `community_id`, `created_at`, `updated_at`) VALUES (4, 4, '2003-09-10 15:14:26', '1981-03-23 06:02:03');
INSERT INTO `communities_users` (`user_id`, `community_id`, `created_at`, `updated_at`) VALUES (5, 5, '1989-11-03 23:11:24', '1976-05-19 16:21:16');
INSERT INTO `communities_users` (`user_id`, `community_id`, `created_at`, `updated_at`) VALUES (6, 6, '1985-07-17 04:39:39', '1981-04-02 10:26:34');
INSERT INTO `communities_users` (`user_id`, `community_id`, `created_at`, `updated_at`) VALUES (7, 7, '1992-04-02 03:05:36', '2014-04-06 04:31:20');
INSERT INTO `communities_users` (`user_id`, `community_id`, `created_at`, `updated_at`) VALUES (8, 8, '2021-04-02 10:20:51', '2000-07-30 05:53:27');
INSERT INTO `communities_users` (`user_id`, `community_id`, `created_at`, `updated_at`) VALUES (9, 9, '2011-02-14 21:33:21', '2005-10-01 19:11:02');
INSERT INTO `communities_users` (`user_id`, `community_id`, `created_at`, `updated_at`) VALUES (10, 10, '2015-04-14 17:42:23', '2017-01-06 12:36:57');
INSERT INTO `communities_users` (`user_id`, `community_id`, `created_at`, `updated_at`) VALUES (11, 11, '2012-12-17 14:37:38', '1984-05-04 00:55:40');
INSERT INTO `communities_users` (`user_id`, `community_id`, `created_at`, `updated_at`) VALUES (12, 12, '2010-07-23 20:37:18', '1985-07-31 20:08:00');
INSERT INTO `communities_users` (`user_id`, `community_id`, `created_at`, `updated_at`) VALUES (13, 13, '1983-10-31 16:35:55', '1970-11-22 02:06:36');
INSERT INTO `communities_users` (`user_id`, `community_id`, `created_at`, `updated_at`) VALUES (14, 14, '2003-07-16 12:49:12', '2016-06-09 20:45:56');
INSERT INTO `communities_users` (`user_id`, `community_id`, `created_at`, `updated_at`) VALUES (15, 15, '1977-03-14 21:03:38', '2013-12-03 00:30:08');
INSERT INTO `communities_users` (`user_id`, `community_id`, `created_at`, `updated_at`) VALUES (16, 16, '1998-06-26 00:36:43', '1999-12-14 22:21:45');
INSERT INTO `communities_users` (`user_id`, `community_id`, `created_at`, `updated_at`) VALUES (17, 17, '1979-12-29 17:05:32', '1971-10-12 22:08:21');
INSERT INTO `communities_users` (`user_id`, `community_id`, `created_at`, `updated_at`) VALUES (18, 18, '1993-06-05 10:16:19', '2008-03-09 08:42:06');
INSERT INTO `communities_users` (`user_id`, `community_id`, `created_at`, `updated_at`) VALUES (19, 19, '1986-12-22 14:58:13', '2016-01-19 21:47:08');
INSERT INTO `communities_users` (`user_id`, `community_id`, `created_at`, `updated_at`) VALUES (20, 20, '1999-06-16 23:31:19', '1989-12-27 21:09:36');
INSERT INTO `communities_users` (`user_id`, `community_id`, `created_at`, `updated_at`) VALUES (21, 21, '2013-08-30 14:17:53', '2008-02-03 00:37:51');
INSERT INTO `communities_users` (`user_id`, `community_id`, `created_at`, `updated_at`) VALUES (22, 22, '2008-02-11 05:34:34', '1971-11-30 16:07:43');
INSERT INTO `communities_users` (`user_id`, `community_id`, `created_at`, `updated_at`) VALUES (23, 23, '1993-12-21 08:58:14', '2016-08-28 23:13:50');
INSERT INTO `communities_users` (`user_id`, `community_id`, `created_at`, `updated_at`) VALUES (24, 24, '1995-10-26 09:43:40', '2002-07-19 05:17:33');
INSERT INTO `communities_users` (`user_id`, `community_id`, `created_at`, `updated_at`) VALUES (25, 25, '2000-08-03 19:07:12', '2012-06-12 04:43:31');
INSERT INTO `communities_users` (`user_id`, `community_id`, `created_at`, `updated_at`) VALUES (26, 26, '1990-09-10 23:40:02', '2012-06-26 11:46:57');
INSERT INTO `communities_users` (`user_id`, `community_id`, `created_at`, `updated_at`) VALUES (27, 27, '2004-08-23 12:39:59', '1986-05-24 20:58:10');
INSERT INTO `communities_users` (`user_id`, `community_id`, `created_at`, `updated_at`) VALUES (28, 28, '1970-11-20 13:48:13', '1974-01-24 07:40:00');
INSERT INTO `communities_users` (`user_id`, `community_id`, `created_at`, `updated_at`) VALUES (29, 29, '1971-03-27 03:57:40', '2007-12-23 07:27:59');
INSERT INTO `communities_users` (`user_id`, `community_id`, `created_at`, `updated_at`) VALUES (30, 30, '1981-04-07 12:12:00', '2012-04-19 11:38:11');
INSERT INTO `communities_users` (`user_id`, `community_id`, `created_at`, `updated_at`) VALUES (31, 31, '2017-03-14 01:04:37', '1990-09-20 21:16:11');
INSERT INTO `communities_users` (`user_id`, `community_id`, `created_at`, `updated_at`) VALUES (32, 32, '2009-06-16 19:39:31', '2013-12-30 12:00:53');
INSERT INTO `communities_users` (`user_id`, `community_id`, `created_at`, `updated_at`) VALUES (33, 33, '1989-12-02 22:58:04', '1981-12-09 01:59:13');
INSERT INTO `communities_users` (`user_id`, `community_id`, `created_at`, `updated_at`) VALUES (34, 34, '1972-05-20 15:00:46', '2018-03-15 10:36:23');
INSERT INTO `communities_users` (`user_id`, `community_id`, `created_at`, `updated_at`) VALUES (35, 35, '1987-11-09 06:58:15', '2008-02-13 23:42:15');
INSERT INTO `communities_users` (`user_id`, `community_id`, `created_at`, `updated_at`) VALUES (36, 36, '2014-09-25 01:55:28', '1988-08-06 03:04:19');
INSERT INTO `communities_users` (`user_id`, `community_id`, `created_at`, `updated_at`) VALUES (37, 37, '1994-02-15 00:53:29', '1977-10-14 04:50:32');
INSERT INTO `communities_users` (`user_id`, `community_id`, `created_at`, `updated_at`) VALUES (38, 38, '2002-09-12 11:02:14', '1990-06-30 08:32:13');
INSERT INTO `communities_users` (`user_id`, `community_id`, `created_at`, `updated_at`) VALUES (39, 39, '1999-09-28 10:40:54', '2009-06-19 09:47:00');
INSERT INTO `communities_users` (`user_id`, `community_id`, `created_at`, `updated_at`) VALUES (40, 40, '2013-07-02 03:44:27', '2011-03-08 08:21:01');
INSERT INTO `communities_users` (`user_id`, `community_id`, `created_at`, `updated_at`) VALUES (41, 41, '1971-11-29 12:12:41', '1973-07-13 13:44:26');
INSERT INTO `communities_users` (`user_id`, `community_id`, `created_at`, `updated_at`) VALUES (42, 42, '1988-06-02 23:55:22', '1986-04-07 00:21:28');
INSERT INTO `communities_users` (`user_id`, `community_id`, `created_at`, `updated_at`) VALUES (43, 43, '2011-10-25 11:14:10', '2007-09-05 21:56:51');
INSERT INTO `communities_users` (`user_id`, `community_id`, `created_at`, `updated_at`) VALUES (44, 44, '1988-08-05 00:31:11', '2006-10-28 10:47:35');
INSERT INTO `communities_users` (`user_id`, `community_id`, `created_at`, `updated_at`) VALUES (45, 45, '1979-11-29 12:18:14', '1992-07-23 01:48:09');
INSERT INTO `communities_users` (`user_id`, `community_id`, `created_at`, `updated_at`) VALUES (46, 46, '1992-10-13 01:01:03', '2016-11-22 00:22:28');
INSERT INTO `communities_users` (`user_id`, `community_id`, `created_at`, `updated_at`) VALUES (47, 47, '1976-03-23 21:57:30', '1970-08-19 16:07:40');
INSERT INTO `communities_users` (`user_id`, `community_id`, `created_at`, `updated_at`) VALUES (48, 48, '2019-01-29 01:58:57', '2003-04-25 22:32:56');
INSERT INTO `communities_users` (`user_id`, `community_id`, `created_at`, `updated_at`) VALUES (49, 49, '2019-04-21 12:09:59', '1999-02-21 21:46:12');
INSERT INTO `communities_users` (`user_id`, `community_id`, `created_at`, `updated_at`) VALUES (50, 50, '2006-11-24 00:42:37', '1974-05-03 16:06:05');
INSERT INTO `communities_users` (`user_id`, `community_id`, `created_at`, `updated_at`) VALUES (51, 51, '2016-09-07 21:28:11', '1985-04-29 15:33:36');
INSERT INTO `communities_users` (`user_id`, `community_id`, `created_at`, `updated_at`) VALUES (52, 52, '1989-04-02 07:36:32', '1990-11-02 20:36:19');
INSERT INTO `communities_users` (`user_id`, `community_id`, `created_at`, `updated_at`) VALUES (53, 53, '2016-09-23 15:04:32', '1987-02-22 16:30:04');
INSERT INTO `communities_users` (`user_id`, `community_id`, `created_at`, `updated_at`) VALUES (54, 54, '1981-07-13 09:54:21', '1998-10-28 18:45:10');
INSERT INTO `communities_users` (`user_id`, `community_id`, `created_at`, `updated_at`) VALUES (55, 55, '1973-07-29 07:50:11', '1970-10-06 18:22:16');
INSERT INTO `communities_users` (`user_id`, `community_id`, `created_at`, `updated_at`) VALUES (56, 56, '2001-01-23 17:36:51', '2017-05-10 02:04:45');
INSERT INTO `communities_users` (`user_id`, `community_id`, `created_at`, `updated_at`) VALUES (57, 57, '2003-09-29 17:38:55', '1996-06-09 19:27:08');
INSERT INTO `communities_users` (`user_id`, `community_id`, `created_at`, `updated_at`) VALUES (58, 58, '1993-11-26 19:10:23', '1984-08-09 18:00:18');
INSERT INTO `communities_users` (`user_id`, `community_id`, `created_at`, `updated_at`) VALUES (59, 59, '2013-11-12 15:05:59', '1995-10-30 20:01:55');
INSERT INTO `communities_users` (`user_id`, `community_id`, `created_at`, `updated_at`) VALUES (60, 60, '1989-11-25 00:31:00', '1992-11-28 15:50:23');
INSERT INTO `communities_users` (`user_id`, `community_id`, `created_at`, `updated_at`) VALUES (61, 61, '1989-08-17 02:30:13', '1975-03-19 11:57:49');
INSERT INTO `communities_users` (`user_id`, `community_id`, `created_at`, `updated_at`) VALUES (62, 62, '2018-02-05 12:57:13', '1984-12-13 22:21:45');
INSERT INTO `communities_users` (`user_id`, `community_id`, `created_at`, `updated_at`) VALUES (63, 63, '1989-02-28 02:14:51', '2004-01-24 04:27:32');
INSERT INTO `communities_users` (`user_id`, `community_id`, `created_at`, `updated_at`) VALUES (64, 64, '1983-06-05 00:44:24', '1987-12-14 02:36:52');
INSERT INTO `communities_users` (`user_id`, `community_id`, `created_at`, `updated_at`) VALUES (65, 65, '2004-04-05 03:17:21', '1984-07-06 12:39:06');
INSERT INTO `communities_users` (`user_id`, `community_id`, `created_at`, `updated_at`) VALUES (66, 66, '1987-11-25 00:33:57', '1992-08-17 23:36:47');
INSERT INTO `communities_users` (`user_id`, `community_id`, `created_at`, `updated_at`) VALUES (67, 67, '2016-09-25 08:11:42', '1989-12-14 17:02:43');
INSERT INTO `communities_users` (`user_id`, `community_id`, `created_at`, `updated_at`) VALUES (68, 68, '1983-05-02 02:42:44', '2020-05-09 12:30:28');
INSERT INTO `communities_users` (`user_id`, `community_id`, `created_at`, `updated_at`) VALUES (69, 69, '1989-04-05 20:25:19', '1996-03-06 08:15:38');
INSERT INTO `communities_users` (`user_id`, `community_id`, `created_at`, `updated_at`) VALUES (70, 70, '1978-11-15 12:16:46', '2007-10-17 06:10:24');
INSERT INTO `communities_users` (`user_id`, `community_id`, `created_at`, `updated_at`) VALUES (71, 71, '1992-05-06 01:35:57', '2001-05-28 04:48:23');
INSERT INTO `communities_users` (`user_id`, `community_id`, `created_at`, `updated_at`) VALUES (72, 72, '1999-11-17 05:09:25', '1993-09-10 12:04:52');
INSERT INTO `communities_users` (`user_id`, `community_id`, `created_at`, `updated_at`) VALUES (73, 73, '2008-10-22 13:50:37', '1988-04-07 17:52:27');
INSERT INTO `communities_users` (`user_id`, `community_id`, `created_at`, `updated_at`) VALUES (74, 74, '2007-01-04 02:50:22', '1992-09-29 09:12:06');
INSERT INTO `communities_users` (`user_id`, `community_id`, `created_at`, `updated_at`) VALUES (75, 75, '1982-02-06 02:06:43', '1973-04-03 21:15:18');
INSERT INTO `communities_users` (`user_id`, `community_id`, `created_at`, `updated_at`) VALUES (76, 76, '1977-04-29 00:38:35', '1997-05-18 04:53:40');
INSERT INTO `communities_users` (`user_id`, `community_id`, `created_at`, `updated_at`) VALUES (77, 77, '1990-04-19 08:59:19', '1973-06-23 11:41:12');
INSERT INTO `communities_users` (`user_id`, `community_id`, `created_at`, `updated_at`) VALUES (78, 78, '1998-06-02 18:27:00', '1991-04-20 07:21:37');
INSERT INTO `communities_users` (`user_id`, `community_id`, `created_at`, `updated_at`) VALUES (79, 79, '1977-09-17 10:47:09', '2000-10-16 16:08:28');
INSERT INTO `communities_users` (`user_id`, `community_id`, `created_at`, `updated_at`) VALUES (80, 80, '1983-03-14 16:12:14', '2010-10-24 13:46:22');
INSERT INTO `communities_users` (`user_id`, `community_id`, `created_at`, `updated_at`) VALUES (81, 81, '2005-06-30 11:14:12', '1970-05-05 12:43:47');
INSERT INTO `communities_users` (`user_id`, `community_id`, `created_at`, `updated_at`) VALUES (82, 82, '2019-03-28 13:09:48', '2015-06-22 07:50:39');
INSERT INTO `communities_users` (`user_id`, `community_id`, `created_at`, `updated_at`) VALUES (83, 83, '1992-08-14 19:35:03', '2014-02-03 10:03:36');
INSERT INTO `communities_users` (`user_id`, `community_id`, `created_at`, `updated_at`) VALUES (84, 84, '1999-06-13 15:06:43', '1992-02-27 19:37:29');
INSERT INTO `communities_users` (`user_id`, `community_id`, `created_at`, `updated_at`) VALUES (85, 85, '1986-07-11 05:52:20', '1975-04-03 01:40:40');
INSERT INTO `communities_users` (`user_id`, `community_id`, `created_at`, `updated_at`) VALUES (86, 86, '1971-09-16 18:27:08', '1986-10-20 05:47:55');
INSERT INTO `communities_users` (`user_id`, `community_id`, `created_at`, `updated_at`) VALUES (87, 87, '1997-06-17 21:31:24', '2012-02-11 04:35:46');
INSERT INTO `communities_users` (`user_id`, `community_id`, `created_at`, `updated_at`) VALUES (88, 88, '1970-06-19 16:33:14', '1998-04-18 06:50:57');
INSERT INTO `communities_users` (`user_id`, `community_id`, `created_at`, `updated_at`) VALUES (89, 89, '2003-03-26 04:42:27', '1971-08-26 08:10:52');
INSERT INTO `communities_users` (`user_id`, `community_id`, `created_at`, `updated_at`) VALUES (90, 90, '1997-10-05 02:36:51', '2019-02-10 13:04:23');
INSERT INTO `communities_users` (`user_id`, `community_id`, `created_at`, `updated_at`) VALUES (91, 91, '1984-11-01 13:11:05', '1996-10-23 11:12:59');
INSERT INTO `communities_users` (`user_id`, `community_id`, `created_at`, `updated_at`) VALUES (92, 92, '2000-05-04 16:48:10', '2013-05-13 19:42:57');
INSERT INTO `communities_users` (`user_id`, `community_id`, `created_at`, `updated_at`) VALUES (93, 93, '1982-08-11 19:42:00', '2003-01-21 12:15:52');
INSERT INTO `communities_users` (`user_id`, `community_id`, `created_at`, `updated_at`) VALUES (94, 94, '2003-10-26 19:42:41', '2005-06-14 10:39:13');
INSERT INTO `communities_users` (`user_id`, `community_id`, `created_at`, `updated_at`) VALUES (95, 95, '2014-04-20 04:10:05', '1983-11-03 23:42:57');
INSERT INTO `communities_users` (`user_id`, `community_id`, `created_at`, `updated_at`) VALUES (96, 96, '1985-09-09 14:02:33', '2009-03-27 18:01:00');
INSERT INTO `communities_users` (`user_id`, `community_id`, `created_at`, `updated_at`) VALUES (97, 97, '2018-05-14 13:23:39', '1984-08-05 12:49:54');
INSERT INTO `communities_users` (`user_id`, `community_id`, `created_at`, `updated_at`) VALUES (98, 98, '1996-05-11 01:48:05', '2019-06-27 04:54:41');
INSERT INTO `communities_users` (`user_id`, `community_id`, `created_at`, `updated_at`) VALUES (99, 99, '1970-09-14 01:05:55', '2019-06-16 01:05:30');
INSERT INTO `communities_users` (`user_id`, `community_id`, `created_at`, `updated_at`) VALUES (100, 100, '1992-12-06 06:55:46', '1987-08-22 11:41:41');

INSERT INTO `entity_types` (`id`, `name`, `created_at`, `updated_at`) VALUES (1, 'et', '2003-11-18 03:09:50', '1970-06-14 19:56:29');
INSERT INTO `entity_types` (`id`, `name`, `created_at`, `updated_at`) VALUES (2, 'est', '1983-05-17 10:01:03', '2010-05-02 02:42:40');
INSERT INTO `entity_types` (`id`, `name`, `created_at`, `updated_at`) VALUES (3, 'pariatur', '2006-08-30 00:41:30', '1991-02-27 15:01:49');
INSERT INTO `entity_types` (`id`, `name`, `created_at`, `updated_at`) VALUES (4, 'quo', '1984-02-20 01:23:18', '2009-02-21 06:59:38');
INSERT INTO `entity_types` (`id`, `name`, `created_at`, `updated_at`) VALUES (5, 'atque', '1991-12-27 01:38:00', '1980-11-01 05:08:15');
INSERT INTO `entity_types` (`id`, `name`, `created_at`, `updated_at`) VALUES (6, 'dolore', '1986-10-22 03:36:40', '1986-05-12 17:34:46');
INSERT INTO `entity_types` (`id`, `name`, `created_at`, `updated_at`) VALUES (7, 'excepturi', '1974-11-16 16:11:34', '1971-08-02 13:06:13');
INSERT INTO `entity_types` (`id`, `name`, `created_at`, `updated_at`) VALUES (8, 'consectetur', '1994-12-08 11:43:17', '1988-02-06 09:21:01');
INSERT INTO `entity_types` (`id`, `name`, `created_at`, `updated_at`) VALUES (9, 'accusantium', '1989-10-17 13:38:10', '1985-10-05 01:50:05');
INSERT INTO `entity_types` (`id`, `name`, `created_at`, `updated_at`) VALUES (10, 'earum', '2013-01-03 03:39:03', '2013-08-04 23:02:16');
INSERT INTO `entity_types` (`id`, `name`, `created_at`, `updated_at`) VALUES (11, 'accusamus', '1979-04-14 07:18:50', '2017-10-17 19:34:21');
INSERT INTO `entity_types` (`id`, `name`, `created_at`, `updated_at`) VALUES (12, 'qui', '1993-05-31 02:46:54', '1978-11-18 18:37:36');
INSERT INTO `entity_types` (`id`, `name`, `created_at`, `updated_at`) VALUES (13, 'esse', '2003-12-05 22:08:26', '1997-01-30 15:35:57');
INSERT INTO `entity_types` (`id`, `name`, `created_at`, `updated_at`) VALUES (14, 'occaecati', '1976-11-05 00:34:18', '2021-03-21 06:23:33');
INSERT INTO `entity_types` (`id`, `name`, `created_at`, `updated_at`) VALUES (15, 'voluptate', '1972-03-25 01:36:39', '2001-10-04 13:30:25');
INSERT INTO `entity_types` (`id`, `name`, `created_at`, `updated_at`) VALUES (16, 'inventore', '2005-05-20 09:59:10', '1974-03-19 03:37:33');
INSERT INTO `entity_types` (`id`, `name`, `created_at`, `updated_at`) VALUES (17, 'mollitia', '1977-01-01 03:01:16', '2013-03-08 22:56:04');
INSERT INTO `entity_types` (`id`, `name`, `created_at`, `updated_at`) VALUES (18, 'voluptatem', '1973-08-05 21:20:40', '1977-08-30 04:55:11');
INSERT INTO `entity_types` (`id`, `name`, `created_at`, `updated_at`) VALUES (19, 'vitae', '1985-10-03 01:42:36', '2010-05-22 19:06:48');
INSERT INTO `entity_types` (`id`, `name`, `created_at`, `updated_at`) VALUES (20, 'maiores', '1991-07-10 07:32:08', '1995-02-08 09:48:31');
INSERT INTO `entity_types` (`id`, `name`, `created_at`, `updated_at`) VALUES (21, 'sed', '2004-04-22 13:27:37', '1984-01-28 08:40:53');
INSERT INTO `entity_types` (`id`, `name`, `created_at`, `updated_at`) VALUES (22, 'totam', '2016-07-20 17:38:08', '2015-12-20 10:04:56');
INSERT INTO `entity_types` (`id`, `name`, `created_at`, `updated_at`) VALUES (23, 'ex', '1981-08-10 10:31:24', '1986-09-25 18:03:53');
INSERT INTO `entity_types` (`id`, `name`, `created_at`, `updated_at`) VALUES (24, 'alias', '1989-06-26 13:13:17', '1990-02-16 05:57:56');
INSERT INTO `entity_types` (`id`, `name`, `created_at`, `updated_at`) VALUES (25, 'assumenda', '1995-03-18 08:53:28', '1973-12-09 13:45:21');
INSERT INTO `entity_types` (`id`, `name`, `created_at`, `updated_at`) VALUES (26, 'eos', '1985-08-24 17:37:18', '1995-06-18 04:15:56');
INSERT INTO `entity_types` (`id`, `name`, `created_at`, `updated_at`) VALUES (27, 'tempora', '2014-10-13 12:30:59', '1973-12-24 10:56:29');
INSERT INTO `entity_types` (`id`, `name`, `created_at`, `updated_at`) VALUES (28, 'ratione', '1980-05-04 13:47:33', '2014-10-31 10:24:03');
INSERT INTO `entity_types` (`id`, `name`, `created_at`, `updated_at`) VALUES (29, 'soluta', '1975-08-04 07:25:48', '2010-12-24 14:30:23');
INSERT INTO `entity_types` (`id`, `name`, `created_at`, `updated_at`) VALUES (30, 'incidunt', '2018-02-20 13:02:59', '1984-01-29 14:12:58');
INSERT INTO `entity_types` (`id`, `name`, `created_at`, `updated_at`) VALUES (31, 'cumque', '2006-10-27 16:33:47', '1997-11-04 16:19:39');
INSERT INTO `entity_types` (`id`, `name`, `created_at`, `updated_at`) VALUES (32, 'blanditiis', '1985-03-03 20:06:06', '2009-01-11 02:08:38');
INSERT INTO `entity_types` (`id`, `name`, `created_at`, `updated_at`) VALUES (33, 'nulla', '1979-11-11 07:41:39', '2012-02-20 01:51:03');
INSERT INTO `entity_types` (`id`, `name`, `created_at`, `updated_at`) VALUES (34, 'dignissimos', '2000-11-30 00:58:01', '1998-09-08 22:17:01');
INSERT INTO `entity_types` (`id`, `name`, `created_at`, `updated_at`) VALUES (35, 'suscipit', '1980-10-30 01:20:11', '2017-04-22 03:39:46');
INSERT INTO `entity_types` (`id`, `name`, `created_at`, `updated_at`) VALUES (36, 'ut', '2007-03-29 13:08:56', '2020-10-20 11:20:27');
INSERT INTO `entity_types` (`id`, `name`, `created_at`, `updated_at`) VALUES (37, 'molestiae', '1995-05-06 09:30:21', '1996-11-16 03:24:31');
INSERT INTO `entity_types` (`id`, `name`, `created_at`, `updated_at`) VALUES (38, 'quia', '1998-11-27 23:39:00', '2018-06-06 10:57:23');
INSERT INTO `entity_types` (`id`, `name`, `created_at`, `updated_at`) VALUES (39, 'autem', '2012-05-11 09:32:27', '1975-05-03 04:00:55');
INSERT INTO `entity_types` (`id`, `name`, `created_at`, `updated_at`) VALUES (40, 'modi', '1988-03-15 11:43:53', '1998-07-09 20:36:14');
INSERT INTO `entity_types` (`id`, `name`, `created_at`, `updated_at`) VALUES (41, 'amet', '1979-05-26 09:08:11', '1973-11-20 00:43:24');
INSERT INTO `entity_types` (`id`, `name`, `created_at`, `updated_at`) VALUES (42, 'placeat', '2016-09-29 21:58:13', '2018-10-01 11:18:13');
INSERT INTO `entity_types` (`id`, `name`, `created_at`, `updated_at`) VALUES (43, 'fuga', '1991-12-10 13:12:42', '1990-11-27 17:00:32');
INSERT INTO `entity_types` (`id`, `name`, `created_at`, `updated_at`) VALUES (44, 'error', '1978-07-01 17:39:24', '1983-10-06 16:53:22');
INSERT INTO `entity_types` (`id`, `name`, `created_at`, `updated_at`) VALUES (45, 'voluptas', '1990-10-25 13:42:36', '1984-10-25 21:10:45');
INSERT INTO `entity_types` (`id`, `name`, `created_at`, `updated_at`) VALUES (46, 'dolores', '1997-07-07 06:40:33', '2017-10-05 16:32:13');
INSERT INTO `entity_types` (`id`, `name`, `created_at`, `updated_at`) VALUES (47, 'aut', '1978-04-30 22:23:50', '1977-04-05 21:54:20');
INSERT INTO `entity_types` (`id`, `name`, `created_at`, `updated_at`) VALUES (48, 'ipsa', '2012-01-22 10:02:14', '2012-01-11 23:38:18');
INSERT INTO `entity_types` (`id`, `name`, `created_at`, `updated_at`) VALUES (49, 'facilis', '1981-02-15 09:15:47', '1972-01-31 08:12:28');
INSERT INTO `entity_types` (`id`, `name`, `created_at`, `updated_at`) VALUES (50, 'laboriosam', '2020-01-30 03:37:59', '2010-01-18 18:39:35');
INSERT INTO `entity_types` (`id`, `name`, `created_at`, `updated_at`) VALUES (51, 'quod', '1991-09-03 19:00:41', '1970-05-28 05:53:41');
INSERT INTO `entity_types` (`id`, `name`, `created_at`, `updated_at`) VALUES (52, 'explicabo', '2018-12-24 05:57:36', '2012-06-05 10:30:14');
INSERT INTO `entity_types` (`id`, `name`, `created_at`, `updated_at`) VALUES (53, 'consequuntur', '1976-06-14 01:11:00', '1993-06-08 03:47:58');
INSERT INTO `entity_types` (`id`, `name`, `created_at`, `updated_at`) VALUES (54, 'quos', '2014-05-24 00:14:25', '1973-07-13 19:00:15');
INSERT INTO `entity_types` (`id`, `name`, `created_at`, `updated_at`) VALUES (55, 'omnis', '2015-05-29 08:43:32', '1986-10-22 22:33:04');
INSERT INTO `entity_types` (`id`, `name`, `created_at`, `updated_at`) VALUES (56, 'harum', '2000-09-12 15:51:58', '2001-08-15 08:24:17');
INSERT INTO `entity_types` (`id`, `name`, `created_at`, `updated_at`) VALUES (57, 'temporibus', '1982-05-12 05:25:18', '2017-03-21 00:44:03');
INSERT INTO `entity_types` (`id`, `name`, `created_at`, `updated_at`) VALUES (58, 'aspernatur', '2000-09-06 13:49:52', '2004-08-31 02:15:09');
INSERT INTO `entity_types` (`id`, `name`, `created_at`, `updated_at`) VALUES (59, 'enim', '2012-07-05 09:27:13', '1996-07-29 23:00:28');
INSERT INTO `entity_types` (`id`, `name`, `created_at`, `updated_at`) VALUES (60, 'commodi', '2018-06-27 01:55:41', '1978-01-11 17:33:30');
INSERT INTO `entity_types` (`id`, `name`, `created_at`, `updated_at`) VALUES (61, 'repellat', '1985-03-19 13:23:06', '1992-10-25 05:02:16');
INSERT INTO `entity_types` (`id`, `name`, `created_at`, `updated_at`) VALUES (62, 'repellendus', '2003-07-26 14:08:43', '1991-01-04 07:18:36');
INSERT INTO `entity_types` (`id`, `name`, `created_at`, `updated_at`) VALUES (63, 'tenetur', '1998-06-02 16:45:41', '2013-08-13 10:48:23');
INSERT INTO `entity_types` (`id`, `name`, `created_at`, `updated_at`) VALUES (64, 'eum', '1975-12-21 04:51:32', '1979-04-30 00:51:52');
INSERT INTO `entity_types` (`id`, `name`, `created_at`, `updated_at`) VALUES (65, 'velit', '2004-05-21 15:34:19', '1979-01-15 09:24:52');
INSERT INTO `entity_types` (`id`, `name`, `created_at`, `updated_at`) VALUES (66, 'exercitationem', '1976-06-28 10:05:38', '2006-01-29 21:09:15');
INSERT INTO `entity_types` (`id`, `name`, `created_at`, `updated_at`) VALUES (67, 'beatae', '1970-03-09 10:30:42', '1980-08-30 08:31:42');
INSERT INTO `entity_types` (`id`, `name`, `created_at`, `updated_at`) VALUES (68, 'quidem', '2008-05-15 05:42:18', '1990-06-16 18:31:10');
INSERT INTO `entity_types` (`id`, `name`, `created_at`, `updated_at`) VALUES (69, 'ipsum', '1996-03-29 01:33:20', '2006-07-09 01:11:30');
INSERT INTO `entity_types` (`id`, `name`, `created_at`, `updated_at`) VALUES (70, 'praesentium', '2003-02-17 08:26:10', '2013-07-25 03:41:07');
INSERT INTO `entity_types` (`id`, `name`, `created_at`, `updated_at`) VALUES (71, 'impedit', '2000-01-14 10:36:50', '2015-03-18 17:15:10');
INSERT INTO `entity_types` (`id`, `name`, `created_at`, `updated_at`) VALUES (72, 'natus', '1994-08-26 01:58:50', '2016-07-17 06:22:57');
INSERT INTO `entity_types` (`id`, `name`, `created_at`, `updated_at`) VALUES (73, 'libero', '1971-01-31 17:42:35', '1984-07-30 09:06:35');
INSERT INTO `entity_types` (`id`, `name`, `created_at`, `updated_at`) VALUES (74, 'quaerat', '2005-03-05 13:38:32', '1990-12-13 00:11:11');
INSERT INTO `entity_types` (`id`, `name`, `created_at`, `updated_at`) VALUES (75, 'officia', '1975-01-30 01:05:11', '1995-09-02 16:20:40');
INSERT INTO `entity_types` (`id`, `name`, `created_at`, `updated_at`) VALUES (76, 'dolorum', '2011-08-01 19:05:27', '1988-05-06 19:13:21');
INSERT INTO `entity_types` (`id`, `name`, `created_at`, `updated_at`) VALUES (77, 'id', '2000-04-07 03:07:10', '2016-09-15 01:15:08');
INSERT INTO `entity_types` (`id`, `name`, `created_at`, `updated_at`) VALUES (78, 'quibusdam', '2001-03-23 09:49:41', '1992-12-11 05:14:06');
INSERT INTO `entity_types` (`id`, `name`, `created_at`, `updated_at`) VALUES (79, 'minus', '2017-11-13 03:19:46', '1973-03-11 05:46:13');
INSERT INTO `entity_types` (`id`, `name`, `created_at`, `updated_at`) VALUES (80, 'eligendi', '1984-08-17 02:28:24', '2015-03-15 06:08:05');
INSERT INTO `entity_types` (`id`, `name`, `created_at`, `updated_at`) VALUES (81, 'sapiente', '2005-03-04 09:09:26', '2007-12-01 04:42:36');
INSERT INTO `entity_types` (`id`, `name`, `created_at`, `updated_at`) VALUES (82, 'reprehenderit', '1996-08-29 14:12:47', '1972-03-16 19:21:23');
INSERT INTO `entity_types` (`id`, `name`, `created_at`, `updated_at`) VALUES (83, 'in', '1991-04-03 16:11:15', '1976-11-10 01:14:02');
INSERT INTO `entity_types` (`id`, `name`, `created_at`, `updated_at`) VALUES (84, 'odit', '2002-06-21 10:29:45', '2007-12-22 13:11:02');
INSERT INTO `entity_types` (`id`, `name`, `created_at`, `updated_at`) VALUES (85, 'nemo', '1974-07-02 03:01:36', '1987-07-17 14:10:46');
INSERT INTO `entity_types` (`id`, `name`, `created_at`, `updated_at`) VALUES (86, 'optio', '1998-11-29 00:42:59', '2001-03-21 08:15:33');
INSERT INTO `entity_types` (`id`, `name`, `created_at`, `updated_at`) VALUES (87, 'porro', '2007-01-31 05:18:35', '1976-05-31 12:24:10');
INSERT INTO `entity_types` (`id`, `name`, `created_at`, `updated_at`) VALUES (88, 'nesciunt', '1990-01-16 09:03:17', '2016-05-03 15:04:29');
INSERT INTO `entity_types` (`id`, `name`, `created_at`, `updated_at`) VALUES (89, 'distinctio', '1987-10-24 02:01:28', '2002-06-01 01:01:38');
INSERT INTO `entity_types` (`id`, `name`, `created_at`, `updated_at`) VALUES (90, 'perspiciatis', '1981-10-14 09:08:00', '2021-03-13 05:46:59');
INSERT INTO `entity_types` (`id`, `name`, `created_at`, `updated_at`) VALUES (91, 'illum', '2017-10-28 08:42:18', '2014-02-17 08:35:40');
INSERT INTO `entity_types` (`id`, `name`, `created_at`, `updated_at`) VALUES (92, 'molestias', '1995-06-04 13:20:00', '2004-02-07 17:10:27');
INSERT INTO `entity_types` (`id`, `name`, `created_at`, `updated_at`) VALUES (93, 'deleniti', '1974-09-09 20:45:57', '1987-04-04 08:47:41');
INSERT INTO `entity_types` (`id`, `name`, `created_at`, `updated_at`) VALUES (94, 'labore', '2015-02-08 21:15:52', '1975-08-22 02:58:33');
INSERT INTO `entity_types` (`id`, `name`, `created_at`, `updated_at`) VALUES (95, 'architecto', '2013-10-18 06:16:55', '1991-06-14 20:20:30');
INSERT INTO `entity_types` (`id`, `name`, `created_at`, `updated_at`) VALUES (96, 'doloremque', '1996-09-09 13:38:11', '1990-04-02 06:43:17');
INSERT INTO `entity_types` (`id`, `name`, `created_at`, `updated_at`) VALUES (97, 'corrupti', '1981-05-10 13:07:01', '1985-03-09 10:05:21');
INSERT INTO `entity_types` (`id`, `name`, `created_at`, `updated_at`) VALUES (98, 'debitis', '1982-08-15 04:08:11', '1996-06-10 06:50:29');
INSERT INTO `entity_types` (`id`, `name`, `created_at`, `updated_at`) VALUES (99, 'nam', '1991-06-09 17:47:58', '1977-12-24 19:09:09');
INSERT INTO `entity_types` (`id`, `name`, `created_at`, `updated_at`) VALUES (100, 'nisi', '1983-02-28 08:21:29', '2013-07-31 22:23:53');

INSERT INTO `friendship_statuses` (`id`, `name`, `created_at`, `updated_at`) VALUES (1, 'voluptatem', '1997-11-07 16:13:59', '2001-02-14 04:52:40');
INSERT INTO `friendship_statuses` (`id`, `name`, `created_at`, `updated_at`) VALUES (2, 'corrupti', '2016-12-27 16:03:39', '2008-06-05 01:14:04');
INSERT INTO `friendship_statuses` (`id`, `name`, `created_at`, `updated_at`) VALUES (3, 'occaecati', '1996-08-16 09:17:51', '2008-11-24 10:16:18');
INSERT INTO `friendship_statuses` (`id`, `name`, `created_at`, `updated_at`) VALUES (4, 'omnis', '1987-03-05 23:46:47', '1995-03-06 14:44:20');
INSERT INTO `friendship_statuses` (`id`, `name`, `created_at`, `updated_at`) VALUES (5, 'ad', '2011-11-27 23:10:29', '1993-10-19 14:44:05');
INSERT INTO `friendship_statuses` (`id`, `name`, `created_at`, `updated_at`) VALUES (6, 'ipsa', '1977-12-25 10:34:45', '2014-07-30 19:15:19');
INSERT INTO `friendship_statuses` (`id`, `name`, `created_at`, `updated_at`) VALUES (7, 'molestias', '1982-12-02 16:38:08', '2004-01-19 08:21:44');
INSERT INTO `friendship_statuses` (`id`, `name`, `created_at`, `updated_at`) VALUES (8, 'architecto', '1987-05-15 07:06:42', '1979-12-06 15:30:28');
INSERT INTO `friendship_statuses` (`id`, `name`, `created_at`, `updated_at`) VALUES (9, 'perferendis', '1974-07-29 22:23:13', '1973-04-18 01:14:45');
INSERT INTO `friendship_statuses` (`id`, `name`, `created_at`, `updated_at`) VALUES (10, 'magnam', '1982-09-10 21:49:43', '1972-02-13 23:21:51');
INSERT INTO `friendship_statuses` (`id`, `name`, `created_at`, `updated_at`) VALUES (11, 'ipsum', '2019-02-18 13:27:16', '2009-11-02 23:28:50');
INSERT INTO `friendship_statuses` (`id`, `name`, `created_at`, `updated_at`) VALUES (12, 'commodi', '2011-03-19 06:22:51', '1991-05-14 07:53:53');
INSERT INTO `friendship_statuses` (`id`, `name`, `created_at`, `updated_at`) VALUES (13, 'enim', '1979-04-08 22:39:54', '2002-08-12 11:41:20');
INSERT INTO `friendship_statuses` (`id`, `name`, `created_at`, `updated_at`) VALUES (14, 'minima', '2008-08-08 12:45:24', '2005-03-07 22:45:47');
INSERT INTO `friendship_statuses` (`id`, `name`, `created_at`, `updated_at`) VALUES (15, 'aut', '1989-03-23 13:03:56', '2006-05-31 17:25:23');
INSERT INTO `friendship_statuses` (`id`, `name`, `created_at`, `updated_at`) VALUES (16, 'nemo', '1971-01-27 20:17:46', '1971-10-14 20:02:56');
INSERT INTO `friendship_statuses` (`id`, `name`, `created_at`, `updated_at`) VALUES (17, 'sed', '2021-04-19 19:26:12', '1979-01-01 09:54:17');
INSERT INTO `friendship_statuses` (`id`, `name`, `created_at`, `updated_at`) VALUES (18, 'magni', '1979-12-14 03:52:21', '1993-06-01 18:52:51');
INSERT INTO `friendship_statuses` (`id`, `name`, `created_at`, `updated_at`) VALUES (19, 'animi', '2013-02-26 10:02:22', '2003-04-14 17:48:29');
INSERT INTO `friendship_statuses` (`id`, `name`, `created_at`, `updated_at`) VALUES (20, 'optio', '2011-05-15 19:22:15', '1991-04-22 20:24:49');
INSERT INTO `friendship_statuses` (`id`, `name`, `created_at`, `updated_at`) VALUES (21, 'provident', '2017-09-22 15:02:17', '1993-05-15 21:39:45');
INSERT INTO `friendship_statuses` (`id`, `name`, `created_at`, `updated_at`) VALUES (22, 'id', '2002-09-02 07:35:43', '2000-09-08 18:21:23');
INSERT INTO `friendship_statuses` (`id`, `name`, `created_at`, `updated_at`) VALUES (23, 'et', '1985-12-11 03:33:03', '1981-01-09 19:54:24');
INSERT INTO `friendship_statuses` (`id`, `name`, `created_at`, `updated_at`) VALUES (24, 'recusandae', '2020-11-11 23:34:14', '2017-07-22 14:11:44');
INSERT INTO `friendship_statuses` (`id`, `name`, `created_at`, `updated_at`) VALUES (25, 'deleniti', '1975-03-17 22:09:36', '1976-04-11 02:26:49');
INSERT INTO `friendship_statuses` (`id`, `name`, `created_at`, `updated_at`) VALUES (26, 'assumenda', '2000-10-19 06:12:05', '1987-09-11 11:18:58');
INSERT INTO `friendship_statuses` (`id`, `name`, `created_at`, `updated_at`) VALUES (27, 'voluptas', '1993-06-15 03:08:37', '2006-01-31 09:47:27');
INSERT INTO `friendship_statuses` (`id`, `name`, `created_at`, `updated_at`) VALUES (28, 'necessitatibus', '1996-04-30 21:15:41', '2017-02-18 00:33:06');
INSERT INTO `friendship_statuses` (`id`, `name`, `created_at`, `updated_at`) VALUES (29, 'veniam', '1991-07-21 17:50:44', '2002-05-15 20:29:32');
INSERT INTO `friendship_statuses` (`id`, `name`, `created_at`, `updated_at`) VALUES (30, 'odit', '2012-10-27 15:02:21', '1971-10-06 04:04:47');
INSERT INTO `friendship_statuses` (`id`, `name`, `created_at`, `updated_at`) VALUES (31, 'quis', '1975-01-21 13:26:09', '1983-07-25 05:50:14');
INSERT INTO `friendship_statuses` (`id`, `name`, `created_at`, `updated_at`) VALUES (32, 'quas', '2004-04-27 05:23:32', '1979-11-17 21:56:14');
INSERT INTO `friendship_statuses` (`id`, `name`, `created_at`, `updated_at`) VALUES (33, 'maiores', '1996-06-07 00:39:10', '1990-07-26 11:24:30');
INSERT INTO `friendship_statuses` (`id`, `name`, `created_at`, `updated_at`) VALUES (34, 'eos', '2013-05-28 04:10:31', '2006-10-20 00:46:12');
INSERT INTO `friendship_statuses` (`id`, `name`, `created_at`, `updated_at`) VALUES (35, 'ut', '1992-06-06 05:06:03', '2013-07-27 08:14:20');
INSERT INTO `friendship_statuses` (`id`, `name`, `created_at`, `updated_at`) VALUES (36, 'velit', '1988-12-11 21:57:39', '1993-06-06 12:00:57');
INSERT INTO `friendship_statuses` (`id`, `name`, `created_at`, `updated_at`) VALUES (37, 'repudiandae', '1991-04-07 08:54:25', '2015-01-24 08:05:48');
INSERT INTO `friendship_statuses` (`id`, `name`, `created_at`, `updated_at`) VALUES (38, 'labore', '1975-03-02 07:20:14', '2003-01-11 01:24:46');
INSERT INTO `friendship_statuses` (`id`, `name`, `created_at`, `updated_at`) VALUES (39, 'impedit', '1998-07-06 10:36:24', '1993-03-12 20:01:27');
INSERT INTO `friendship_statuses` (`id`, `name`, `created_at`, `updated_at`) VALUES (40, 'exercitationem', '1978-04-13 18:36:01', '2011-03-13 16:48:38');
INSERT INTO `friendship_statuses` (`id`, `name`, `created_at`, `updated_at`) VALUES (41, 'eveniet', '1980-08-04 14:31:25', '2011-12-24 21:31:30');
INSERT INTO `friendship_statuses` (`id`, `name`, `created_at`, `updated_at`) VALUES (42, 'voluptatum', '1972-01-31 14:12:39', '1976-04-16 10:34:28');
INSERT INTO `friendship_statuses` (`id`, `name`, `created_at`, `updated_at`) VALUES (43, 'autem', '2019-04-05 06:40:47', '2020-11-20 16:58:33');
INSERT INTO `friendship_statuses` (`id`, `name`, `created_at`, `updated_at`) VALUES (44, 'similique', '1978-04-27 11:38:44', '1982-05-07 14:04:23');
INSERT INTO `friendship_statuses` (`id`, `name`, `created_at`, `updated_at`) VALUES (45, 'placeat', '2008-06-21 16:51:06', '2005-08-20 03:31:30');
INSERT INTO `friendship_statuses` (`id`, `name`, `created_at`, `updated_at`) VALUES (46, 'ab', '2012-11-26 07:12:43', '1970-11-15 07:07:17');
INSERT INTO `friendship_statuses` (`id`, `name`, `created_at`, `updated_at`) VALUES (47, 'dolores', '1985-04-15 14:30:46', '1996-01-29 04:34:27');
INSERT INTO `friendship_statuses` (`id`, `name`, `created_at`, `updated_at`) VALUES (48, 'qui', '2003-05-09 15:42:11', '1982-10-20 01:48:47');
INSERT INTO `friendship_statuses` (`id`, `name`, `created_at`, `updated_at`) VALUES (49, 'quo', '2017-07-16 21:25:21', '1986-06-15 10:21:40');
INSERT INTO `friendship_statuses` (`id`, `name`, `created_at`, `updated_at`) VALUES (50, 'non', '1994-06-12 20:10:59', '1984-02-28 03:13:54');
INSERT INTO `friendship_statuses` (`id`, `name`, `created_at`, `updated_at`) VALUES (51, 'debitis', '1977-09-11 04:41:25', '1971-08-13 20:05:19');
INSERT INTO `friendship_statuses` (`id`, `name`, `created_at`, `updated_at`) VALUES (52, 'laborum', '1978-04-07 20:53:33', '2004-06-03 00:27:27');
INSERT INTO `friendship_statuses` (`id`, `name`, `created_at`, `updated_at`) VALUES (53, 'officia', '1984-11-27 22:38:11', '1983-08-22 18:13:36');
INSERT INTO `friendship_statuses` (`id`, `name`, `created_at`, `updated_at`) VALUES (54, 'porro', '1971-03-07 01:55:45', '2016-11-23 13:57:39');
INSERT INTO `friendship_statuses` (`id`, `name`, `created_at`, `updated_at`) VALUES (55, 'est', '1976-06-21 15:00:48', '1993-04-21 14:40:05');
INSERT INTO `friendship_statuses` (`id`, `name`, `created_at`, `updated_at`) VALUES (56, 'illum', '1972-12-06 16:50:53', '2010-12-28 13:56:44');
INSERT INTO `friendship_statuses` (`id`, `name`, `created_at`, `updated_at`) VALUES (57, 'pariatur', '1971-08-13 13:18:45', '1983-05-01 13:06:28');
INSERT INTO `friendship_statuses` (`id`, `name`, `created_at`, `updated_at`) VALUES (58, 'quisquam', '1997-03-12 10:05:50', '1986-03-29 01:00:31');
INSERT INTO `friendship_statuses` (`id`, `name`, `created_at`, `updated_at`) VALUES (59, 'dolorem', '1998-07-14 23:56:26', '2019-03-13 12:09:09');
INSERT INTO `friendship_statuses` (`id`, `name`, `created_at`, `updated_at`) VALUES (60, 'nulla', '2002-08-25 19:59:51', '2009-04-01 02:41:35');
INSERT INTO `friendship_statuses` (`id`, `name`, `created_at`, `updated_at`) VALUES (61, 'veritatis', '2009-04-09 03:37:06', '1979-08-30 16:51:36');
INSERT INTO `friendship_statuses` (`id`, `name`, `created_at`, `updated_at`) VALUES (62, 'ipsam', '1978-02-03 07:48:22', '2017-09-18 09:33:35');
INSERT INTO `friendship_statuses` (`id`, `name`, `created_at`, `updated_at`) VALUES (63, 'sit', '2007-08-15 06:27:38', '1991-05-03 21:04:07');
INSERT INTO `friendship_statuses` (`id`, `name`, `created_at`, `updated_at`) VALUES (64, 'sint', '2002-05-23 23:49:14', '2005-07-23 22:41:24');
INSERT INTO `friendship_statuses` (`id`, `name`, `created_at`, `updated_at`) VALUES (65, 'dignissimos', '2016-06-24 12:15:23', '1972-07-25 19:23:59');
INSERT INTO `friendship_statuses` (`id`, `name`, `created_at`, `updated_at`) VALUES (66, 'iusto', '1985-05-01 03:43:05', '1970-05-30 10:12:55');
INSERT INTO `friendship_statuses` (`id`, `name`, `created_at`, `updated_at`) VALUES (67, 'aspernatur', '1997-04-24 10:14:23', '2019-09-19 00:03:12');
INSERT INTO `friendship_statuses` (`id`, `name`, `created_at`, `updated_at`) VALUES (68, 'odio', '2018-07-23 21:55:54', '1989-09-13 22:18:53');
INSERT INTO `friendship_statuses` (`id`, `name`, `created_at`, `updated_at`) VALUES (69, 'eum', '1997-06-30 03:41:07', '1971-11-06 23:13:05');
INSERT INTO `friendship_statuses` (`id`, `name`, `created_at`, `updated_at`) VALUES (70, 'repellat', '2005-04-18 11:36:41', '1987-06-22 19:18:50');
INSERT INTO `friendship_statuses` (`id`, `name`, `created_at`, `updated_at`) VALUES (71, 'doloremque', '2016-06-23 08:27:06', '2009-10-06 17:08:14');
INSERT INTO `friendship_statuses` (`id`, `name`, `created_at`, `updated_at`) VALUES (72, 'aliquam', '2003-04-01 04:00:59', '2019-06-08 01:39:29');
INSERT INTO `friendship_statuses` (`id`, `name`, `created_at`, `updated_at`) VALUES (73, 'sequi', '1999-03-13 01:23:11', '1983-08-16 07:19:35');
INSERT INTO `friendship_statuses` (`id`, `name`, `created_at`, `updated_at`) VALUES (74, 'nisi', '1987-07-22 16:13:46', '1995-06-24 13:18:23');
INSERT INTO `friendship_statuses` (`id`, `name`, `created_at`, `updated_at`) VALUES (75, 'saepe', '1978-12-02 00:28:37', '2011-01-03 01:58:13');
INSERT INTO `friendship_statuses` (`id`, `name`, `created_at`, `updated_at`) VALUES (76, 'temporibus', '1992-11-14 07:55:48', '1984-01-28 14:08:51');
INSERT INTO `friendship_statuses` (`id`, `name`, `created_at`, `updated_at`) VALUES (77, 'praesentium', '1978-03-05 04:04:36', '1983-07-04 03:21:06');
INSERT INTO `friendship_statuses` (`id`, `name`, `created_at`, `updated_at`) VALUES (78, 'dicta', '1992-10-23 02:23:31', '1985-05-22 12:07:43');
INSERT INTO `friendship_statuses` (`id`, `name`, `created_at`, `updated_at`) VALUES (79, 'quibusdam', '1986-11-21 00:35:04', '1977-03-03 00:53:25');
INSERT INTO `friendship_statuses` (`id`, `name`, `created_at`, `updated_at`) VALUES (80, 'maxime', '2012-07-28 23:11:56', '1989-02-25 18:25:24');
INSERT INTO `friendship_statuses` (`id`, `name`, `created_at`, `updated_at`) VALUES (81, 'adipisci', '2018-07-11 20:10:05', '1994-05-17 20:46:00');
INSERT INTO `friendship_statuses` (`id`, `name`, `created_at`, `updated_at`) VALUES (82, 'blanditiis', '1994-08-03 12:53:46', '1974-01-13 17:22:02');
INSERT INTO `friendship_statuses` (`id`, `name`, `created_at`, `updated_at`) VALUES (83, 'tempora', '1981-06-06 06:10:24', '1980-05-29 10:02:46');
INSERT INTO `friendship_statuses` (`id`, `name`, `created_at`, `updated_at`) VALUES (84, 'officiis', '1978-05-21 05:29:06', '1975-04-27 01:12:38');
INSERT INTO `friendship_statuses` (`id`, `name`, `created_at`, `updated_at`) VALUES (85, 'aliquid', '2019-06-18 05:44:54', '1981-05-24 01:03:55');
INSERT INTO `friendship_statuses` (`id`, `name`, `created_at`, `updated_at`) VALUES (86, 'vel', '2016-11-28 13:37:03', '1985-04-15 08:57:18');
INSERT INTO `friendship_statuses` (`id`, `name`, `created_at`, `updated_at`) VALUES (87, 'cum', '1997-12-08 01:20:30', '2006-08-26 17:21:11');
INSERT INTO `friendship_statuses` (`id`, `name`, `created_at`, `updated_at`) VALUES (88, 'consequuntur', '1996-05-29 22:56:56', '2001-11-16 15:54:21');
INSERT INTO `friendship_statuses` (`id`, `name`, `created_at`, `updated_at`) VALUES (89, 'cumque', '1976-05-20 00:29:15', '1999-11-11 16:41:48');
INSERT INTO `friendship_statuses` (`id`, `name`, `created_at`, `updated_at`) VALUES (90, 'nesciunt', '2020-03-04 11:04:07', '2021-03-26 17:53:49');
INSERT INTO `friendship_statuses` (`id`, `name`, `created_at`, `updated_at`) VALUES (91, 'ea', '1989-10-28 04:31:11', '2007-07-27 20:45:01');
INSERT INTO `friendship_statuses` (`id`, `name`, `created_at`, `updated_at`) VALUES (92, 'sunt', '2000-02-05 16:45:34', '1988-10-27 23:10:19');
INSERT INTO `friendship_statuses` (`id`, `name`, `created_at`, `updated_at`) VALUES (93, 'quia', '1998-04-01 14:42:25', '1995-01-27 13:40:06');
INSERT INTO `friendship_statuses` (`id`, `name`, `created_at`, `updated_at`) VALUES (94, 'corporis', '2011-01-10 04:06:22', '2020-06-03 15:35:37');
INSERT INTO `friendship_statuses` (`id`, `name`, `created_at`, `updated_at`) VALUES (95, 'vitae', '1995-02-07 10:36:21', '2019-02-16 16:12:13');
INSERT INTO `friendship_statuses` (`id`, `name`, `created_at`, `updated_at`) VALUES (96, 'voluptates', '2009-10-22 15:36:01', '2014-03-19 21:34:11');
INSERT INTO `friendship_statuses` (`id`, `name`, `created_at`, `updated_at`) VALUES (97, 'facilis', '1983-05-09 05:19:11', '1999-06-03 23:03:32');
INSERT INTO `friendship_statuses` (`id`, `name`, `created_at`, `updated_at`) VALUES (98, 'minus', '2000-11-22 16:13:59', '1987-01-24 10:57:11');
INSERT INTO `friendship_statuses` (`id`, `name`, `created_at`, `updated_at`) VALUES (99, 'dolorum', '1995-07-21 09:43:46', '2011-06-18 07:38:55');
INSERT INTO `friendship_statuses` (`id`, `name`, `created_at`, `updated_at`) VALUES (100, 'totam', '2014-03-13 02:29:45', '1982-05-09 01:34:21');


INSERT INTO `friendship` (`user_id`, `friend_id`, `friendship_status_id`, `requested_at`, `confirmed_at`, `created_at`, `updated_at`) VALUES (1, 1, 1, '1999-12-15 14:08:48', '1987-08-14 10:06:50', '2000-07-24 09:59:24', '2001-08-19 23:30:39');
INSERT INTO `friendship` (`user_id`, `friend_id`, `friendship_status_id`, `requested_at`, `confirmed_at`, `created_at`, `updated_at`) VALUES (2, 2, 2, '1980-05-26 22:30:43', '1988-01-14 06:11:20', '2008-04-11 22:50:14', '2009-05-06 08:07:02');
INSERT INTO `friendship` (`user_id`, `friend_id`, `friendship_status_id`, `requested_at`, `confirmed_at`, `created_at`, `updated_at`) VALUES (3, 3, 3, '2012-04-16 00:02:16', '2005-11-02 21:20:52', '2010-08-27 00:04:45', '2005-12-20 00:25:55');
INSERT INTO `friendship` (`user_id`, `friend_id`, `friendship_status_id`, `requested_at`, `confirmed_at`, `created_at`, `updated_at`) VALUES (4, 4, 4, '1997-07-14 21:22:30', '2006-08-28 21:13:02', '1975-06-13 21:53:40', '2004-02-14 13:45:03');
INSERT INTO `friendship` (`user_id`, `friend_id`, `friendship_status_id`, `requested_at`, `confirmed_at`, `created_at`, `updated_at`) VALUES (5, 5, 5, '1992-10-08 07:52:18', '1974-08-08 06:16:25', '1984-01-26 00:58:23', '1993-08-26 23:11:43');
INSERT INTO `friendship` (`user_id`, `friend_id`, `friendship_status_id`, `requested_at`, `confirmed_at`, `created_at`, `updated_at`) VALUES (6, 6, 6, '1989-10-08 17:01:33', '1994-10-02 19:04:40', '2004-01-21 06:58:08', '1987-12-26 02:19:35');
INSERT INTO `friendship` (`user_id`, `friend_id`, `friendship_status_id`, `requested_at`, `confirmed_at`, `created_at`, `updated_at`) VALUES (7, 7, 7, '2009-01-29 10:36:12', '2003-09-22 01:35:03', '2002-06-13 09:51:56', '1970-07-13 16:56:20');
INSERT INTO `friendship` (`user_id`, `friend_id`, `friendship_status_id`, `requested_at`, `confirmed_at`, `created_at`, `updated_at`) VALUES (8, 8, 8, '2002-08-11 14:09:49', '1993-02-22 03:50:42', '1970-11-01 09:19:02', '1970-08-07 18:04:16');
INSERT INTO `friendship` (`user_id`, `friend_id`, `friendship_status_id`, `requested_at`, `confirmed_at`, `created_at`, `updated_at`) VALUES (9, 9, 9, '1988-08-08 05:54:45', '1978-04-25 16:40:57', '1994-11-28 03:25:07', '2020-04-13 15:35:40');
INSERT INTO `friendship` (`user_id`, `friend_id`, `friendship_status_id`, `requested_at`, `confirmed_at`, `created_at`, `updated_at`) VALUES (10, 10, 10, '1987-06-10 10:13:55', '2003-09-08 00:52:19', '1983-01-28 11:39:53', '1995-05-05 03:26:44');
INSERT INTO `friendship` (`user_id`, `friend_id`, `friendship_status_id`, `requested_at`, `confirmed_at`, `created_at`, `updated_at`) VALUES (11, 11, 11, '2002-10-04 19:19:44', '1988-01-16 22:05:12', '1989-03-20 04:37:37', '1981-07-07 21:49:25');
INSERT INTO `friendship` (`user_id`, `friend_id`, `friendship_status_id`, `requested_at`, `confirmed_at`, `created_at`, `updated_at`) VALUES (12, 12, 12, '2003-06-12 16:49:37', '2007-01-31 02:15:52', '1996-11-07 10:17:15', '1991-12-19 12:01:10');
INSERT INTO `friendship` (`user_id`, `friend_id`, `friendship_status_id`, `requested_at`, `confirmed_at`, `created_at`, `updated_at`) VALUES (13, 13, 13, '1978-03-31 20:38:24', '1981-03-03 17:22:36', '1992-09-02 06:14:35', '1970-05-20 09:49:23');
INSERT INTO `friendship` (`user_id`, `friend_id`, `friendship_status_id`, `requested_at`, `confirmed_at`, `created_at`, `updated_at`) VALUES (14, 14, 14, '1977-07-23 11:00:22', '1994-01-28 13:19:31', '2007-08-04 17:01:19', '1978-09-22 01:18:38');
INSERT INTO `friendship` (`user_id`, `friend_id`, `friendship_status_id`, `requested_at`, `confirmed_at`, `created_at`, `updated_at`) VALUES (15, 15, 15, '2016-08-04 05:02:31', '1990-09-27 00:51:03', '1977-04-23 23:26:28', '1993-02-20 09:48:04');
INSERT INTO `friendship` (`user_id`, `friend_id`, `friendship_status_id`, `requested_at`, `confirmed_at`, `created_at`, `updated_at`) VALUES (16, 16, 16, '2011-09-21 17:16:22', '1993-11-14 12:43:18', '2011-08-27 21:01:55', '2003-07-12 01:38:47');
INSERT INTO `friendship` (`user_id`, `friend_id`, `friendship_status_id`, `requested_at`, `confirmed_at`, `created_at`, `updated_at`) VALUES (17, 17, 17, '1980-06-25 14:47:40', '2010-10-10 09:41:11', '2006-11-13 16:40:51', '2017-05-25 02:27:35');
INSERT INTO `friendship` (`user_id`, `friend_id`, `friendship_status_id`, `requested_at`, `confirmed_at`, `created_at`, `updated_at`) VALUES (18, 18, 18, '1999-08-13 03:10:00', '1989-02-28 15:27:51', '1978-06-13 22:58:19', '1988-10-16 15:38:47');
INSERT INTO `friendship` (`user_id`, `friend_id`, `friendship_status_id`, `requested_at`, `confirmed_at`, `created_at`, `updated_at`) VALUES (19, 19, 19, '1976-06-16 09:44:45', '1995-05-08 04:22:34', '2007-01-23 02:23:35', '1992-01-26 02:48:02');
INSERT INTO `friendship` (`user_id`, `friend_id`, `friendship_status_id`, `requested_at`, `confirmed_at`, `created_at`, `updated_at`) VALUES (20, 20, 20, '1972-08-29 05:06:33', '1984-09-29 01:40:29', '2006-03-06 02:21:52', '1972-11-14 16:03:41');
INSERT INTO `friendship` (`user_id`, `friend_id`, `friendship_status_id`, `requested_at`, `confirmed_at`, `created_at`, `updated_at`) VALUES (21, 21, 21, '2013-04-18 01:05:19', '1986-02-02 14:42:25', '1989-02-11 23:13:29', '1983-01-06 14:49:52');
INSERT INTO `friendship` (`user_id`, `friend_id`, `friendship_status_id`, `requested_at`, `confirmed_at`, `created_at`, `updated_at`) VALUES (22, 22, 22, '2010-06-11 21:18:18', '1996-10-05 00:45:23', '1975-05-14 21:16:55', '2012-09-19 04:01:02');
INSERT INTO `friendship` (`user_id`, `friend_id`, `friendship_status_id`, `requested_at`, `confirmed_at`, `created_at`, `updated_at`) VALUES (23, 23, 23, '1998-08-25 03:11:37', '1990-10-20 04:09:19', '1978-09-20 13:10:08', '2015-12-19 11:50:31');
INSERT INTO `friendship` (`user_id`, `friend_id`, `friendship_status_id`, `requested_at`, `confirmed_at`, `created_at`, `updated_at`) VALUES (24, 24, 24, '2014-02-22 00:42:25', '2007-02-24 07:07:30', '2004-06-07 19:11:48', '2000-11-10 01:39:59');
INSERT INTO `friendship` (`user_id`, `friend_id`, `friendship_status_id`, `requested_at`, `confirmed_at`, `created_at`, `updated_at`) VALUES (25, 25, 25, '1992-10-26 13:40:14', '1974-12-29 03:27:03', '1983-11-12 10:59:29', '1973-04-03 21:17:58');
INSERT INTO `friendship` (`user_id`, `friend_id`, `friendship_status_id`, `requested_at`, `confirmed_at`, `created_at`, `updated_at`) VALUES (26, 26, 26, '2003-06-03 14:14:33', '1986-10-24 15:34:50', '2006-01-20 21:10:30', '1982-12-05 11:09:55');
INSERT INTO `friendship` (`user_id`, `friend_id`, `friendship_status_id`, `requested_at`, `confirmed_at`, `created_at`, `updated_at`) VALUES (27, 27, 27, '2002-03-14 17:10:14', '1982-12-09 03:44:44', '1978-05-29 22:28:11', '1992-01-08 06:06:12');
INSERT INTO `friendship` (`user_id`, `friend_id`, `friendship_status_id`, `requested_at`, `confirmed_at`, `created_at`, `updated_at`) VALUES (28, 28, 28, '1997-12-01 23:37:04', '1999-01-17 02:35:36', '1975-06-24 01:34:19', '1991-06-29 12:51:18');
INSERT INTO `friendship` (`user_id`, `friend_id`, `friendship_status_id`, `requested_at`, `confirmed_at`, `created_at`, `updated_at`) VALUES (29, 29, 29, '1994-06-30 16:02:07', '1977-03-01 01:41:00', '2010-12-15 06:39:42', '1972-11-22 09:53:17');
INSERT INTO `friendship` (`user_id`, `friend_id`, `friendship_status_id`, `requested_at`, `confirmed_at`, `created_at`, `updated_at`) VALUES (30, 30, 30, '1994-10-19 22:33:05', '1984-07-15 11:21:46', '1992-01-31 08:45:43', '2020-01-19 11:55:02');
INSERT INTO `friendship` (`user_id`, `friend_id`, `friendship_status_id`, `requested_at`, `confirmed_at`, `created_at`, `updated_at`) VALUES (31, 31, 31, '1978-12-23 12:43:00', '1975-12-13 15:08:52', '2008-02-17 01:52:45', '2003-09-21 21:54:54');
INSERT INTO `friendship` (`user_id`, `friend_id`, `friendship_status_id`, `requested_at`, `confirmed_at`, `created_at`, `updated_at`) VALUES (32, 32, 32, '1993-02-22 00:14:44', '2020-06-18 07:00:32', '2006-04-08 20:27:30', '1998-07-20 22:35:11');
INSERT INTO `friendship` (`user_id`, `friend_id`, `friendship_status_id`, `requested_at`, `confirmed_at`, `created_at`, `updated_at`) VALUES (33, 33, 33, '1977-03-09 02:32:01', '1995-09-07 06:22:09', '1989-03-17 20:09:41', '2016-04-20 17:32:24');
INSERT INTO `friendship` (`user_id`, `friend_id`, `friendship_status_id`, `requested_at`, `confirmed_at`, `created_at`, `updated_at`) VALUES (34, 34, 34, '2001-01-03 15:35:09', '2006-11-18 21:39:14', '1986-04-13 11:16:43', '2007-07-27 04:42:06');
INSERT INTO `friendship` (`user_id`, `friend_id`, `friendship_status_id`, `requested_at`, `confirmed_at`, `created_at`, `updated_at`) VALUES (35, 35, 35, '2005-12-31 02:25:12', '1988-05-30 10:33:22', '1979-02-03 05:57:39', '1971-06-21 12:04:06');
INSERT INTO `friendship` (`user_id`, `friend_id`, `friendship_status_id`, `requested_at`, `confirmed_at`, `created_at`, `updated_at`) VALUES (36, 36, 36, '2003-08-29 14:08:34', '2021-04-17 13:53:18', '1981-08-14 21:48:45', '1978-03-13 03:07:30');
INSERT INTO `friendship` (`user_id`, `friend_id`, `friendship_status_id`, `requested_at`, `confirmed_at`, `created_at`, `updated_at`) VALUES (37, 37, 37, '2005-06-16 13:03:50', '2010-04-20 16:01:42', '1985-06-14 04:54:11', '1986-12-06 05:55:31');
INSERT INTO `friendship` (`user_id`, `friend_id`, `friendship_status_id`, `requested_at`, `confirmed_at`, `created_at`, `updated_at`) VALUES (38, 38, 38, '2015-05-20 11:35:45', '2007-07-25 13:58:35', '1991-03-29 13:59:48', '2005-11-09 18:55:52');
INSERT INTO `friendship` (`user_id`, `friend_id`, `friendship_status_id`, `requested_at`, `confirmed_at`, `created_at`, `updated_at`) VALUES (39, 39, 39, '1987-10-08 01:08:53', '1999-03-02 01:06:29', '1971-12-11 10:55:36', '1990-08-11 19:56:55');
INSERT INTO `friendship` (`user_id`, `friend_id`, `friendship_status_id`, `requested_at`, `confirmed_at`, `created_at`, `updated_at`) VALUES (40, 40, 40, '1981-11-04 20:16:09', '2009-01-30 22:54:19', '1978-05-31 03:06:36', '1984-07-30 10:54:52');
INSERT INTO `friendship` (`user_id`, `friend_id`, `friendship_status_id`, `requested_at`, `confirmed_at`, `created_at`, `updated_at`) VALUES (41, 41, 41, '2007-01-03 15:25:17', '1989-07-29 01:51:24', '1997-10-03 11:40:11', '2012-12-27 05:06:27');
INSERT INTO `friendship` (`user_id`, `friend_id`, `friendship_status_id`, `requested_at`, `confirmed_at`, `created_at`, `updated_at`) VALUES (42, 42, 42, '2015-01-10 21:02:03', '1995-12-07 11:49:59', '2002-07-02 02:43:56', '1971-07-01 07:56:40');
INSERT INTO `friendship` (`user_id`, `friend_id`, `friendship_status_id`, `requested_at`, `confirmed_at`, `created_at`, `updated_at`) VALUES (43, 43, 43, '2002-06-25 02:08:25', '1994-10-19 01:39:46', '2011-04-04 13:28:56', '1988-06-02 12:22:59');
INSERT INTO `friendship` (`user_id`, `friend_id`, `friendship_status_id`, `requested_at`, `confirmed_at`, `created_at`, `updated_at`) VALUES (44, 44, 44, '2000-03-01 20:54:18', '1992-12-08 23:41:23', '1994-10-12 15:18:59', '1974-04-23 22:58:36');
INSERT INTO `friendship` (`user_id`, `friend_id`, `friendship_status_id`, `requested_at`, `confirmed_at`, `created_at`, `updated_at`) VALUES (45, 45, 45, '1972-11-01 05:15:08', '1998-08-21 21:49:57', '2003-10-20 06:10:47', '2008-09-04 22:16:04');
INSERT INTO `friendship` (`user_id`, `friend_id`, `friendship_status_id`, `requested_at`, `confirmed_at`, `created_at`, `updated_at`) VALUES (46, 46, 46, '2006-10-21 07:27:18', '2003-05-14 02:07:45', '1981-07-16 11:44:05', '1972-05-24 15:51:44');
INSERT INTO `friendship` (`user_id`, `friend_id`, `friendship_status_id`, `requested_at`, `confirmed_at`, `created_at`, `updated_at`) VALUES (47, 47, 47, '1986-05-29 01:22:23', '2005-03-25 22:22:53', '2007-03-09 15:23:46', '1984-05-08 18:41:05');
INSERT INTO `friendship` (`user_id`, `friend_id`, `friendship_status_id`, `requested_at`, `confirmed_at`, `created_at`, `updated_at`) VALUES (48, 48, 48, '1971-02-01 06:18:16', '1982-02-12 03:08:02', '1987-07-27 04:37:25', '1977-02-23 15:24:53');
INSERT INTO `friendship` (`user_id`, `friend_id`, `friendship_status_id`, `requested_at`, `confirmed_at`, `created_at`, `updated_at`) VALUES (49, 49, 49, '1981-07-14 05:13:45', '2001-02-07 23:19:27', '2002-12-07 13:01:48', '1977-05-17 19:20:57');
INSERT INTO `friendship` (`user_id`, `friend_id`, `friendship_status_id`, `requested_at`, `confirmed_at`, `created_at`, `updated_at`) VALUES (50, 50, 50, '2002-11-19 11:26:17', '2004-06-05 10:26:26', '1997-02-22 05:36:14', '1977-01-16 14:06:49');
INSERT INTO `friendship` (`user_id`, `friend_id`, `friendship_status_id`, `requested_at`, `confirmed_at`, `created_at`, `updated_at`) VALUES (51, 51, 51, '2013-03-12 19:38:54', '1971-02-02 03:07:33', '1982-02-02 14:44:59', '1987-07-15 22:53:46');
INSERT INTO `friendship` (`user_id`, `friend_id`, `friendship_status_id`, `requested_at`, `confirmed_at`, `created_at`, `updated_at`) VALUES (52, 52, 52, '1972-09-10 03:35:15', '1984-06-08 06:09:11', '1983-06-01 19:11:21', '2004-10-20 12:27:26');
INSERT INTO `friendship` (`user_id`, `friend_id`, `friendship_status_id`, `requested_at`, `confirmed_at`, `created_at`, `updated_at`) VALUES (53, 53, 53, '2014-01-07 07:13:17', '1972-09-23 01:56:25', '2015-10-02 06:36:28', '1974-04-06 22:01:20');
INSERT INTO `friendship` (`user_id`, `friend_id`, `friendship_status_id`, `requested_at`, `confirmed_at`, `created_at`, `updated_at`) VALUES (54, 54, 54, '1986-11-07 02:40:05', '2005-12-29 02:34:44', '2001-04-19 01:37:38', '1982-02-06 07:11:05');
INSERT INTO `friendship` (`user_id`, `friend_id`, `friendship_status_id`, `requested_at`, `confirmed_at`, `created_at`, `updated_at`) VALUES (55, 55, 55, '1977-05-23 05:24:57', '1979-10-15 20:01:20', '2020-11-10 14:42:52', '2007-02-08 08:04:50');
INSERT INTO `friendship` (`user_id`, `friend_id`, `friendship_status_id`, `requested_at`, `confirmed_at`, `created_at`, `updated_at`) VALUES (56, 56, 56, '2004-09-30 04:27:48', '1978-10-27 00:40:38', '2013-09-04 11:20:29', '2010-11-23 23:51:02');
INSERT INTO `friendship` (`user_id`, `friend_id`, `friendship_status_id`, `requested_at`, `confirmed_at`, `created_at`, `updated_at`) VALUES (57, 57, 57, '1973-05-02 14:25:24', '2014-03-15 16:17:00', '1972-08-03 09:14:36', '2000-04-12 18:40:13');
INSERT INTO `friendship` (`user_id`, `friend_id`, `friendship_status_id`, `requested_at`, `confirmed_at`, `created_at`, `updated_at`) VALUES (58, 58, 58, '2006-10-08 13:53:54', '1985-04-23 09:41:27', '1977-01-03 17:19:20', '1976-07-10 08:36:29');
INSERT INTO `friendship` (`user_id`, `friend_id`, `friendship_status_id`, `requested_at`, `confirmed_at`, `created_at`, `updated_at`) VALUES (59, 59, 59, '1979-07-10 15:55:37', '1992-03-23 16:18:50', '1993-08-15 13:00:44', '1986-11-26 06:08:31');
INSERT INTO `friendship` (`user_id`, `friend_id`, `friendship_status_id`, `requested_at`, `confirmed_at`, `created_at`, `updated_at`) VALUES (60, 60, 60, '1983-08-03 09:14:54', '2012-05-27 07:19:49', '1979-09-29 23:34:00', '2015-07-19 15:16:47');
INSERT INTO `friendship` (`user_id`, `friend_id`, `friendship_status_id`, `requested_at`, `confirmed_at`, `created_at`, `updated_at`) VALUES (61, 61, 61, '1970-06-23 04:53:03', '1991-12-11 13:28:11', '2005-07-16 18:43:00', '1986-10-20 14:38:57');
INSERT INTO `friendship` (`user_id`, `friend_id`, `friendship_status_id`, `requested_at`, `confirmed_at`, `created_at`, `updated_at`) VALUES (62, 62, 62, '1989-03-14 03:22:00', '1982-07-15 04:22:50', '2020-05-18 19:34:48', '1975-02-03 22:46:10');
INSERT INTO `friendship` (`user_id`, `friend_id`, `friendship_status_id`, `requested_at`, `confirmed_at`, `created_at`, `updated_at`) VALUES (63, 63, 63, '1982-10-17 23:12:04', '1989-12-06 02:57:52', '2020-04-29 11:31:29', '2015-07-17 04:17:25');
INSERT INTO `friendship` (`user_id`, `friend_id`, `friendship_status_id`, `requested_at`, `confirmed_at`, `created_at`, `updated_at`) VALUES (64, 64, 64, '1998-07-12 09:28:37', '2013-02-07 23:44:57', '2007-06-06 13:55:45', '2001-12-05 16:56:41');
INSERT INTO `friendship` (`user_id`, `friend_id`, `friendship_status_id`, `requested_at`, `confirmed_at`, `created_at`, `updated_at`) VALUES (65, 65, 65, '1971-07-30 05:14:48', '1981-10-15 14:29:33', '1981-08-28 15:09:59', '1992-10-31 19:28:06');
INSERT INTO `friendship` (`user_id`, `friend_id`, `friendship_status_id`, `requested_at`, `confirmed_at`, `created_at`, `updated_at`) VALUES (66, 66, 66, '2006-06-10 00:16:02', '1973-05-30 15:39:43', '1989-07-28 08:11:33', '1974-08-09 05:40:36');
INSERT INTO `friendship` (`user_id`, `friend_id`, `friendship_status_id`, `requested_at`, `confirmed_at`, `created_at`, `updated_at`) VALUES (67, 67, 67, '1982-01-24 01:29:21', '1999-01-17 13:19:47', '1975-01-05 22:16:49', '2005-12-14 04:51:31');
INSERT INTO `friendship` (`user_id`, `friend_id`, `friendship_status_id`, `requested_at`, `confirmed_at`, `created_at`, `updated_at`) VALUES (68, 68, 68, '1995-12-06 19:26:54', '1974-08-16 18:32:20', '1989-05-20 23:02:04', '1992-10-28 16:54:31');
INSERT INTO `friendship` (`user_id`, `friend_id`, `friendship_status_id`, `requested_at`, `confirmed_at`, `created_at`, `updated_at`) VALUES (69, 69, 69, '2003-05-12 06:47:29', '2007-03-17 05:49:36', '1991-11-06 22:37:39', '2020-04-15 09:38:56');
INSERT INTO `friendship` (`user_id`, `friend_id`, `friendship_status_id`, `requested_at`, `confirmed_at`, `created_at`, `updated_at`) VALUES (70, 70, 70, '2016-09-01 23:01:46', '1995-01-30 12:56:41', '1996-12-08 10:04:35', '2019-02-09 14:31:30');
INSERT INTO `friendship` (`user_id`, `friend_id`, `friendship_status_id`, `requested_at`, `confirmed_at`, `created_at`, `updated_at`) VALUES (71, 71, 71, '1984-06-24 18:30:21', '1986-11-09 14:01:56', '1981-05-02 05:10:29', '2001-05-24 04:17:53');
INSERT INTO `friendship` (`user_id`, `friend_id`, `friendship_status_id`, `requested_at`, `confirmed_at`, `created_at`, `updated_at`) VALUES (72, 72, 72, '1970-12-10 13:23:53', '2008-07-13 02:54:54', '2020-09-09 00:14:10', '1980-07-08 05:19:06');
INSERT INTO `friendship` (`user_id`, `friend_id`, `friendship_status_id`, `requested_at`, `confirmed_at`, `created_at`, `updated_at`) VALUES (73, 73, 73, '2007-09-22 14:06:06', '2019-09-07 05:53:37', '1987-03-16 19:57:50', '2011-07-19 08:16:33');
INSERT INTO `friendship` (`user_id`, `friend_id`, `friendship_status_id`, `requested_at`, `confirmed_at`, `created_at`, `updated_at`) VALUES (74, 74, 74, '2004-02-09 09:44:11', '2007-10-02 03:27:21', '2001-06-16 13:04:29', '2003-08-03 22:05:44');
INSERT INTO `friendship` (`user_id`, `friend_id`, `friendship_status_id`, `requested_at`, `confirmed_at`, `created_at`, `updated_at`) VALUES (75, 75, 75, '1993-09-23 06:30:13', '1982-05-22 15:43:45', '2002-05-27 03:35:04', '1975-03-27 07:04:53');
INSERT INTO `friendship` (`user_id`, `friend_id`, `friendship_status_id`, `requested_at`, `confirmed_at`, `created_at`, `updated_at`) VALUES (76, 76, 76, '1976-02-27 04:08:17', '1999-10-18 23:41:04', '2018-10-27 02:09:37', '1995-02-12 15:33:40');
INSERT INTO `friendship` (`user_id`, `friend_id`, `friendship_status_id`, `requested_at`, `confirmed_at`, `created_at`, `updated_at`) VALUES (77, 77, 77, '1987-03-12 21:02:24', '1984-12-21 01:15:42', '2012-10-16 23:00:13', '1984-11-11 13:30:47');
INSERT INTO `friendship` (`user_id`, `friend_id`, `friendship_status_id`, `requested_at`, `confirmed_at`, `created_at`, `updated_at`) VALUES (78, 78, 78, '2015-07-19 12:10:08', '1985-10-27 06:52:59', '1990-10-24 10:42:25', '2017-03-05 20:16:46');
INSERT INTO `friendship` (`user_id`, `friend_id`, `friendship_status_id`, `requested_at`, `confirmed_at`, `created_at`, `updated_at`) VALUES (79, 79, 79, '1982-10-13 18:15:01', '2019-01-20 11:00:54', '2019-04-27 06:18:58', '1990-05-01 15:36:31');
INSERT INTO `friendship` (`user_id`, `friend_id`, `friendship_status_id`, `requested_at`, `confirmed_at`, `created_at`, `updated_at`) VALUES (80, 80, 80, '1989-05-19 05:28:42', '1995-03-20 23:19:54', '1978-04-04 16:49:23', '1996-11-29 14:33:19');
INSERT INTO `friendship` (`user_id`, `friend_id`, `friendship_status_id`, `requested_at`, `confirmed_at`, `created_at`, `updated_at`) VALUES (81, 81, 81, '1994-11-10 05:41:51', '1999-06-01 22:47:24', '2005-03-24 14:10:57', '2011-07-08 15:18:41');
INSERT INTO `friendship` (`user_id`, `friend_id`, `friendship_status_id`, `requested_at`, `confirmed_at`, `created_at`, `updated_at`) VALUES (82, 82, 82, '1974-06-08 10:03:13', '1982-08-28 11:07:03', '2007-04-04 19:00:24', '2003-11-18 13:58:10');
INSERT INTO `friendship` (`user_id`, `friend_id`, `friendship_status_id`, `requested_at`, `confirmed_at`, `created_at`, `updated_at`) VALUES (83, 83, 83, '1983-05-04 21:55:37', '2011-11-19 06:49:10', '2007-03-28 04:34:20', '2015-08-11 14:57:48');
INSERT INTO `friendship` (`user_id`, `friend_id`, `friendship_status_id`, `requested_at`, `confirmed_at`, `created_at`, `updated_at`) VALUES (84, 84, 84, '1973-10-23 20:54:49', '2009-11-05 01:33:29', '2004-01-11 06:17:45', '1989-09-04 14:08:10');
INSERT INTO `friendship` (`user_id`, `friend_id`, `friendship_status_id`, `requested_at`, `confirmed_at`, `created_at`, `updated_at`) VALUES (85, 85, 85, '1999-11-28 20:22:16', '1984-03-08 09:25:02', '1985-10-25 00:36:23', '2008-04-25 09:37:03');
INSERT INTO `friendship` (`user_id`, `friend_id`, `friendship_status_id`, `requested_at`, `confirmed_at`, `created_at`, `updated_at`) VALUES (86, 86, 86, '1999-05-05 17:41:45', '2018-12-01 20:56:10', '1986-09-06 01:24:04', '1984-09-25 17:14:49');
INSERT INTO `friendship` (`user_id`, `friend_id`, `friendship_status_id`, `requested_at`, `confirmed_at`, `created_at`, `updated_at`) VALUES (87, 87, 87, '1971-03-30 18:07:50', '1994-07-13 04:31:58', '2019-02-03 08:04:35', '1987-02-19 05:22:38');
INSERT INTO `friendship` (`user_id`, `friend_id`, `friendship_status_id`, `requested_at`, `confirmed_at`, `created_at`, `updated_at`) VALUES (88, 88, 88, '2008-09-07 23:38:16', '1999-05-03 15:27:26', '2008-08-16 15:17:05', '2002-08-05 08:07:34');
INSERT INTO `friendship` (`user_id`, `friend_id`, `friendship_status_id`, `requested_at`, `confirmed_at`, `created_at`, `updated_at`) VALUES (89, 89, 89, '1998-09-26 17:25:38', '1972-09-24 00:07:56', '1982-03-12 16:58:58', '2015-11-24 05:23:28');
INSERT INTO `friendship` (`user_id`, `friend_id`, `friendship_status_id`, `requested_at`, `confirmed_at`, `created_at`, `updated_at`) VALUES (90, 90, 90, '1984-01-22 15:10:37', '2003-07-09 12:58:01', '1976-03-18 11:01:44', '1999-05-08 01:55:42');
INSERT INTO `friendship` (`user_id`, `friend_id`, `friendship_status_id`, `requested_at`, `confirmed_at`, `created_at`, `updated_at`) VALUES (91, 91, 91, '2016-11-17 23:16:37', '1992-04-23 19:51:38', '1990-09-14 14:11:46', '2007-02-28 15:21:52');
INSERT INTO `friendship` (`user_id`, `friend_id`, `friendship_status_id`, `requested_at`, `confirmed_at`, `created_at`, `updated_at`) VALUES (92, 92, 92, '1991-11-26 01:00:56', '1999-02-08 06:45:03', '2002-01-16 15:44:17', '2010-02-22 18:43:24');
INSERT INTO `friendship` (`user_id`, `friend_id`, `friendship_status_id`, `requested_at`, `confirmed_at`, `created_at`, `updated_at`) VALUES (93, 93, 93, '2012-10-25 15:36:38', '1981-06-16 14:22:42', '1989-06-20 14:51:52', '1995-11-17 07:56:41');
INSERT INTO `friendship` (`user_id`, `friend_id`, `friendship_status_id`, `requested_at`, `confirmed_at`, `created_at`, `updated_at`) VALUES (94, 94, 94, '1994-02-24 16:12:08', '1993-01-20 01:13:52', '1979-09-26 13:58:36', '2018-07-13 19:45:31');
INSERT INTO `friendship` (`user_id`, `friend_id`, `friendship_status_id`, `requested_at`, `confirmed_at`, `created_at`, `updated_at`) VALUES (95, 95, 95, '1981-06-05 16:17:53', '1979-04-18 03:37:18', '1975-04-20 22:13:06', '1980-01-15 01:14:52');
INSERT INTO `friendship` (`user_id`, `friend_id`, `friendship_status_id`, `requested_at`, `confirmed_at`, `created_at`, `updated_at`) VALUES (96, 96, 96, '1974-04-03 07:19:52', '2014-01-17 11:16:00', '2013-10-25 17:50:13', '2002-12-19 21:59:36');
INSERT INTO `friendship` (`user_id`, `friend_id`, `friendship_status_id`, `requested_at`, `confirmed_at`, `created_at`, `updated_at`) VALUES (97, 97, 97, '1995-02-06 06:46:57', '1986-12-31 16:37:28', '1993-07-14 16:03:13', '1989-07-08 13:04:38');
INSERT INTO `friendship` (`user_id`, `friend_id`, `friendship_status_id`, `requested_at`, `confirmed_at`, `created_at`, `updated_at`) VALUES (98, 98, 98, '1990-10-08 15:23:48', '1975-01-06 04:55:00', '1979-11-06 20:30:19', '1999-08-20 06:27:38');
INSERT INTO `friendship` (`user_id`, `friend_id`, `friendship_status_id`, `requested_at`, `confirmed_at`, `created_at`, `updated_at`) VALUES (99, 99, 99, '2014-03-20 19:20:27', '2001-05-23 09:38:02', '1991-02-04 07:11:07', '1979-11-26 00:31:12');
INSERT INTO `friendship` (`user_id`, `friend_id`, `friendship_status_id`, `requested_at`, `confirmed_at`, `created_at`, `updated_at`) VALUES (100, 100, 100, '1992-02-16 17:20:07', '1987-08-22 21:16:19', '1980-02-18 06:23:12', '2017-03-31 18:30:33');

INSERT INTO `media_types` (`id`, `name`, `created_at`, `updated_at`) VALUES (1, 'quibusdam', '1998-06-23 05:59:44', '1973-03-14 12:47:54');
INSERT INTO `media_types` (`id`, `name`, `created_at`, `updated_at`) VALUES (2, 'numquam', '2015-04-28 11:56:55', '1988-02-11 04:31:47');
INSERT INTO `media_types` (`id`, `name`, `created_at`, `updated_at`) VALUES (3, 'eum', '2012-05-22 18:03:34', '2005-09-06 18:30:41');
INSERT INTO `media_types` (`id`, `name`, `created_at`, `updated_at`) VALUES (4, 'sit', '1996-01-21 05:47:30', '1976-06-23 07:59:21');
INSERT INTO `media_types` (`id`, `name`, `created_at`, `updated_at`) VALUES (5, 'delectus', '1971-04-23 04:09:09', '2012-10-21 22:35:37');
INSERT INTO `media_types` (`id`, `name`, `created_at`, `updated_at`) VALUES (6, 'perferendis', '1986-01-24 17:14:16', '1979-02-05 17:37:01');
INSERT INTO `media_types` (`id`, `name`, `created_at`, `updated_at`) VALUES (7, 'necessitatibus', '1997-01-04 15:12:03', '2002-12-02 21:58:54');
INSERT INTO `media_types` (`id`, `name`, `created_at`, `updated_at`) VALUES (8, 'et', '1988-10-29 10:06:36', '1976-01-16 18:15:53');
INSERT INTO `media_types` (`id`, `name`, `created_at`, `updated_at`) VALUES (9, 'quod', '1998-05-30 11:03:05', '1986-05-12 12:36:40');
INSERT INTO `media_types` (`id`, `name`, `created_at`, `updated_at`) VALUES (10, 'officia', '1985-07-27 07:29:37', '1972-08-03 23:21:42');
INSERT INTO `media_types` (`id`, `name`, `created_at`, `updated_at`) VALUES (11, 'aut', '2013-06-07 12:14:56', '1993-09-24 03:20:46');
INSERT INTO `media_types` (`id`, `name`, `created_at`, `updated_at`) VALUES (12, 'explicabo', '2011-01-05 12:33:06', '1971-01-02 06:55:09');
INSERT INTO `media_types` (`id`, `name`, `created_at`, `updated_at`) VALUES (13, 'libero', '2011-11-24 09:35:19', '1991-05-03 04:03:29');
INSERT INTO `media_types` (`id`, `name`, `created_at`, `updated_at`) VALUES (14, 'culpa', '1971-07-22 19:25:16', '2013-11-03 09:10:12');
INSERT INTO `media_types` (`id`, `name`, `created_at`, `updated_at`) VALUES (15, 'facilis', '1986-07-02 06:17:35', '1971-09-18 18:38:02');
INSERT INTO `media_types` (`id`, `name`, `created_at`, `updated_at`) VALUES (16, 'eius', '1996-02-23 22:11:16', '2000-09-14 20:49:08');
INSERT INTO `media_types` (`id`, `name`, `created_at`, `updated_at`) VALUES (17, 'qui', '1970-03-05 20:05:49', '1976-12-28 23:13:25');
INSERT INTO `media_types` (`id`, `name`, `created_at`, `updated_at`) VALUES (18, 'tempore', '1982-04-25 06:23:00', '1973-03-06 23:56:32');
INSERT INTO `media_types` (`id`, `name`, `created_at`, `updated_at`) VALUES (19, 'consequuntur', '2008-06-30 20:52:40', '1990-03-09 13:55:32');
INSERT INTO `media_types` (`id`, `name`, `created_at`, `updated_at`) VALUES (20, 'eos', '1971-04-26 01:34:38', '2015-11-15 01:45:10');
INSERT INTO `media_types` (`id`, `name`, `created_at`, `updated_at`) VALUES (21, 'aliquid', '1998-10-29 13:10:00', '1985-02-10 08:17:39');
INSERT INTO `media_types` (`id`, `name`, `created_at`, `updated_at`) VALUES (22, 'quo', '1974-03-26 03:53:40', '1979-06-17 19:02:34');
INSERT INTO `media_types` (`id`, `name`, `created_at`, `updated_at`) VALUES (23, 'ipsa', '1987-09-20 09:38:20', '2013-05-06 16:09:42');
INSERT INTO `media_types` (`id`, `name`, `created_at`, `updated_at`) VALUES (24, 'rerum', '2001-09-05 03:44:32', '1992-03-16 05:06:12');
INSERT INTO `media_types` (`id`, `name`, `created_at`, `updated_at`) VALUES (25, 'voluptatem', '2001-09-14 19:36:38', '1999-10-18 04:44:08');
INSERT INTO `media_types` (`id`, `name`, `created_at`, `updated_at`) VALUES (26, 'debitis', '1996-04-23 04:25:59', '2002-06-28 08:55:12');
INSERT INTO `media_types` (`id`, `name`, `created_at`, `updated_at`) VALUES (27, 'ex', '2012-03-18 17:35:58', '1974-01-12 10:58:52');
INSERT INTO `media_types` (`id`, `name`, `created_at`, `updated_at`) VALUES (28, 'aspernatur', '2001-07-17 02:17:07', '1995-03-02 03:45:22');
INSERT INTO `media_types` (`id`, `name`, `created_at`, `updated_at`) VALUES (29, 'dicta', '1991-01-14 02:06:06', '1987-01-04 01:03:15');
INSERT INTO `media_types` (`id`, `name`, `created_at`, `updated_at`) VALUES (30, 'unde', '2004-09-01 23:43:03', '1998-06-29 06:30:03');
INSERT INTO `media_types` (`id`, `name`, `created_at`, `updated_at`) VALUES (31, 'velit', '2002-04-14 08:58:50', '2015-08-07 14:24:01');
INSERT INTO `media_types` (`id`, `name`, `created_at`, `updated_at`) VALUES (32, 'est', '2004-10-30 08:27:37', '1979-09-06 06:06:30');
INSERT INTO `media_types` (`id`, `name`, `created_at`, `updated_at`) VALUES (33, 'deleniti', '2010-11-21 04:37:57', '1981-02-16 02:12:56');
INSERT INTO `media_types` (`id`, `name`, `created_at`, `updated_at`) VALUES (34, 'fugit', '2017-11-19 15:53:31', '1980-12-31 08:49:17');
INSERT INTO `media_types` (`id`, `name`, `created_at`, `updated_at`) VALUES (35, 'amet', '1985-02-09 17:55:23', '1985-07-24 05:10:54');
INSERT INTO `media_types` (`id`, `name`, `created_at`, `updated_at`) VALUES (36, 'optio', '2020-03-30 05:48:52', '1990-06-29 00:00:29');
INSERT INTO `media_types` (`id`, `name`, `created_at`, `updated_at`) VALUES (37, 'ratione', '1987-05-22 18:52:56', '1988-04-20 00:55:42');
INSERT INTO `media_types` (`id`, `name`, `created_at`, `updated_at`) VALUES (38, 'dolor', '1985-11-17 20:29:10', '1988-08-14 09:41:33');
INSERT INTO `media_types` (`id`, `name`, `created_at`, `updated_at`) VALUES (39, 'eveniet', '2018-10-18 07:49:57', '2006-12-19 14:53:01');
INSERT INTO `media_types` (`id`, `name`, `created_at`, `updated_at`) VALUES (40, 'sunt', '2013-09-02 22:00:54', '1974-03-15 07:09:44');
INSERT INTO `media_types` (`id`, `name`, `created_at`, `updated_at`) VALUES (41, 'dolorum', '1993-04-30 08:13:14', '2006-11-10 22:01:36');
INSERT INTO `media_types` (`id`, `name`, `created_at`, `updated_at`) VALUES (42, 'itaque', '1970-04-24 02:46:26', '1995-03-18 07:59:17');
INSERT INTO `media_types` (`id`, `name`, `created_at`, `updated_at`) VALUES (43, 'deserunt', '1979-08-17 20:19:52', '1989-12-09 13:26:46');
INSERT INTO `media_types` (`id`, `name`, `created_at`, `updated_at`) VALUES (44, 'fuga', '1995-08-04 14:21:21', '2016-05-22 18:05:59');
INSERT INTO `media_types` (`id`, `name`, `created_at`, `updated_at`) VALUES (45, 'provident', '1999-02-01 10:29:12', '1979-02-25 14:45:29');
INSERT INTO `media_types` (`id`, `name`, `created_at`, `updated_at`) VALUES (46, 'possimus', '2005-04-14 01:56:28', '1998-11-07 11:35:01');
INSERT INTO `media_types` (`id`, `name`, `created_at`, `updated_at`) VALUES (47, 'quos', '1981-09-08 14:35:11', '1982-12-01 11:49:15');
INSERT INTO `media_types` (`id`, `name`, `created_at`, `updated_at`) VALUES (48, 'vel', '2013-09-02 23:29:46', '2007-03-03 09:53:17');
INSERT INTO `media_types` (`id`, `name`, `created_at`, `updated_at`) VALUES (49, 'sequi', '2001-02-05 17:14:48', '2019-06-18 07:38:53');
INSERT INTO `media_types` (`id`, `name`, `created_at`, `updated_at`) VALUES (50, 'voluptates', '2016-01-20 00:16:11', '2015-07-08 12:33:29');
INSERT INTO `media_types` (`id`, `name`, `created_at`, `updated_at`) VALUES (51, 'ut', '2003-07-17 11:45:51', '2010-10-21 13:09:06');
INSERT INTO `media_types` (`id`, `name`, `created_at`, `updated_at`) VALUES (52, 'voluptatum', '1993-01-11 05:21:20', '1972-01-21 04:26:43');
INSERT INTO `media_types` (`id`, `name`, `created_at`, `updated_at`) VALUES (53, 'natus', '2014-11-12 11:00:35', '2020-07-26 20:59:35');
INSERT INTO `media_types` (`id`, `name`, `created_at`, `updated_at`) VALUES (54, 'porro', '2008-02-16 14:54:33', '2006-09-08 15:15:24');
INSERT INTO `media_types` (`id`, `name`, `created_at`, `updated_at`) VALUES (55, 'maxime', '1977-04-07 05:44:47', '1987-10-06 00:53:01');
INSERT INTO `media_types` (`id`, `name`, `created_at`, `updated_at`) VALUES (56, 'nesciunt', '1971-11-18 12:28:26', '1997-05-25 16:11:20');
INSERT INTO `media_types` (`id`, `name`, `created_at`, `updated_at`) VALUES (57, 'quisquam', '2012-07-31 15:41:48', '1991-03-10 18:12:26');
INSERT INTO `media_types` (`id`, `name`, `created_at`, `updated_at`) VALUES (58, 'temporibus', '1993-11-06 05:55:23', '2004-07-14 02:20:59');
INSERT INTO `media_types` (`id`, `name`, `created_at`, `updated_at`) VALUES (59, 'quae', '2011-08-23 16:00:39', '2018-04-19 16:02:31');
INSERT INTO `media_types` (`id`, `name`, `created_at`, `updated_at`) VALUES (60, 'inventore', '2010-09-27 12:22:22', '2011-08-17 04:08:21');
INSERT INTO `media_types` (`id`, `name`, `created_at`, `updated_at`) VALUES (61, 'ipsum', '1976-02-14 05:41:31', '1978-10-08 06:14:56');
INSERT INTO `media_types` (`id`, `name`, `created_at`, `updated_at`) VALUES (62, 'rem', '2009-04-11 05:09:33', '2001-07-11 07:13:21');
INSERT INTO `media_types` (`id`, `name`, `created_at`, `updated_at`) VALUES (63, 'sapiente', '1986-01-20 12:21:01', '2008-09-02 16:10:58');
INSERT INTO `media_types` (`id`, `name`, `created_at`, `updated_at`) VALUES (64, 'pariatur', '1984-11-14 16:06:18', '1972-01-23 12:44:36');
INSERT INTO `media_types` (`id`, `name`, `created_at`, `updated_at`) VALUES (65, 'recusandae', '1981-11-07 02:38:08', '2016-03-15 16:19:30');
INSERT INTO `media_types` (`id`, `name`, `created_at`, `updated_at`) VALUES (66, 'non', '1971-01-29 13:58:20', '2000-01-27 00:41:43');
INSERT INTO `media_types` (`id`, `name`, `created_at`, `updated_at`) VALUES (67, 'ea', '1999-10-08 02:56:17', '1978-05-13 20:53:29');
INSERT INTO `media_types` (`id`, `name`, `created_at`, `updated_at`) VALUES (68, 'voluptas', '2017-06-29 14:18:34', '1988-03-11 09:08:09');
INSERT INTO `media_types` (`id`, `name`, `created_at`, `updated_at`) VALUES (69, 'cupiditate', '2003-06-30 11:02:26', '2007-01-31 23:07:07');
INSERT INTO `media_types` (`id`, `name`, `created_at`, `updated_at`) VALUES (70, 'aliquam', '1986-10-05 00:24:02', '1971-02-06 07:17:32');
INSERT INTO `media_types` (`id`, `name`, `created_at`, `updated_at`) VALUES (71, 'dolores', '2008-08-22 16:31:16', '2019-04-17 22:23:30');
INSERT INTO `media_types` (`id`, `name`, `created_at`, `updated_at`) VALUES (72, 'repellendus', '2017-10-05 13:03:51', '1973-08-10 09:47:03');
INSERT INTO `media_types` (`id`, `name`, `created_at`, `updated_at`) VALUES (73, 'praesentium', '1987-08-23 11:08:26', '2018-06-09 04:26:40');
INSERT INTO `media_types` (`id`, `name`, `created_at`, `updated_at`) VALUES (74, 'quia', '2020-03-18 03:42:30', '1990-06-19 08:10:19');
INSERT INTO `media_types` (`id`, `name`, `created_at`, `updated_at`) VALUES (75, 'eaque', '1990-01-18 17:48:37', '2017-05-09 10:38:05');
INSERT INTO `media_types` (`id`, `name`, `created_at`, `updated_at`) VALUES (76, 'vitae', '2011-08-21 12:13:42', '2020-12-03 20:14:18');
INSERT INTO `media_types` (`id`, `name`, `created_at`, `updated_at`) VALUES (77, 'fugiat', '2000-09-04 16:21:07', '1976-01-26 10:39:31');
INSERT INTO `media_types` (`id`, `name`, `created_at`, `updated_at`) VALUES (78, 'enim', '2012-02-08 22:21:16', '2008-08-23 22:48:16');
INSERT INTO `media_types` (`id`, `name`, `created_at`, `updated_at`) VALUES (79, 'laborum', '2005-02-27 00:01:32', '2018-06-05 19:11:07');
INSERT INTO `media_types` (`id`, `name`, `created_at`, `updated_at`) VALUES (80, 'voluptate', '1971-06-29 20:55:10', '2017-07-08 00:21:11');
INSERT INTO `media_types` (`id`, `name`, `created_at`, `updated_at`) VALUES (81, 'dolorem', '1982-07-16 13:10:46', '1993-12-14 06:26:29');
INSERT INTO `media_types` (`id`, `name`, `created_at`, `updated_at`) VALUES (82, 'odio', '1979-03-19 07:27:38', '1976-03-03 05:51:59');
INSERT INTO `media_types` (`id`, `name`, `created_at`, `updated_at`) VALUES (83, 'consectetur', '2014-03-06 23:28:37', '1975-09-03 17:37:06');
INSERT INTO `media_types` (`id`, `name`, `created_at`, `updated_at`) VALUES (84, 'sint', '2005-08-08 19:14:55', '1976-08-08 05:51:09');
INSERT INTO `media_types` (`id`, `name`, `created_at`, `updated_at`) VALUES (85, 'quam', '1996-10-30 14:37:15', '1976-09-24 12:35:07');
INSERT INTO `media_types` (`id`, `name`, `created_at`, `updated_at`) VALUES (86, 'repudiandae', '1974-05-27 02:24:30', '1991-12-08 13:46:29');
INSERT INTO `media_types` (`id`, `name`, `created_at`, `updated_at`) VALUES (87, 'placeat', '1981-10-03 01:12:36', '1992-08-24 17:55:36');
INSERT INTO `media_types` (`id`, `name`, `created_at`, `updated_at`) VALUES (88, 'error', '2020-05-03 11:52:54', '2004-10-24 12:52:25');
INSERT INTO `media_types` (`id`, `name`, `created_at`, `updated_at`) VALUES (89, 'quas', '1997-08-25 22:29:40', '1973-02-16 00:29:32');
INSERT INTO `media_types` (`id`, `name`, `created_at`, `updated_at`) VALUES (90, 'nihil', '1990-03-14 01:33:35', '2012-11-04 09:26:12');
INSERT INTO `media_types` (`id`, `name`, `created_at`, `updated_at`) VALUES (91, 'sed', '2011-12-08 09:16:27', '1978-06-03 07:11:20');
INSERT INTO `media_types` (`id`, `name`, `created_at`, `updated_at`) VALUES (92, 'a', '1974-07-10 00:30:35', '1986-07-26 05:19:08');
INSERT INTO `media_types` (`id`, `name`, `created_at`, `updated_at`) VALUES (93, 'reiciendis', '1985-11-12 12:09:53', '1978-10-11 01:13:38');
INSERT INTO `media_types` (`id`, `name`, `created_at`, `updated_at`) VALUES (94, 'tenetur', '1990-11-15 08:20:23', '2009-09-21 13:32:44');
INSERT INTO `media_types` (`id`, `name`, `created_at`, `updated_at`) VALUES (95, 'consequatur', '1993-03-05 04:24:28', '1971-06-28 13:33:35');
INSERT INTO `media_types` (`id`, `name`, `created_at`, `updated_at`) VALUES (96, 'at', '2000-10-11 08:35:40', '1998-05-18 18:39:34');
INSERT INTO `media_types` (`id`, `name`, `created_at`, `updated_at`) VALUES (97, 'ipsam', '2007-01-20 07:43:00', '1982-06-05 05:08:52');
INSERT INTO `media_types` (`id`, `name`, `created_at`, `updated_at`) VALUES (98, 'incidunt', '1989-10-30 05:13:04', '2016-12-17 11:15:40');
INSERT INTO `media_types` (`id`, `name`, `created_at`, `updated_at`) VALUES (99, 'odit', '1999-05-12 13:24:18', '1998-12-23 11:32:55');
INSERT INTO `media_types` (`id`, `name`, `created_at`, `updated_at`) VALUES (100, 'harum', '1987-12-19 06:36:28', '1979-06-09 20:25:10');

INSERT INTO `media` (`id`, `media_name`, `media_type_id`, `created_at`, `updated_at`, `filename`, `size`) VALUES (1, 'voluptatem', 1, '1982-07-14 12:00:25', '1971-02-28 18:31:29', 'quia', 0);
INSERT INTO `media` (`id`, `media_name`, `media_type_id`, `created_at`, `updated_at`, `filename`, `size`) VALUES (2, 'nihil', 2, '1987-01-13 05:19:37', '1999-03-06 04:10:52', 'et', 91303);
INSERT INTO `media` (`id`, `media_name`, `media_type_id`, `created_at`, `updated_at`, `filename`, `size`) VALUES (3, 'excepturi', 3, '2017-07-22 18:51:18', '1997-05-16 15:40:50', 'repudiandae', 0);
INSERT INTO `media` (`id`, `media_name`, `media_type_id`, `created_at`, `updated_at`, `filename`, `size`) VALUES (4, 'tempora', 4, '1977-12-27 03:56:11', '1972-10-31 05:12:59', 'numquam', 119);
INSERT INTO `media` (`id`, `media_name`, `media_type_id`, `created_at`, `updated_at`, `filename`, `size`) VALUES (5, 'perspiciatis', 5, '1970-06-19 03:45:16', '1992-10-16 10:28:37', 'culpa', 7882);
INSERT INTO `media` (`id`, `media_name`, `media_type_id`, `created_at`, `updated_at`, `filename`, `size`) VALUES (6, 'non', 6, '1991-02-09 18:15:28', '1975-05-21 17:05:45', 'est', 395);
INSERT INTO `media` (`id`, `media_name`, `media_type_id`, `created_at`, `updated_at`, `filename`, `size`) VALUES (7, 'quidem', 7, '1970-09-23 03:38:18', '2015-04-02 06:53:46', 'dolore', 241);
INSERT INTO `media` (`id`, `media_name`, `media_type_id`, `created_at`, `updated_at`, `filename`, `size`) VALUES (8, 'ipsum', 8, '1988-02-23 15:00:46', '2006-04-04 22:06:10', 'sed', 962857);
INSERT INTO `media` (`id`, `media_name`, `media_type_id`, `created_at`, `updated_at`, `filename`, `size`) VALUES (9, 'dolores', 9, '1974-06-30 05:49:45', '2004-06-09 20:37:08', 'qui', 6720);
INSERT INTO `media` (`id`, `media_name`, `media_type_id`, `created_at`, `updated_at`, `filename`, `size`) VALUES (10, 'consequuntur', 10, '1982-02-19 03:30:58', '2015-07-18 02:18:24', 'ratione', 2644050);
INSERT INTO `media` (`id`, `media_name`, `media_type_id`, `created_at`, `updated_at`, `filename`, `size`) VALUES (11, 'possimus', 11, '2007-03-08 22:12:22', '1991-08-22 02:08:58', 'sit', 3);
INSERT INTO `media` (`id`, `media_name`, `media_type_id`, `created_at`, `updated_at`, `filename`, `size`) VALUES (12, 'nisi', 12, '2006-10-02 06:42:35', '1982-11-12 05:08:35', 'quos', 8974938);
INSERT INTO `media` (`id`, `media_name`, `media_type_id`, `created_at`, `updated_at`, `filename`, `size`) VALUES (13, 'corrupti', 13, '2014-12-07 19:22:06', '2001-06-23 04:33:17', 'eveniet', 0);
INSERT INTO `media` (`id`, `media_name`, `media_type_id`, `created_at`, `updated_at`, `filename`, `size`) VALUES (14, 'dolorem', 14, '1991-05-12 06:40:42', '2016-03-05 06:02:56', 'omnis', 51329);
INSERT INTO `media` (`id`, `media_name`, `media_type_id`, `created_at`, `updated_at`, `filename`, `size`) VALUES (15, 'ut', 15, '1974-09-12 11:18:20', '1993-09-07 01:54:01', 'nulla', 8020);
INSERT INTO `media` (`id`, `media_name`, `media_type_id`, `created_at`, `updated_at`, `filename`, `size`) VALUES (16, 'repellat', 16, '1998-10-08 12:02:32', '1972-04-18 17:06:48', 'corporis', 0);
INSERT INTO `media` (`id`, `media_name`, `media_type_id`, `created_at`, `updated_at`, `filename`, `size`) VALUES (17, 'voluptas', 17, '1973-07-30 16:01:37', '1996-05-15 00:04:01', 'amet', 66);
INSERT INTO `media` (`id`, `media_name`, `media_type_id`, `created_at`, `updated_at`, `filename`, `size`) VALUES (18, 'pariatur', 18, '1990-03-11 21:36:39', '1986-07-21 15:47:19', 'assumenda', 769);
INSERT INTO `media` (`id`, `media_name`, `media_type_id`, `created_at`, `updated_at`, `filename`, `size`) VALUES (19, 'deleniti', 19, '2018-03-17 11:35:49', '1981-06-11 06:41:51', 'magnam', 0);
INSERT INTO `media` (`id`, `media_name`, `media_type_id`, `created_at`, `updated_at`, `filename`, `size`) VALUES (20, 'aliquid', 20, '1994-09-24 10:19:36', '1976-01-21 03:55:52', 'enim', 0);
INSERT INTO `media` (`id`, `media_name`, `media_type_id`, `created_at`, `updated_at`, `filename`, `size`) VALUES (21, 'aut', 21, '1988-08-18 22:26:44', '1991-03-22 12:19:04', 'similique', 8327726);
INSERT INTO `media` (`id`, `media_name`, `media_type_id`, `created_at`, `updated_at`, `filename`, `size`) VALUES (22, 'velit', 22, '2014-10-31 19:31:22', '2018-07-14 19:02:24', 'consequatur', 6);
INSERT INTO `media` (`id`, `media_name`, `media_type_id`, `created_at`, `updated_at`, `filename`, `size`) VALUES (23, 'iure', 23, '1988-06-15 08:39:04', '1989-03-12 12:50:55', 'harum', 24854961);
INSERT INTO `media` (`id`, `media_name`, `media_type_id`, `created_at`, `updated_at`, `filename`, `size`) VALUES (24, 'natus', 24, '2001-02-28 12:14:30', '1975-01-16 14:02:29', 'deserunt', 0);
INSERT INTO `media` (`id`, `media_name`, `media_type_id`, `created_at`, `updated_at`, `filename`, `size`) VALUES (25, 'ea', 25, '1976-11-06 20:34:57', '1983-01-02 13:35:43', 'illum', 3);
INSERT INTO `media` (`id`, `media_name`, `media_type_id`, `created_at`, `updated_at`, `filename`, `size`) VALUES (26, 'doloremque', 26, '2006-11-12 10:40:41', '1993-01-30 04:26:11', 'architecto', 2088181);
INSERT INTO `media` (`id`, `media_name`, `media_type_id`, `created_at`, `updated_at`, `filename`, `size`) VALUES (27, 'perferendis', 27, '2015-10-09 12:32:54', '2000-06-03 21:53:25', 'id', 700);
INSERT INTO `media` (`id`, `media_name`, `media_type_id`, `created_at`, `updated_at`, `filename`, `size`) VALUES (28, 'minima', 28, '1983-06-05 16:39:04', '1995-09-06 14:25:54', 'occaecati', 76);
INSERT INTO `media` (`id`, `media_name`, `media_type_id`, `created_at`, `updated_at`, `filename`, `size`) VALUES (29, 'fugiat', 29, '1988-04-29 06:29:41', '1991-07-03 10:43:51', 'ullam', 314374);
INSERT INTO `media` (`id`, `media_name`, `media_type_id`, `created_at`, `updated_at`, `filename`, `size`) VALUES (30, 'sint', 30, '2011-09-30 15:06:03', '1978-04-15 05:40:39', 'eligendi', 16841);
INSERT INTO `media` (`id`, `media_name`, `media_type_id`, `created_at`, `updated_at`, `filename`, `size`) VALUES (31, 'illo', 31, '1979-06-23 11:15:38', '1991-09-08 04:49:25', 'sapiente', 0);
INSERT INTO `media` (`id`, `media_name`, `media_type_id`, `created_at`, `updated_at`, `filename`, `size`) VALUES (32, 'veritatis', 32, '2017-01-17 14:47:05', '1981-02-01 02:02:40', 'maxime', 5);
INSERT INTO `media` (`id`, `media_name`, `media_type_id`, `created_at`, `updated_at`, `filename`, `size`) VALUES (33, 'accusamus', 33, '1992-11-28 22:29:04', '2007-12-10 13:47:58', 'molestiae', 0);
INSERT INTO `media` (`id`, `media_name`, `media_type_id`, `created_at`, `updated_at`, `filename`, `size`) VALUES (34, 'eos', 34, '1994-07-06 22:58:04', '1997-08-13 00:07:07', 'vitae', 4343);
INSERT INTO `media` (`id`, `media_name`, `media_type_id`, `created_at`, `updated_at`, `filename`, `size`) VALUES (35, 'dolor', 35, '2012-08-03 04:20:34', '2007-06-11 19:41:53', 'nesciunt', 63);
INSERT INTO `media` (`id`, `media_name`, `media_type_id`, `created_at`, `updated_at`, `filename`, `size`) VALUES (36, 'explicabo', 36, '1971-12-13 14:05:58', '2013-08-19 19:44:07', 'eius', 796652883);
INSERT INTO `media` (`id`, `media_name`, `media_type_id`, `created_at`, `updated_at`, `filename`, `size`) VALUES (37, 'aliquam', 37, '1985-09-28 23:26:04', '2013-12-28 12:45:05', 'odit', 1116859);
INSERT INTO `media` (`id`, `media_name`, `media_type_id`, `created_at`, `updated_at`, `filename`, `size`) VALUES (38, 'quo', 38, '1973-11-05 23:10:34', '1999-12-10 04:54:05', 'aperiam', 730);
INSERT INTO `media` (`id`, `media_name`, `media_type_id`, `created_at`, `updated_at`, `filename`, `size`) VALUES (39, 'tenetur', 39, '1997-11-19 06:06:27', '1995-10-26 16:54:45', 'rerum', 356);
INSERT INTO `media` (`id`, `media_name`, `media_type_id`, `created_at`, `updated_at`, `filename`, `size`) VALUES (40, 'error', 40, '1990-04-28 22:52:52', '2018-10-25 18:57:17', 'nobis', 38611203);
INSERT INTO `media` (`id`, `media_name`, `media_type_id`, `created_at`, `updated_at`, `filename`, `size`) VALUES (41, 'autem', 41, '2004-04-30 11:46:39', '2015-03-12 06:10:39', 'dignissimos', 88817745);
INSERT INTO `media` (`id`, `media_name`, `media_type_id`, `created_at`, `updated_at`, `filename`, `size`) VALUES (42, 'itaque', 42, '1990-04-21 05:10:30', '2019-12-03 17:33:13', 'optio', 27050);
INSERT INTO `media` (`id`, `media_name`, `media_type_id`, `created_at`, `updated_at`, `filename`, `size`) VALUES (43, 'hic', 43, '1997-12-10 02:15:00', '1973-06-05 00:41:18', 'ducimus', 0);
INSERT INTO `media` (`id`, `media_name`, `media_type_id`, `created_at`, `updated_at`, `filename`, `size`) VALUES (44, 'temporibus', 44, '2020-11-23 06:08:44', '2000-03-05 13:36:27', 'labore', 392);
INSERT INTO `media` (`id`, `media_name`, `media_type_id`, `created_at`, `updated_at`, `filename`, `size`) VALUES (45, 'quis', 45, '1992-11-02 21:17:29', '2000-05-04 17:24:43', 'facere', 5);
INSERT INTO `media` (`id`, `media_name`, `media_type_id`, `created_at`, `updated_at`, `filename`, `size`) VALUES (46, 'quae', 46, '1998-12-31 05:39:23', '1983-10-30 22:41:56', 'odio', 821711);
INSERT INTO `media` (`id`, `media_name`, `media_type_id`, `created_at`, `updated_at`, `filename`, `size`) VALUES (47, 'ipsam', 47, '1995-08-06 13:36:58', '1979-06-20 15:34:42', 'nemo', 351);
INSERT INTO `media` (`id`, `media_name`, `media_type_id`, `created_at`, `updated_at`, `filename`, `size`) VALUES (48, 'provident', 48, '1971-06-08 18:56:59', '1987-01-11 02:41:03', 'in', 0);
INSERT INTO `media` (`id`, `media_name`, `media_type_id`, `created_at`, `updated_at`, `filename`, `size`) VALUES (49, 'a', 49, '2014-06-09 03:28:11', '1978-11-29 18:56:48', 'veniam', 6);
INSERT INTO `media` (`id`, `media_name`, `media_type_id`, `created_at`, `updated_at`, `filename`, `size`) VALUES (50, 'vel', 50, '1994-11-10 17:12:23', '1988-10-11 00:43:11', 'modi', 8333561);
INSERT INTO `media` (`id`, `media_name`, `media_type_id`, `created_at`, `updated_at`, `filename`, `size`) VALUES (51, 'consectetur', 51, '1994-03-31 22:06:06', '2020-08-06 14:10:33', 'ex', 38997);
INSERT INTO `media` (`id`, `media_name`, `media_type_id`, `created_at`, `updated_at`, `filename`, `size`) VALUES (52, 'cupiditate', 52, '1999-11-30 10:10:04', '2006-06-24 01:20:51', 'neque', 906);
INSERT INTO `media` (`id`, `media_name`, `media_type_id`, `created_at`, `updated_at`, `filename`, `size`) VALUES (53, 'quas', 53, '2020-04-04 05:15:32', '1983-05-20 05:18:15', 'doloribus', 332746);
INSERT INTO `media` (`id`, `media_name`, `media_type_id`, `created_at`, `updated_at`, `filename`, `size`) VALUES (54, 'laborum', 54, '2014-02-21 14:56:47', '1980-08-05 18:16:35', 'praesentium', 9);
INSERT INTO `media` (`id`, `media_name`, `media_type_id`, `created_at`, `updated_at`, `filename`, `size`) VALUES (55, 'placeat', 55, '2019-09-24 00:54:09', '1985-11-17 05:09:55', 'iusto', 0);
INSERT INTO `media` (`id`, `media_name`, `media_type_id`, `created_at`, `updated_at`, `filename`, `size`) VALUES (56, 'quod', 56, '1988-12-09 13:05:35', '1984-08-14 06:03:42', 'suscipit', 497200);
INSERT INTO `media` (`id`, `media_name`, `media_type_id`, `created_at`, `updated_at`, `filename`, `size`) VALUES (57, 'mollitia', 57, '2012-11-26 02:06:49', '1972-05-29 22:53:51', 'laboriosam', 501275954);
INSERT INTO `media` (`id`, `media_name`, `media_type_id`, `created_at`, `updated_at`, `filename`, `size`) VALUES (58, 'ab', 58, '1976-05-16 18:58:05', '2004-04-26 11:22:34', 'vero', 491722);
INSERT INTO `media` (`id`, `media_name`, `media_type_id`, `created_at`, `updated_at`, `filename`, `size`) VALUES (59, 'molestias', 59, '2012-02-08 09:19:08', '1977-07-24 07:22:29', 'aspernatur', 0);
INSERT INTO `media` (`id`, `media_name`, `media_type_id`, `created_at`, `updated_at`, `filename`, `size`) VALUES (60, 'alias', 60, '1975-05-22 23:42:54', '1994-02-25 10:46:24', 'commodi', 92);




INSERT INTO `message_statuses` (`id`, `name`, `created_at`, `updated_at`) VALUES (1, 'iure', '1982-12-05 07:19:31', '2011-11-07 22:35:10');
INSERT INTO `message_statuses` (`id`, `name`, `created_at`, `updated_at`) VALUES (2, 'veritatis', '1973-04-06 16:40:45', '1976-09-26 17:28:57');
INSERT INTO `message_statuses` (`id`, `name`, `created_at`, `updated_at`) VALUES (3, 'possimus', '2005-07-13 10:56:27', '2013-05-01 11:38:48');
INSERT INTO `message_statuses` (`id`, `name`, `created_at`, `updated_at`) VALUES (4, 'corporis', '1988-06-01 08:10:17', '1999-02-27 01:26:03');
INSERT INTO `message_statuses` (`id`, `name`, `created_at`, `updated_at`) VALUES (5, 'perspiciatis', '2009-01-15 15:31:31', '1976-07-09 02:34:53');
INSERT INTO `message_statuses` (`id`, `name`, `created_at`, `updated_at`) VALUES (6, 'aut', '1978-11-28 05:00:00', '2000-08-15 02:33:08');
INSERT INTO `message_statuses` (`id`, `name`, `created_at`, `updated_at`) VALUES (7, 'accusantium', '1990-11-29 16:38:49', '1986-08-10 03:26:47');
INSERT INTO `message_statuses` (`id`, `name`, `created_at`, `updated_at`) VALUES (8, 'nobis', '1999-11-12 16:51:45', '2020-08-22 01:39:06');
INSERT INTO `message_statuses` (`id`, `name`, `created_at`, `updated_at`) VALUES (9, 'ut', '1979-08-20 20:02:32', '1970-06-21 08:54:28');
INSERT INTO `message_statuses` (`id`, `name`, `created_at`, `updated_at`) VALUES (10, 'reprehenderit', '1995-05-02 13:46:31', '1983-04-14 05:20:56');
INSERT INTO `message_statuses` (`id`, `name`, `created_at`, `updated_at`) VALUES (11, 'laboriosam', '2020-07-15 04:11:07', '2004-06-13 08:17:30');
INSERT INTO `message_statuses` (`id`, `name`, `created_at`, `updated_at`) VALUES (12, 'quis', '1997-06-06 22:56:45', '1978-05-22 08:21:09');
INSERT INTO `message_statuses` (`id`, `name`, `created_at`, `updated_at`) VALUES (13, 'debitis', '2014-05-18 20:06:08', '2012-03-12 08:08:57');
INSERT INTO `message_statuses` (`id`, `name`, `created_at`, `updated_at`) VALUES (14, 'alias', '2015-01-20 20:59:01', '1997-01-17 10:21:23');
INSERT INTO `message_statuses` (`id`, `name`, `created_at`, `updated_at`) VALUES (15, 'accusamus', '2011-07-30 21:30:54', '2019-11-18 04:20:18');
INSERT INTO `message_statuses` (`id`, `name`, `created_at`, `updated_at`) VALUES (16, 'enim', '2003-07-15 15:14:19', '2021-01-16 20:35:19');
INSERT INTO `message_statuses` (`id`, `name`, `created_at`, `updated_at`) VALUES (17, 'fugiat', '2012-04-10 21:00:20', '1980-03-08 14:36:05');
INSERT INTO `message_statuses` (`id`, `name`, `created_at`, `updated_at`) VALUES (18, 'molestiae', '1991-10-17 19:14:09', '2017-09-29 01:12:10');
INSERT INTO `message_statuses` (`id`, `name`, `created_at`, `updated_at`) VALUES (19, 'eligendi', '1996-04-20 22:17:53', '1974-08-06 01:31:37');
INSERT INTO `message_statuses` (`id`, `name`, `created_at`, `updated_at`) VALUES (20, 'neque', '1978-12-03 23:46:20', '2001-06-05 10:06:33');
INSERT INTO `message_statuses` (`id`, `name`, `created_at`, `updated_at`) VALUES (21, 'rerum', '2004-04-12 16:33:17', '1984-03-08 13:18:10');
INSERT INTO `message_statuses` (`id`, `name`, `created_at`, `updated_at`) VALUES (22, 'modi', '1998-03-18 08:21:17', '2003-07-04 05:20:32');
INSERT INTO `message_statuses` (`id`, `name`, `created_at`, `updated_at`) VALUES (23, 'consequatur', '2004-07-21 23:44:29', '2011-09-16 08:43:12');
INSERT INTO `message_statuses` (`id`, `name`, `created_at`, `updated_at`) VALUES (24, 'et', '1978-08-30 05:45:34', '1980-07-25 15:23:19');
INSERT INTO `message_statuses` (`id`, `name`, `created_at`, `updated_at`) VALUES (25, 'itaque', '2004-02-06 22:55:05', '2011-10-24 06:56:38');
INSERT INTO `message_statuses` (`id`, `name`, `created_at`, `updated_at`) VALUES (26, 'sed', '1977-07-14 08:26:52', '1983-01-31 15:07:01');
INSERT INTO `message_statuses` (`id`, `name`, `created_at`, `updated_at`) VALUES (27, 'ratione', '1985-10-12 11:09:39', '2014-09-13 14:44:29');
INSERT INTO `message_statuses` (`id`, `name`, `created_at`, `updated_at`) VALUES (28, 'atque', '1974-06-15 12:31:59', '2021-02-09 15:26:34');
INSERT INTO `message_statuses` (`id`, `name`, `created_at`, `updated_at`) VALUES (29, 'perferendis', '2003-01-26 18:39:30', '2002-06-14 22:40:22');
INSERT INTO `message_statuses` (`id`, `name`, `created_at`, `updated_at`) VALUES (30, 'tempora', '2016-05-13 19:58:06', '2002-12-23 22:37:13');
INSERT INTO `message_statuses` (`id`, `name`, `created_at`, `updated_at`) VALUES (31, 'dolorem', '1972-05-16 02:23:46', '2013-08-19 16:20:07');
INSERT INTO `message_statuses` (`id`, `name`, `created_at`, `updated_at`) VALUES (32, 'inventore', '1996-11-17 19:17:30', '2020-04-18 13:51:13');
INSERT INTO `message_statuses` (`id`, `name`, `created_at`, `updated_at`) VALUES (33, 'nemo', '1996-04-21 13:19:37', '2015-08-16 08:31:54');
INSERT INTO `message_statuses` (`id`, `name`, `created_at`, `updated_at`) VALUES (34, 'praesentium', '1971-05-27 18:27:53', '2010-08-20 02:30:24');
INSERT INTO `message_statuses` (`id`, `name`, `created_at`, `updated_at`) VALUES (35, 'eum', '1978-07-22 22:10:05', '1988-01-25 19:06:23');
INSERT INTO `message_statuses` (`id`, `name`, `created_at`, `updated_at`) VALUES (36, 'sit', '2010-04-26 15:38:43', '2012-10-28 11:33:02');
INSERT INTO `message_statuses` (`id`, `name`, `created_at`, `updated_at`) VALUES (37, 'corrupti', '1972-06-23 12:42:36', '1992-08-11 22:23:32');
INSERT INTO `message_statuses` (`id`, `name`, `created_at`, `updated_at`) VALUES (38, 'voluptas', '2008-06-30 16:10:47', '2015-07-23 05:41:11');
INSERT INTO `message_statuses` (`id`, `name`, `created_at`, `updated_at`) VALUES (39, 'id', '2006-09-24 03:50:32', '1985-09-02 00:54:58');
INSERT INTO `message_statuses` (`id`, `name`, `created_at`, `updated_at`) VALUES (40, 'repudiandae', '2012-12-15 04:51:33', '1996-12-26 02:42:41');
INSERT INTO `message_statuses` (`id`, `name`, `created_at`, `updated_at`) VALUES (41, 'repellat', '2005-07-03 19:49:07', '2006-12-20 10:23:27');
INSERT INTO `message_statuses` (`id`, `name`, `created_at`, `updated_at`) VALUES (42, 'vel', '1970-10-11 22:46:59', '2013-08-25 22:20:23');
INSERT INTO `message_statuses` (`id`, `name`, `created_at`, `updated_at`) VALUES (43, 'explicabo', '2010-02-14 10:23:14', '2001-04-23 09:05:27');
INSERT INTO `message_statuses` (`id`, `name`, `created_at`, `updated_at`) VALUES (44, 'mollitia', '1980-07-27 19:00:16', '2016-02-09 19:23:59');
INSERT INTO `message_statuses` (`id`, `name`, `created_at`, `updated_at`) VALUES (45, 'est', '2011-09-12 11:14:53', '1985-01-07 05:41:36');
INSERT INTO `message_statuses` (`id`, `name`, `created_at`, `updated_at`) VALUES (46, 'aspernatur', '1984-07-12 02:37:49', '1977-07-21 04:39:05');
INSERT INTO `message_statuses` (`id`, `name`, `created_at`, `updated_at`) VALUES (47, 'omnis', '2010-08-16 04:17:16', '1981-09-01 23:43:12');
INSERT INTO `message_statuses` (`id`, `name`, `created_at`, `updated_at`) VALUES (48, 'ipsum', '1995-04-11 02:45:51', '1978-08-05 10:07:22');
INSERT INTO `message_statuses` (`id`, `name`, `created_at`, `updated_at`) VALUES (49, 'error', '2006-02-13 11:43:42', '1974-11-06 11:58:08');
INSERT INTO `message_statuses` (`id`, `name`, `created_at`, `updated_at`) VALUES (50, 'aliquid', '1971-11-22 09:06:52', '1978-03-16 02:21:50');
INSERT INTO `message_statuses` (`id`, `name`, `created_at`, `updated_at`) VALUES (51, 'occaecati', '1990-09-22 02:43:09', '2001-12-22 16:41:40');
INSERT INTO `message_statuses` (`id`, `name`, `created_at`, `updated_at`) VALUES (52, 'dolor', '1992-03-26 07:17:47', '1976-01-08 13:01:14');
INSERT INTO `message_statuses` (`id`, `name`, `created_at`, `updated_at`) VALUES (53, 'soluta', '2003-05-18 06:04:05', '2016-07-21 20:13:53');
INSERT INTO `message_statuses` (`id`, `name`, `created_at`, `updated_at`) VALUES (54, 'quo', '1980-03-29 19:58:53', '1982-06-18 17:22:34');
INSERT INTO `message_statuses` (`id`, `name`, `created_at`, `updated_at`) VALUES (55, 'odio', '2004-11-18 23:36:42', '1992-11-30 07:01:26');
INSERT INTO `message_statuses` (`id`, `name`, `created_at`, `updated_at`) VALUES (56, 'facilis', '1974-09-10 07:01:40', '1996-03-18 04:23:38');
INSERT INTO `message_statuses` (`id`, `name`, `created_at`, `updated_at`) VALUES (57, 'quae', '1976-06-28 21:13:12', '1995-03-03 15:14:17');
INSERT INTO `message_statuses` (`id`, `name`, `created_at`, `updated_at`) VALUES (58, 'quasi', '2001-09-23 19:41:06', '2001-02-05 17:53:10');
INSERT INTO `message_statuses` (`id`, `name`, `created_at`, `updated_at`) VALUES (59, 'optio', '2016-02-26 06:11:51', '2010-11-29 10:46:53');
INSERT INTO `message_statuses` (`id`, `name`, `created_at`, `updated_at`) VALUES (60, 'laudantium', '2010-08-09 05:37:14', '1982-12-24 19:50:48');
INSERT INTO `message_statuses` (`id`, `name`, `created_at`, `updated_at`) VALUES (61, 'natus', '2015-06-24 12:32:57', '2006-11-10 21:59:33');
INSERT INTO `message_statuses` (`id`, `name`, `created_at`, `updated_at`) VALUES (62, 'distinctio', '1986-06-18 03:04:03', '1992-09-06 19:37:43');
INSERT INTO `message_statuses` (`id`, `name`, `created_at`, `updated_at`) VALUES (63, 'reiciendis', '2018-06-05 02:45:02', '1980-03-01 03:06:48');
INSERT INTO `message_statuses` (`id`, `name`, `created_at`, `updated_at`) VALUES (64, 'culpa', '1998-06-11 10:02:32', '2008-05-13 07:59:20');
INSERT INTO `message_statuses` (`id`, `name`, `created_at`, `updated_at`) VALUES (65, 'eos', '1978-05-07 15:55:18', '2000-01-13 10:14:11');
INSERT INTO `message_statuses` (`id`, `name`, `created_at`, `updated_at`) VALUES (66, 'voluptatum', '2004-04-27 18:03:19', '2019-07-31 09:18:21');
INSERT INTO `message_statuses` (`id`, `name`, `created_at`, `updated_at`) VALUES (67, 'magni', '2017-07-18 22:09:55', '1980-03-11 15:51:27');
INSERT INTO `message_statuses` (`id`, `name`, `created_at`, `updated_at`) VALUES (68, 'nihil', '1993-05-02 20:58:51', '1998-08-24 16:20:00');
INSERT INTO `message_statuses` (`id`, `name`, `created_at`, `updated_at`) VALUES (69, 'eius', '1977-07-30 19:48:08', '1979-06-19 23:41:07');
INSERT INTO `message_statuses` (`id`, `name`, `created_at`, `updated_at`) VALUES (70, 'tempore', '1974-12-08 14:49:12', '1988-08-04 12:26:45');
INSERT INTO `message_statuses` (`id`, `name`, `created_at`, `updated_at`) VALUES (71, 'vero', '1993-01-21 02:33:50', '1984-07-19 21:59:05');
INSERT INTO `message_statuses` (`id`, `name`, `created_at`, `updated_at`) VALUES (72, 'officia', '2006-10-04 18:54:50', '1981-05-08 21:33:47');
INSERT INTO `message_statuses` (`id`, `name`, `created_at`, `updated_at`) VALUES (73, 'ipsam', '2015-05-08 05:19:53', '1988-11-15 12:31:03');
INSERT INTO `message_statuses` (`id`, `name`, `created_at`, `updated_at`) VALUES (74, 'doloremque', '2013-09-09 14:49:59', '1978-01-30 09:39:04');
INSERT INTO `message_statuses` (`id`, `name`, `created_at`, `updated_at`) VALUES (75, 'dolores', '1973-03-23 04:25:02', '1975-04-16 07:59:59');
INSERT INTO `message_statuses` (`id`, `name`, `created_at`, `updated_at`) VALUES (76, 'sunt', '1976-05-19 22:49:56', '2012-02-24 04:00:07');
INSERT INTO `message_statuses` (`id`, `name`, `created_at`, `updated_at`) VALUES (77, 'aliquam', '2003-07-03 21:43:31', '2019-04-10 13:43:10');
INSERT INTO `message_statuses` (`id`, `name`, `created_at`, `updated_at`) VALUES (78, 'libero', '2013-08-30 14:26:06', '2001-06-29 03:08:31');
INSERT INTO `message_statuses` (`id`, `name`, `created_at`, `updated_at`) VALUES (79, 'minima', '1971-02-04 04:55:41', '2000-10-22 15:34:28');
INSERT INTO `message_statuses` (`id`, `name`, `created_at`, `updated_at`) VALUES (80, 'eveniet', '2011-06-29 06:58:08', '2003-06-10 12:31:18');
INSERT INTO `message_statuses` (`id`, `name`, `created_at`, `updated_at`) VALUES (81, 'quam', '2013-08-02 18:03:06', '1991-02-14 07:28:19');
INSERT INTO `message_statuses` (`id`, `name`, `created_at`, `updated_at`) VALUES (82, 'non', '1990-01-20 20:28:22', '2007-06-08 01:31:07');
INSERT INTO `message_statuses` (`id`, `name`, `created_at`, `updated_at`) VALUES (83, 'temporibus', '1998-12-09 16:28:46', '2016-08-01 18:58:14');
INSERT INTO `message_statuses` (`id`, `name`, `created_at`, `updated_at`) VALUES (84, 'voluptates', '2001-11-24 12:43:35', '2016-04-25 00:04:36');
INSERT INTO `message_statuses` (`id`, `name`, `created_at`, `updated_at`) VALUES (85, 'illum', '2009-07-08 06:48:12', '2008-08-26 02:54:57');
INSERT INTO `message_statuses` (`id`, `name`, `created_at`, `updated_at`) VALUES (86, 'recusandae', '2004-08-10 20:21:28', '1970-06-11 20:53:44');
INSERT INTO `message_statuses` (`id`, `name`, `created_at`, `updated_at`) VALUES (87, 'odit', '2017-01-04 18:02:24', '2000-07-09 09:09:45');
INSERT INTO `message_statuses` (`id`, `name`, `created_at`, `updated_at`) VALUES (88, 'autem', '1979-07-31 18:46:25', '1977-10-30 18:08:48');
INSERT INTO `message_statuses` (`id`, `name`, `created_at`, `updated_at`) VALUES (89, 'quod', '2002-09-28 22:33:47', '1977-01-02 09:30:27');
INSERT INTO `message_statuses` (`id`, `name`, `created_at`, `updated_at`) VALUES (90, 'sapiente', '2003-12-12 13:43:09', '1990-01-02 23:06:21');
INSERT INTO `message_statuses` (`id`, `name`, `created_at`, `updated_at`) VALUES (91, 'maiores', '1973-08-23 07:43:23', '2014-07-21 06:03:03');
INSERT INTO `message_statuses` (`id`, `name`, `created_at`, `updated_at`) VALUES (92, 'nulla', '2017-08-17 03:40:37', '1998-01-15 19:04:06');
INSERT INTO `message_statuses` (`id`, `name`, `created_at`, `updated_at`) VALUES (93, 'voluptatem', '2013-10-01 19:59:51', '1984-07-10 10:02:44');
INSERT INTO `message_statuses` (`id`, `name`, `created_at`, `updated_at`) VALUES (94, 'commodi', '2019-07-13 22:44:36', '2007-09-27 17:13:49');
INSERT INTO `message_statuses` (`id`, `name`, `created_at`, `updated_at`) VALUES (95, 'ea', '2003-04-02 01:55:25', '1984-05-29 08:00:18');
INSERT INTO `message_statuses` (`id`, `name`, `created_at`, `updated_at`) VALUES (96, 'quia', '2005-10-05 15:15:39', '2003-12-09 11:38:28');
INSERT INTO `message_statuses` (`id`, `name`, `created_at`, `updated_at`) VALUES (97, 'sint', '2011-10-24 02:15:54', '2002-10-09 21:59:33');
INSERT INTO `message_statuses` (`id`, `name`, `created_at`, `updated_at`) VALUES (98, 'totam', '2000-09-09 05:34:20', '1996-07-19 09:12:22');
INSERT INTO `message_statuses` (`id`, `name`, `created_at`, `updated_at`) VALUES (99, 'asperiores', '1995-08-10 08:35:01', '1992-12-11 16:43:36');
INSERT INTO `message_statuses` (`id`, `name`, `created_at`, `updated_at`) VALUES (100, 'cumque', '2016-08-11 03:40:45', '2003-02-06 19:00:22');


INSERT INTO `messages` (`id`, `from_user_id`, `to_user_id`, `body`, `message_status_id`, `created_at`, `updated_at`, `is_important`, `media_id`) VALUES (1, 1, 1, 'Ea possimus rerum sed nemo. Et quidem sed sed est. Nostrum in atque voluptas enim enim molestiae corrupti. Adipisci quos rerum fuga omnis autem fuga iure maxime.', 1, '1981-04-16 09:42:52', '1978-01-26 14:15:29', 1, 1);
INSERT INTO `messages` (`id`, `from_user_id`, `to_user_id`, `body`, `message_status_id`, `created_at`, `updated_at`, `is_important`, `media_id`) VALUES (2, 2, 2, 'Alias aliquam atque deleniti quas consequatur minima. Sint architecto reprehenderit dicta delectus quibusdam nostrum incidunt sint. Dolorem debitis nisi ut incidunt. Occaecati ut sit vero deleniti ea. Quae quia iusto ut laborum magni.', 2, '1976-04-18 09:29:46', '1982-03-11 08:37:56', 1, 2);
INSERT INTO `messages` (`id`, `from_user_id`, `to_user_id`, `body`, `message_status_id`, `created_at`, `updated_at`, `is_important`, `media_id`) VALUES (3, 3, 3, 'Fugiat minima nobis et atque reprehenderit non. Nihil doloribus repudiandae expedita sed veritatis. Reprehenderit id molestias illum voluptatum. Accusantium unde nihil eius sint.', 3, '1996-04-28 11:21:10', '2016-08-30 16:22:36', 1, 3);
INSERT INTO `messages` (`id`, `from_user_id`, `to_user_id`, `body`, `message_status_id`, `created_at`, `updated_at`, `is_important`, `media_id`) VALUES (4, 4, 4, 'Eius rerum officiis et veritatis. Molestiae et ipsam voluptatum necessitatibus. Non eos fuga consequatur ea quam.', 4, '2018-09-07 00:23:51', '1999-09-01 14:42:42', 0, 4);
INSERT INTO `messages` (`id`, `from_user_id`, `to_user_id`, `body`, `message_status_id`, `created_at`, `updated_at`, `is_important`, `media_id`) VALUES (5, 5, 5, 'Et non fuga dolore nisi laboriosam et. Officia facere ullam aut et molestiae suscipit in. Molestiae enim fugit id. Corporis molestiae error atque voluptas.', 5, '1982-01-20 13:48:34', '2001-06-12 13:52:50', 0, 5);
INSERT INTO `messages` (`id`, `from_user_id`, `to_user_id`, `body`, `message_status_id`, `created_at`, `updated_at`, `is_important`, `media_id`) VALUES (6, 6, 6, 'Sit harum itaque iusto aut et ut. Provident et aspernatur minima et quo. Impedit quod delectus ab repudiandae impedit tempore. Fugit molestiae doloribus id optio harum.', 6, '1981-03-13 22:47:17', '2002-12-11 04:56:05', 1, 6);
INSERT INTO `messages` (`id`, `from_user_id`, `to_user_id`, `body`, `message_status_id`, `created_at`, `updated_at`, `is_important`, `media_id`) VALUES (7, 7, 7, 'Quia qui velit fuga sunt. Voluptatem recusandae explicabo pariatur quo. Quia nemo error expedita natus. Incidunt dolorum fuga ducimus quis.', 7, '1970-07-24 02:27:05', '2008-01-09 03:44:41', 1, 7);
INSERT INTO `messages` (`id`, `from_user_id`, `to_user_id`, `body`, `message_status_id`, `created_at`, `updated_at`, `is_important`, `media_id`) VALUES (8, 8, 8, 'Aut rerum ut nesciunt. Voluptatem qui ratione cumque sunt distinctio magni nobis. At eum ducimus et neque maiores. Labore consequuntur nostrum odit laboriosam et amet. Dolores quia est consequatur.', 8, '1985-09-06 05:17:55', '2020-09-26 16:23:49', 0, 8);
INSERT INTO `messages` (`id`, `from_user_id`, `to_user_id`, `body`, `message_status_id`, `created_at`, `updated_at`, `is_important`, `media_id`) VALUES (9, 9, 9, 'Nihil ipsum inventore cupiditate aspernatur occaecati molestiae quae. Culpa minus consequatur doloribus in harum. Cumque animi eligendi quis aut. Adipisci et tempora et. Esse aut est et rem sit.', 9, '2013-09-05 17:45:25', '2020-12-24 20:12:57', 1, 9);
INSERT INTO `messages` (`id`, `from_user_id`, `to_user_id`, `body`, `message_status_id`, `created_at`, `updated_at`, `is_important`, `media_id`) VALUES (10, 10, 10, 'Doloremque incidunt eos quidem. Quibusdam assumenda aut blanditiis harum voluptatibus voluptas tempora.', 10, '2007-09-21 12:35:40', '1971-09-24 13:47:28', 0, 10);
INSERT INTO `messages` (`id`, `from_user_id`, `to_user_id`, `body`, `message_status_id`, `created_at`, `updated_at`, `is_important`, `media_id`) VALUES (11, 11, 11, 'Voluptatum nemo voluptas velit a non vero. Velit rem et deleniti. Ex nihil ullam libero dolorem.', 11, '1984-07-08 06:54:30', '2002-03-18 05:09:42', 0, 11);
INSERT INTO `messages` (`id`, `from_user_id`, `to_user_id`, `body`, `message_status_id`, `created_at`, `updated_at`, `is_important`, `media_id`) VALUES (12, 12, 12, 'Reiciendis vitae explicabo aut voluptatem quo ut vel. Beatae quo pariatur odio deserunt ratione. Facilis maxime ab et saepe quo.', 12, '2004-06-03 21:42:47', '2014-11-18 01:49:04', 0, 12);
INSERT INTO `messages` (`id`, `from_user_id`, `to_user_id`, `body`, `message_status_id`, `created_at`, `updated_at`, `is_important`, `media_id`) VALUES (13, 13, 13, 'Recusandae id esse sed est. Tempora amet sed officiis. Dolor porro nobis quisquam nihil ea quod. Dolorem dolorum ipsa inventore ut facilis fuga.', 13, '2015-01-22 13:19:10', '2003-08-27 06:27:08', 0, 13);
INSERT INTO `messages` (`id`, `from_user_id`, `to_user_id`, `body`, `message_status_id`, `created_at`, `updated_at`, `is_important`, `media_id`) VALUES (14, 14, 14, 'Quisquam aut mollitia inventore. Et eius dicta harum totam neque placeat. Quam doloremque similique dolore sit tempore modi. Vero error velit cum excepturi aut provident quos.', 14, '2003-04-03 15:28:14', '1995-01-08 12:33:25', 0, 14);
INSERT INTO `messages` (`id`, `from_user_id`, `to_user_id`, `body`, `message_status_id`, `created_at`, `updated_at`, `is_important`, `media_id`) VALUES (15, 15, 15, 'Sed consequuntur nobis maiores eius. Voluptatem ad et eos voluptates dolor architecto molestias. Voluptatibus nam magni enim quis.', 15, '2003-08-21 14:08:49', '1981-01-07 23:27:52', 1, 15);
INSERT INTO `messages` (`id`, `from_user_id`, `to_user_id`, `body`, `message_status_id`, `created_at`, `updated_at`, `is_important`, `media_id`) VALUES (16, 16, 16, 'Facere quo quis iusto unde possimus facere praesentium temporibus. Molestias dignissimos dolor sunt voluptas incidunt. Ut est enim unde qui quam sequi omnis natus.', 16, '1988-12-10 17:41:25', '2019-11-06 18:31:26', 1, 16);
INSERT INTO `messages` (`id`, `from_user_id`, `to_user_id`, `body`, `message_status_id`, `created_at`, `updated_at`, `is_important`, `media_id`) VALUES (17, 17, 17, 'Excepturi molestiae sint et est itaque laborum numquam. Et eum recusandae illo error totam. Alias illo voluptas assumenda sunt nemo voluptatem optio. Qui fuga praesentium voluptatem vel.', 17, '1988-02-20 23:50:46', '1984-06-24 09:21:45', 1, 17);
INSERT INTO `messages` (`id`, `from_user_id`, `to_user_id`, `body`, `message_status_id`, `created_at`, `updated_at`, `is_important`, `media_id`) VALUES (18, 18, 18, 'Est est et aut odio eum sint ut. Qui quis perferendis laboriosam sunt nam officia voluptas. Tenetur ut animi corporis culpa. Fugit numquam est magni quisquam autem dolore. Est reiciendis voluptatibus perspiciatis dolore enim reprehenderit inventore architecto.', 18, '2006-01-03 16:38:01', '2008-03-28 09:49:37', 0, 18);
INSERT INTO `messages` (`id`, `from_user_id`, `to_user_id`, `body`, `message_status_id`, `created_at`, `updated_at`, `is_important`, `media_id`) VALUES (19, 19, 19, 'At et nemo ut temporibus minus quae hic. Veritatis ut explicabo deserunt doloremque fugiat sapiente et. Et autem ea quaerat. Est alias blanditiis quis velit ratione assumenda.', 19, '1971-07-14 06:50:11', '1974-03-13 08:33:23', 1, 19);
INSERT INTO `messages` (`id`, `from_user_id`, `to_user_id`, `body`, `message_status_id`, `created_at`, `updated_at`, `is_important`, `media_id`) VALUES (20, 20, 20, 'Blanditiis magni recusandae voluptas officiis qui ipsa repellat. Quia labore totam dolores aut voluptatem ut. Voluptas adipisci distinctio cum quis eos aut.', 20, '2007-04-18 04:10:40', '2009-10-30 09:35:26', 1, 20);
INSERT INTO `messages` (`id`, `from_user_id`, `to_user_id`, `body`, `message_status_id`, `created_at`, `updated_at`, `is_important`, `media_id`) VALUES (21, 21, 21, 'Alias error culpa et nihil. Beatae quasi aspernatur sit et aliquam nihil aut. Saepe itaque quia corporis animi.', 21, '1984-02-06 23:00:13', '2015-08-20 08:17:50', 0, 21);
INSERT INTO `messages` (`id`, `from_user_id`, `to_user_id`, `body`, `message_status_id`, `created_at`, `updated_at`, `is_important`, `media_id`) VALUES (22, 22, 22, 'Ratione sit et vel voluptatibus. Ipsam est modi iste sint temporibus autem nemo esse. Dolores in nobis blanditiis officiis.', 22, '1977-11-26 22:25:10', '1971-08-18 22:52:21', 1, 22);
INSERT INTO `messages` (`id`, `from_user_id`, `to_user_id`, `body`, `message_status_id`, `created_at`, `updated_at`, `is_important`, `media_id`) VALUES (23, 23, 23, 'Esse quia odio rerum blanditiis est quia ut. Ducimus labore mollitia suscipit velit repudiandae est distinctio. Omnis qui vel suscipit quas.', 23, '1976-04-26 03:30:29', '1973-06-18 21:09:18', 1, 23);
INSERT INTO `messages` (`id`, `from_user_id`, `to_user_id`, `body`, `message_status_id`, `created_at`, `updated_at`, `is_important`, `media_id`) VALUES (24, 24, 24, 'Non voluptatem impedit enim dolorem. Eos aut ipsa velit facere. Id dolor quisquam autem molestias est sunt quis.', 24, '2005-01-23 08:52:54', '1996-12-25 16:36:04', 1, 24);
INSERT INTO `messages` (`id`, `from_user_id`, `to_user_id`, `body`, `message_status_id`, `created_at`, `updated_at`, `is_important`, `media_id`) VALUES (25, 25, 25, 'Architecto et qui qui nulla neque cupiditate. Maxime soluta saepe possimus facere ut vero quia. Laboriosam doloribus minima quaerat sed perspiciatis amet. Ut exercitationem vel voluptatem incidunt in sapiente dolor.', 25, '2009-05-06 09:56:19', '1998-05-27 08:44:11', 1, 25);
INSERT INTO `messages` (`id`, `from_user_id`, `to_user_id`, `body`, `message_status_id`, `created_at`, `updated_at`, `is_important`, `media_id`) VALUES (26, 26, 26, 'Nostrum aliquid accusantium dolores officia. Fugiat rerum aut quia nihil dolorem non itaque. Rerum quis eaque ut molestiae saepe velit.', 26, '2020-06-02 00:25:42', '1983-11-30 13:53:09', 1, 26);
INSERT INTO `messages` (`id`, `from_user_id`, `to_user_id`, `body`, `message_status_id`, `created_at`, `updated_at`, `is_important`, `media_id`) VALUES (27, 27, 27, 'Eum sapiente sed sed sit aut voluptas nisi. Et ex consectetur quibusdam asperiores dolorem illo nesciunt. Aut impedit totam quas pariatur tempora et id sed.', 27, '2016-10-27 03:01:49', '1975-06-20 19:53:39', 1, 27);
INSERT INTO `messages` (`id`, `from_user_id`, `to_user_id`, `body`, `message_status_id`, `created_at`, `updated_at`, `is_important`, `media_id`) VALUES (28, 28, 28, 'Sed praesentium non ducimus quibusdam quos magni esse. Omnis adipisci dignissimos alias inventore. Voluptatibus quis voluptas illum quaerat cumque quidem. Qui iusto ipsa possimus eveniet quia quia.', 28, '1992-04-27 03:35:43', '2015-03-19 01:20:28', 1, 28);
INSERT INTO `messages` (`id`, `from_user_id`, `to_user_id`, `body`, `message_status_id`, `created_at`, `updated_at`, `is_important`, `media_id`) VALUES (29, 29, 29, 'Aliquid porro cumque aut placeat est iste a omnis. Qui asperiores velit aliquid iusto eum qui. Eligendi et voluptatem aut architecto eum dignissimos temporibus. Accusamus et aperiam tempore exercitationem.', 29, '1986-07-28 09:58:59', '2012-10-26 02:12:04', 0, 29);
INSERT INTO `messages` (`id`, `from_user_id`, `to_user_id`, `body`, `message_status_id`, `created_at`, `updated_at`, `is_important`, `media_id`) VALUES (30, 30, 30, 'Nihil non ut voluptates consequatur eius error aut. Nemo non repellat incidunt. Dolorem occaecati magni fugit at ipsum unde. Eius autem a voluptas consequatur voluptas.', 30, '1974-12-24 09:55:29', '1970-12-21 01:14:59', 1, 30);
INSERT INTO `messages` (`id`, `from_user_id`, `to_user_id`, `body`, `message_status_id`, `created_at`, `updated_at`, `is_important`, `media_id`) VALUES (31, 31, 31, 'Consequatur ab amet ullam fugit. Aut voluptatum quis repellendus optio voluptatem quis et. Provident et amet eos voluptatem in.', 31, '1973-03-25 07:13:25', '1999-11-20 04:04:55', 0, 31);
INSERT INTO `messages` (`id`, `from_user_id`, `to_user_id`, `body`, `message_status_id`, `created_at`, `updated_at`, `is_important`, `media_id`) VALUES (32, 32, 32, 'Qui nam molestiae voluptate aut earum. Atque reiciendis iusto officia suscipit. Distinctio ab nisi dolorem fugiat voluptas. Distinctio asperiores incidunt ut ut et ut.', 32, '1994-03-26 22:33:50', '2020-03-23 19:21:06', 0, 32);
INSERT INTO `messages` (`id`, `from_user_id`, `to_user_id`, `body`, `message_status_id`, `created_at`, `updated_at`, `is_important`, `media_id`) VALUES (33, 33, 33, 'Debitis accusantium nihil numquam sapiente est sed deserunt tenetur. Ut error qui rerum necessitatibus quod. Et sint ullam labore molestiae illum cum id. Quas est suscipit aut est harum eaque dolores.', 33, '1981-12-07 22:07:01', '2000-10-19 16:23:53', 0, 33);
INSERT INTO `messages` (`id`, `from_user_id`, `to_user_id`, `body`, `message_status_id`, `created_at`, `updated_at`, `is_important`, `media_id`) VALUES (34, 34, 34, 'Omnis hic dolore id similique quae maiores et. Eos quam omnis inventore optio voluptates omnis facilis. Eos omnis eum laborum voluptatem blanditiis. Non dolores omnis corrupti et voluptatum accusamus incidunt sunt.', 34, '1984-11-10 21:36:04', '1972-02-19 05:23:06', 1, 34);
INSERT INTO `messages` (`id`, `from_user_id`, `to_user_id`, `body`, `message_status_id`, `created_at`, `updated_at`, `is_important`, `media_id`) VALUES (35, 35, 35, 'Occaecati sint eveniet illum quos illo sed. Architecto suscipit qui est commodi nemo consectetur consequuntur quis. Voluptas et facere consequatur quae. Maiores cupiditate amet temporibus cumque architecto.', 35, '1990-11-25 23:23:15', '1982-05-12 02:01:45', 1, 35);
INSERT INTO `messages` (`id`, `from_user_id`, `to_user_id`, `body`, `message_status_id`, `created_at`, `updated_at`, `is_important`, `media_id`) VALUES (36, 36, 36, 'Rerum sed neque voluptas optio. Tempora facilis ducimus nihil error quae officia itaque. Quibusdam possimus itaque ipsam sint omnis.', 36, '2003-10-28 06:19:18', '1997-04-11 23:21:34', 0, 36);
INSERT INTO `messages` (`id`, `from_user_id`, `to_user_id`, `body`, `message_status_id`, `created_at`, `updated_at`, `is_important`, `media_id`) VALUES (37, 37, 37, 'Ad est reprehenderit omnis sunt hic ex consequatur. Nesciunt iste consequuntur accusantium rem. Quia sit animi non explicabo expedita ad consectetur.', 37, '2012-11-08 07:01:32', '2019-05-21 12:34:29', 0, 37);
INSERT INTO `messages` (`id`, `from_user_id`, `to_user_id`, `body`, `message_status_id`, `created_at`, `updated_at`, `is_important`, `media_id`) VALUES (38, 38, 38, 'A dolorem eos dolor officia ullam facere. Est perferendis cumque numquam accusantium. Eaque et minima magni aspernatur.', 38, '2014-08-27 09:55:01', '1987-07-18 14:42:25', 0, 38);
INSERT INTO `messages` (`id`, `from_user_id`, `to_user_id`, `body`, `message_status_id`, `created_at`, `updated_at`, `is_important`, `media_id`) VALUES (39, 39, 39, 'Aliquam cumque atque atque. Blanditiis beatae enim vitae at. Iste rerum ratione ut aliquid voluptatem voluptatem qui.', 39, '2005-09-07 08:08:03', '2019-03-05 03:05:43', 1, 39);
INSERT INTO `messages` (`id`, `from_user_id`, `to_user_id`, `body`, `message_status_id`, `created_at`, `updated_at`, `is_important`, `media_id`) VALUES (40, 40, 40, 'Voluptates dolor odit neque aperiam recusandae velit. Minus vel neque expedita possimus. Provident nihil quo ut fuga iure facilis quos. Non asperiores consectetur unde voluptates vero et vero nihil.', 40, '1972-01-16 20:32:53', '1990-09-11 07:02:18', 0, 40);
INSERT INTO `messages` (`id`, `from_user_id`, `to_user_id`, `body`, `message_status_id`, `created_at`, `updated_at`, `is_important`, `media_id`) VALUES (41, 41, 41, 'Omnis deleniti maxime qui ipsam fugiat molestiae. Est rerum minima repellendus ipsum. Ut illo dolor molestiae quos. Pariatur harum minus dolorem et possimus est.', 41, '1984-10-29 16:49:15', '1978-07-13 08:44:43', 1, 41);
INSERT INTO `messages` (`id`, `from_user_id`, `to_user_id`, `body`, `message_status_id`, `created_at`, `updated_at`, `is_important`, `media_id`) VALUES (42, 42, 42, 'Est et dicta incidunt quas autem alias et. Dolores repellendus voluptas est in sint. Est qui mollitia in dicta labore ex iure. Placeat corrupti officia impedit rerum.', 42, '1989-12-09 06:13:19', '1982-01-04 07:38:05', 1, 42);
INSERT INTO `messages` (`id`, `from_user_id`, `to_user_id`, `body`, `message_status_id`, `created_at`, `updated_at`, `is_important`, `media_id`) VALUES (43, 43, 43, 'Minima similique deleniti aut et delectus dignissimos. Aliquam possimus dolor culpa eius. Esse aliquam laboriosam commodi qui voluptatum rerum quo.', 43, '2014-03-19 05:18:29', '2020-08-02 02:41:59', 0, 43);
INSERT INTO `messages` (`id`, `from_user_id`, `to_user_id`, `body`, `message_status_id`, `created_at`, `updated_at`, `is_important`, `media_id`) VALUES (44, 44, 44, 'Iure ratione voluptas corrupti. Asperiores totam non ratione sapiente enim sint. Non dolore nostrum odio hic perferendis nisi.', 44, '1994-11-01 05:15:09', '2013-11-10 20:37:57', 0, 44);
INSERT INTO `messages` (`id`, `from_user_id`, `to_user_id`, `body`, `message_status_id`, `created_at`, `updated_at`, `is_important`, `media_id`) VALUES (45, 45, 45, 'Tempore omnis sunt expedita esse voluptate voluptatum. Id laudantium natus in laboriosam vel voluptatibus quo totam. Qui vel omnis architecto dolorem.', 45, '2013-11-22 06:37:37', '2006-05-14 00:16:03', 0, 45);
INSERT INTO `messages` (`id`, `from_user_id`, `to_user_id`, `body`, `message_status_id`, `created_at`, `updated_at`, `is_important`, `media_id`) VALUES (46, 46, 46, 'Sunt est ipsa temporibus eos similique omnis asperiores. Doloribus voluptas quae molestiae eum nostrum. Veritatis qui qui mollitia tenetur.', 46, '1987-10-28 14:17:57', '1992-07-08 09:38:54', 1, 46);
INSERT INTO `messages` (`id`, `from_user_id`, `to_user_id`, `body`, `message_status_id`, `created_at`, `updated_at`, `is_important`, `media_id`) VALUES (47, 47, 47, 'Cum rerum molestias amet similique. Eum minima eligendi dolorum. Vitae optio rerum sit et.', 47, '2015-12-12 09:42:44', '2020-01-09 12:51:30', 1, 47);
INSERT INTO `messages` (`id`, `from_user_id`, `to_user_id`, `body`, `message_status_id`, `created_at`, `updated_at`, `is_important`, `media_id`) VALUES (48, 48, 48, 'Est placeat officiis sint mollitia iure. Modi dolor sed corrupti sit molestias. Suscipit quos corporis pariatur recusandae. Recusandae debitis quia nulla.', 48, '1977-05-21 03:29:18', '1982-10-18 19:43:12', 0, 48);
INSERT INTO `messages` (`id`, `from_user_id`, `to_user_id`, `body`, `message_status_id`, `created_at`, `updated_at`, `is_important`, `media_id`) VALUES (49, 49, 49, 'Explicabo molestiae earum reprehenderit quisquam quia. Laboriosam magni voluptate reprehenderit. Iure impedit inventore est sit. Odio sed sit mollitia quod.', 49, '1999-10-26 14:33:45', '1978-09-22 04:28:31', 1, 49);
INSERT INTO `messages` (`id`, `from_user_id`, `to_user_id`, `body`, `message_status_id`, `created_at`, `updated_at`, `is_important`, `media_id`) VALUES (50, 50, 50, 'Rerum fugit sint quas voluptas perferendis vero. Omnis similique ea nostrum qui doloremque enim alias. Illo quae et aspernatur dolore eos. Quis in autem ullam distinctio eos explicabo vero ratione.', 50, '2012-04-22 00:25:32', '2002-01-19 12:18:09', 1, 50);
INSERT INTO `messages` (`id`, `from_user_id`, `to_user_id`, `body`, `message_status_id`, `created_at`, `updated_at`, `is_important`, `media_id`) VALUES (51, 51, 51, 'Atque ea praesentium repellat iste. Voluptatem culpa libero voluptatem rem ipsum temporibus numquam. Quisquam ad et laborum pariatur ab in.', 51, '1993-04-17 23:37:03', '1980-11-07 15:49:40', 1, 51);
INSERT INTO `messages` (`id`, `from_user_id`, `to_user_id`, `body`, `message_status_id`, `created_at`, `updated_at`, `is_important`, `media_id`) VALUES (52, 52, 52, 'Accusantium qui eligendi error tempore tenetur ullam veniam. Debitis eveniet maiores sint eaque provident.', 52, '1991-03-30 02:47:17', '1989-04-17 08:48:40', 1, 52);
INSERT INTO `messages` (`id`, `from_user_id`, `to_user_id`, `body`, `message_status_id`, `created_at`, `updated_at`, `is_important`, `media_id`) VALUES (53, 53, 53, 'Omnis perspiciatis dolores molestiae tempore quis non. Aspernatur possimus id quaerat qui esse nisi quisquam aut. Quam voluptas omnis dignissimos assumenda.', 53, '1975-05-13 08:35:11', '2017-09-14 13:22:21', 0, 53);
INSERT INTO `messages` (`id`, `from_user_id`, `to_user_id`, `body`, `message_status_id`, `created_at`, `updated_at`, `is_important`, `media_id`) VALUES (54, 54, 54, 'Optio quod odio ipsam quas consectetur. Eaque consectetur labore facilis dolor non recusandae aut. Eius inventore delectus voluptatum sit quia.', 54, '1991-05-02 18:44:49', '1988-07-12 12:38:14', 1, 54);
INSERT INTO `messages` (`id`, `from_user_id`, `to_user_id`, `body`, `message_status_id`, `created_at`, `updated_at`, `is_important`, `media_id`) VALUES (55, 55, 55, 'Omnis voluptas id reiciendis id. Reprehenderit hic mollitia quidem magni labore. Omnis assumenda expedita quas qui nam sapiente culpa.', 55, '1977-06-18 06:37:39', '2001-01-26 22:28:39', 1, 55);
INSERT INTO `messages` (`id`, `from_user_id`, `to_user_id`, `body`, `message_status_id`, `created_at`, `updated_at`, `is_important`, `media_id`) VALUES (56, 56, 56, 'Dignissimos tempora enim est facere voluptas necessitatibus numquam voluptatem. Qui et consequatur et porro qui ut sapiente. Eaque facilis odio esse vero corrupti quos culpa quasi.', 56, '2018-03-08 15:42:35', '2003-06-28 12:26:39', 0, 56);
INSERT INTO `messages` (`id`, `from_user_id`, `to_user_id`, `body`, `message_status_id`, `created_at`, `updated_at`, `is_important`, `media_id`) VALUES (57, 57, 57, 'Quia autem officiis tempora quaerat. Numquam dolorem harum qui sunt. Aut facilis explicabo quo sint laborum libero rerum.', 57, '2011-02-07 22:23:34', '1981-08-01 03:45:59', 1, 57);
INSERT INTO `messages` (`id`, `from_user_id`, `to_user_id`, `body`, `message_status_id`, `created_at`, `updated_at`, `is_important`, `media_id`) VALUES (58, 58, 58, 'Ullam consequuntur aut voluptatem. Culpa quia in tempore reiciendis libero libero. Et ipsum rerum amet blanditiis veniam. Omnis sint quas repellat adipisci incidunt.', 58, '1979-09-06 16:45:21', '2002-10-25 13:44:56', 1, 58);
INSERT INTO `messages` (`id`, `from_user_id`, `to_user_id`, `body`, `message_status_id`, `created_at`, `updated_at`, `is_important`, `media_id`) VALUES (59, 59, 59, 'Quis voluptas atque autem qui error sit atque. Eaque quibusdam qui iure dicta. Sit recusandae rem deleniti et non sit eum. Quia aliquam vero similique molestiae velit assumenda dolor autem.', 59, '1997-04-08 17:05:41', '2018-05-29 19:27:02', 0, 59);
INSERT INTO `messages` (`id`, `from_user_id`, `to_user_id`, `body`, `message_status_id`, `created_at`, `updated_at`, `is_important`, `media_id`) VALUES (60, 60, 60, 'Ut voluptas autem id omnis dolorum. Autem eligendi voluptatibus voluptatum nihil ut eveniet ut aut. Enim hic doloremque dolores corrupti eos. Rerum alias iure itaque fuga expedita.', 60, '2021-02-25 23:35:53', '1972-06-23 02:08:10', 0, 60);
INSERT INTO `messages` (`id`, `from_user_id`, `to_user_id`, `body`, `message_status_id`, `created_at`, `updated_at`, `is_important`, `media_id`) VALUES (61, 61, 61, 'Molestiae omnis tenetur nesciunt eos. Dolores asperiores et nesciunt accusamus facilis est dolor. Voluptatum perferendis facilis est excepturi. Est voluptatem fugit eius cupiditate quibusdam doloremque magni. Quia tenetur aut ipsam itaque praesentium.', 61, '2010-09-18 18:29:25', '2017-08-26 19:02:09', 1, 1);
INSERT INTO `messages` (`id`, `from_user_id`, `to_user_id`, `body`, `message_status_id`, `created_at`, `updated_at`, `is_important`, `media_id`) VALUES (62, 62, 62, 'Rerum eum quod deserunt sunt assumenda consequuntur repudiandae libero. Omnis rerum illo nihil ipsam quos eligendi. Voluptas reiciendis incidunt accusamus voluptates. Provident ut quo error non fuga eius molestias. Maiores nobis culpa rerum quo dolorem tenetur.', 62, '2013-03-11 09:34:07', '1990-06-14 03:38:43', 1, 2);
INSERT INTO `messages` (`id`, `from_user_id`, `to_user_id`, `body`, `message_status_id`, `created_at`, `updated_at`, `is_important`, `media_id`) VALUES (63, 63, 63, 'Rem facere sint quo sint quis aperiam. Dolorum aperiam veritatis veniam iusto reiciendis. Corporis perferendis eius doloribus quisquam.', 63, '2000-12-01 10:07:33', '1974-09-14 16:40:51', 0, 3);
INSERT INTO `messages` (`id`, `from_user_id`, `to_user_id`, `body`, `message_status_id`, `created_at`, `updated_at`, `is_important`, `media_id`) VALUES (64, 64, 64, 'Sit sit voluptatem vel. Unde et reiciendis voluptatem consequatur. Sapiente consectetur corporis repellat recusandae laboriosam laborum labore.', 64, '2010-10-22 11:03:29', '2018-07-23 17:04:49', 0, 4);
INSERT INTO `messages` (`id`, `from_user_id`, `to_user_id`, `body`, `message_status_id`, `created_at`, `updated_at`, `is_important`, `media_id`) VALUES (65, 65, 65, 'Quibusdam provident consectetur architecto non est. Voluptas corrupti est voluptate quod vitae asperiores quibusdam. Et et suscipit repudiandae sint consequatur quia et. Asperiores distinctio est qui voluptate voluptate ea.', 65, '1993-06-23 02:57:52', '2004-06-07 15:14:16', 0, 5);
INSERT INTO `messages` (`id`, `from_user_id`, `to_user_id`, `body`, `message_status_id`, `created_at`, `updated_at`, `is_important`, `media_id`) VALUES (66, 66, 66, 'Aspernatur recusandae architecto modi iusto. Molestias assumenda veniam atque dolorem. Quia ea facere quia at et rerum ducimus.', 66, '2018-10-16 12:06:24', '1981-12-06 01:49:27', 0, 6);
INSERT INTO `messages` (`id`, `from_user_id`, `to_user_id`, `body`, `message_status_id`, `created_at`, `updated_at`, `is_important`, `media_id`) VALUES (67, 67, 67, 'Esse iste commodi reprehenderit officia consequuntur. Qui eum expedita maxime reiciendis quibusdam. Iure consequatur fuga aperiam placeat est amet nostrum. Amet cupiditate iste magnam dolorum. Autem aut voluptas sit corrupti voluptas.', 67, '2003-04-27 13:49:49', '1993-09-09 02:13:35', 1, 7);
INSERT INTO `messages` (`id`, `from_user_id`, `to_user_id`, `body`, `message_status_id`, `created_at`, `updated_at`, `is_important`, `media_id`) VALUES (68, 68, 68, 'Atque aut dolorem harum a. Fugit corporis aut totam esse non corrupti. Itaque corporis nemo velit alias sunt quos nemo qui. Et ut quia consequuntur sed in. Praesentium nulla doloremque molestiae adipisci repudiandae quaerat.', 68, '1971-05-07 11:31:19', '2005-07-06 11:56:30', 1, 8);
INSERT INTO `messages` (`id`, `from_user_id`, `to_user_id`, `body`, `message_status_id`, `created_at`, `updated_at`, `is_important`, `media_id`) VALUES (69, 69, 69, 'Aperiam est ut ipsum sit eum. Velit quis error et eos dolor sit in omnis. Qui minima minima vitae voluptas.', 69, '2014-06-13 21:58:27', '1989-05-02 11:17:24', 0, 9);
INSERT INTO `messages` (`id`, `from_user_id`, `to_user_id`, `body`, `message_status_id`, `created_at`, `updated_at`, `is_important`, `media_id`) VALUES (70, 70, 70, 'Ut porro id sit vitae quo ratione est. Eos porro amet voluptatem nulla eaque deleniti. Neque vel dolor fugiat.', 70, '1993-01-06 12:34:23', '2013-04-07 18:27:21', 0, 10);
INSERT INTO `messages` (`id`, `from_user_id`, `to_user_id`, `body`, `message_status_id`, `created_at`, `updated_at`, `is_important`, `media_id`) VALUES (71, 71, 71, 'Officia ab soluta aliquam quia voluptatum. Maxime rerum est dolor numquam voluptatum in qui. Delectus laudantium asperiores cupiditate aut dolorum odio hic aut.', 71, '1976-11-30 22:15:40', '1976-09-16 23:00:08', 1, 11);
INSERT INTO `messages` (`id`, `from_user_id`, `to_user_id`, `body`, `message_status_id`, `created_at`, `updated_at`, `is_important`, `media_id`) VALUES (72, 72, 72, 'Rerum et ex hic quia et. Facere quas eum delectus qui aut rerum facere. Voluptates debitis omnis quia quod.', 72, '1991-11-21 04:51:18', '2000-04-01 18:03:48', 0, 12);
INSERT INTO `messages` (`id`, `from_user_id`, `to_user_id`, `body`, `message_status_id`, `created_at`, `updated_at`, `is_important`, `media_id`) VALUES (73, 73, 73, 'Dignissimos laborum vel sed odio eos aut. Amet qui assumenda est eum qui quos. Excepturi modi eaque sed dolore dolore. Dolore aut corporis explicabo quia.', 73, '1998-12-28 10:07:39', '1988-11-12 00:51:49', 0, 13);
INSERT INTO `messages` (`id`, `from_user_id`, `to_user_id`, `body`, `message_status_id`, `created_at`, `updated_at`, `is_important`, `media_id`) VALUES (74, 74, 74, 'Dignissimos id commodi voluptatem. Sed in ut a quidem magni qui. Magni magni hic ullam aut. Aut hic odio voluptatem ad incidunt tempore numquam.', 74, '1997-12-29 22:40:35', '2010-01-13 04:16:30', 1, 14);
INSERT INTO `messages` (`id`, `from_user_id`, `to_user_id`, `body`, `message_status_id`, `created_at`, `updated_at`, `is_important`, `media_id`) VALUES (75, 75, 75, 'Illum distinctio minima eaque voluptatem ut nam illum. Et ullam et at debitis ab accusantium. Non unde quia reiciendis quibusdam dicta et atque.', 75, '1979-12-16 18:16:44', '2011-04-05 16:36:32', 0, 15);
INSERT INTO `messages` (`id`, `from_user_id`, `to_user_id`, `body`, `message_status_id`, `created_at`, `updated_at`, `is_important`, `media_id`) VALUES (76, 76, 76, 'Beatae voluptate delectus ut sit repellat facere doloremque. Ut cupiditate nobis aut aspernatur nesciunt fuga. Quas sit reprehenderit quia non inventore sit. Harum velit dicta consequatur debitis voluptatem qui qui.', 76, '2013-12-03 15:50:43', '1990-04-13 07:03:03', 1, 16);
INSERT INTO `messages` (`id`, `from_user_id`, `to_user_id`, `body`, `message_status_id`, `created_at`, `updated_at`, `is_important`, `media_id`) VALUES (77, 77, 77, 'Laborum mollitia repudiandae explicabo beatae itaque quo sit eum. Qui repellat iste nam officia. Maiores cumque facilis recusandae omnis et veniam. Tempora doloribus id est tempore. Aspernatur qui corrupti fuga ipsam reiciendis quidem itaque.', 77, '2003-05-01 18:50:40', '2000-01-03 23:05:05', 0, 17);
INSERT INTO `messages` (`id`, `from_user_id`, `to_user_id`, `body`, `message_status_id`, `created_at`, `updated_at`, `is_important`, `media_id`) VALUES (78, 78, 78, 'Ut aut rem error sed. Inventore dolorem nesciunt rerum delectus velit minima temporibus. Rem tempore quaerat at.', 78, '2001-08-01 04:21:33', '1994-07-21 13:04:21', 0, 18);
INSERT INTO `messages` (`id`, `from_user_id`, `to_user_id`, `body`, `message_status_id`, `created_at`, `updated_at`, `is_important`, `media_id`) VALUES (79, 79, 79, 'Accusamus esse quis asperiores aliquam rerum velit. Aut et optio sit nulla commodi. Molestias quidem ipsum ea facere. Et quasi fugit mollitia mollitia sunt repudiandae ullam fugiat.', 79, '1979-02-04 09:34:41', '2016-02-09 07:23:41', 1, 19);
INSERT INTO `messages` (`id`, `from_user_id`, `to_user_id`, `body`, `message_status_id`, `created_at`, `updated_at`, `is_important`, `media_id`) VALUES (80, 80, 80, 'Labore fuga repellat inventore blanditiis modi. Commodi et voluptatem voluptatem similique fugit modi doloremque.', 80, '1991-03-08 14:52:54', '1993-11-04 20:12:04', 1, 20);
INSERT INTO `messages` (`id`, `from_user_id`, `to_user_id`, `body`, `message_status_id`, `created_at`, `updated_at`, `is_important`, `media_id`) VALUES (81, 81, 81, 'Tempora animi est cupiditate velit iure ea. Sunt omnis autem et consequatur molestias totam. Cupiditate eligendi consequatur id recusandae exercitationem magnam. Amet voluptas temporibus deserunt.', 81, '2004-08-19 05:24:04', '1996-07-30 17:04:48', 1, 21);
INSERT INTO `messages` (`id`, `from_user_id`, `to_user_id`, `body`, `message_status_id`, `created_at`, `updated_at`, `is_important`, `media_id`) VALUES (82, 82, 82, 'Ex numquam hic illo eveniet. Repellat corporis enim eligendi fugiat ad voluptatum consequuntur voluptas. Sit cumque qui ipsum aliquam. Rerum exercitationem et recusandae. Minima est omnis quasi aut harum temporibus in.', 82, '1975-11-18 08:20:40', '1976-09-10 14:36:57', 0, 22);
INSERT INTO `messages` (`id`, `from_user_id`, `to_user_id`, `body`, `message_status_id`, `created_at`, `updated_at`, `is_important`, `media_id`) VALUES (83, 83, 83, 'Eligendi sit mollitia quam nam sunt. Nulla reprehenderit voluptatem et tempora. Dolore quas est debitis quia consequatur. Id aliquam qui ratione aspernatur.', 83, '1982-12-14 09:14:15', '1986-11-20 12:23:40', 1, 23);
INSERT INTO `messages` (`id`, `from_user_id`, `to_user_id`, `body`, `message_status_id`, `created_at`, `updated_at`, `is_important`, `media_id`) VALUES (84, 84, 84, 'Aut ex est error aut ut. Quibusdam ad ipsa eligendi delectus. Et voluptatem tempora enim et fugit eius aperiam nobis.', 84, '2008-05-02 15:49:38', '1985-08-15 03:55:51', 0, 24);
INSERT INTO `messages` (`id`, `from_user_id`, `to_user_id`, `body`, `message_status_id`, `created_at`, `updated_at`, `is_important`, `media_id`) VALUES (85, 85, 85, 'Asperiores similique et adipisci provident enim ipsum voluptatem sunt. Est illo et dolorem illo deserunt accusantium et. Cumque excepturi ut inventore earum minima. Consectetur praesentium ut nihil nostrum voluptas officiis. Est vitae omnis provident eaque quo aut quos.', 85, '2014-05-17 10:11:26', '1999-08-19 02:51:22', 1, 25);
INSERT INTO `messages` (`id`, `from_user_id`, `to_user_id`, `body`, `message_status_id`, `created_at`, `updated_at`, `is_important`, `media_id`) VALUES (86, 86, 86, 'Ab natus aut excepturi velit consequatur perspiciatis. Eos enim repellat laudantium est et doloremque qui. Totam et maxime quia deserunt non.', 86, '1971-05-28 17:43:24', '1972-03-14 17:46:06', 1, 26);
INSERT INTO `messages` (`id`, `from_user_id`, `to_user_id`, `body`, `message_status_id`, `created_at`, `updated_at`, `is_important`, `media_id`) VALUES (87, 87, 87, 'Culpa dolorem perspiciatis accusamus numquam doloribus inventore vitae corrupti. Explicabo nostrum qui ut itaque quia quia. Non est illo voluptas reiciendis doloribus occaecati accusamus. Vel voluptas et ullam distinctio vero.', 87, '2010-05-20 20:54:48', '1973-03-05 08:01:36', 1, 27);
INSERT INTO `messages` (`id`, `from_user_id`, `to_user_id`, `body`, `message_status_id`, `created_at`, `updated_at`, `is_important`, `media_id`) VALUES (88, 88, 88, 'Quo vero dolorem dolorum quia assumenda. Illum vero deserunt at earum. Rerum inventore impedit ratione cupiditate voluptatem nam saepe. Aut illum et assumenda animi iure autem dolorum ipsum. Est quia est illum et libero sint ut at.', 88, '2002-07-25 08:27:20', '1982-08-22 12:55:29', 1, 28);
INSERT INTO `messages` (`id`, `from_user_id`, `to_user_id`, `body`, `message_status_id`, `created_at`, `updated_at`, `is_important`, `media_id`) VALUES (89, 89, 89, 'Voluptatem accusamus velit qui sed dicta exercitationem qui. Qui magni nihil cumque est fugiat officia.', 89, '1997-01-12 09:22:05', '1988-02-28 02:06:22', 0, 29);
INSERT INTO `messages` (`id`, `from_user_id`, `to_user_id`, `body`, `message_status_id`, `created_at`, `updated_at`, `is_important`, `media_id`) VALUES (90, 90, 90, 'Explicabo libero et dolorem ipsum. Ad et dolorum omnis voluptas sequi earum hic sunt.', 90, '1975-04-16 03:48:39', '2020-05-13 17:07:15', 0, 30);
INSERT INTO `messages` (`id`, `from_user_id`, `to_user_id`, `body`, `message_status_id`, `created_at`, `updated_at`, `is_important`, `media_id`) VALUES (91, 91, 91, 'Laboriosam in ducimus id omnis aperiam ut aut. Dolorem ab doloribus ea. Voluptas est unde ad earum quod alias porro totam.', 91, '1991-01-24 16:05:46', '2014-06-02 15:51:00', 0, 31);
INSERT INTO `messages` (`id`, `from_user_id`, `to_user_id`, `body`, `message_status_id`, `created_at`, `updated_at`, `is_important`, `media_id`) VALUES (92, 92, 92, 'Doloremque debitis quia aspernatur voluptas molestias vel. Rem deleniti ducimus illum eum animi veritatis. Molestiae a sed commodi ullam. Eos aperiam vitae et sint voluptas.', 92, '1979-09-21 21:59:20', '1989-09-05 14:19:18', 1, 32);
INSERT INTO `messages` (`id`, `from_user_id`, `to_user_id`, `body`, `message_status_id`, `created_at`, `updated_at`, `is_important`, `media_id`) VALUES (93, 93, 93, 'In dolorem fugit qui eum. Nostrum earum quasi nam veritatis vitae iusto est. Aspernatur voluptate modi nemo quaerat molestiae. Sapiente magni harum et quisquam numquam enim ad ipsam.', 93, '1976-03-24 15:30:04', '2007-11-22 07:13:02', 1, 33);
INSERT INTO `messages` (`id`, `from_user_id`, `to_user_id`, `body`, `message_status_id`, `created_at`, `updated_at`, `is_important`, `media_id`) VALUES (94, 94, 94, 'Assumenda tempore sit hic iste sapiente. Qui quidem aliquam enim deleniti ut. Rerum eaque quis omnis illum vel. Saepe nihil doloremque in praesentium ad voluptates.', 94, '1982-05-05 16:39:44', '1971-08-13 21:39:52', 0, 34);
INSERT INTO `messages` (`id`, `from_user_id`, `to_user_id`, `body`, `message_status_id`, `created_at`, `updated_at`, `is_important`, `media_id`) VALUES (95, 95, 95, 'Animi qui facilis blanditiis iusto veritatis repellat commodi odio. Placeat voluptatem fugit ea in veritatis. Sint dolor exercitationem numquam. Quae voluptatem aut et quo. Sit odit veniam eum voluptatem.', 95, '1998-12-08 21:33:57', '1992-06-03 08:18:43', 1, 35);
INSERT INTO `messages` (`id`, `from_user_id`, `to_user_id`, `body`, `message_status_id`, `created_at`, `updated_at`, `is_important`, `media_id`) VALUES (96, 96, 96, 'Quo quidem rerum consequuntur ut voluptas pariatur distinctio. Dolorum sequi dolor unde aspernatur voluptates. Ipsum ratione omnis corrupti amet unde accusantium. Omnis earum fugit amet est aut fugiat.', 96, '1973-06-06 01:20:59', '2002-11-28 01:42:05', 0, 36);
INSERT INTO `messages` (`id`, `from_user_id`, `to_user_id`, `body`, `message_status_id`, `created_at`, `updated_at`, `is_important`, `media_id`) VALUES (97, 97, 97, 'Nisi nesciunt porro optio ullam. Sit ea modi aut ea quis.', 97, '2018-09-16 02:35:05', '2002-10-20 06:50:01', 1, 37);
INSERT INTO `messages` (`id`, `from_user_id`, `to_user_id`, `body`, `message_status_id`, `created_at`, `updated_at`, `is_important`, `media_id`) VALUES (98, 98, 98, 'Aut tenetur iure consequatur voluptatibus magnam amet veniam. Neque non nam labore ut beatae. Impedit odit magni et et quibusdam et cum fugit. Rerum iste qui sit consectetur earum.', 98, '1996-11-06 16:14:33', '1977-10-05 00:41:16', 0, 38);
INSERT INTO `messages` (`id`, `from_user_id`, `to_user_id`, `body`, `message_status_id`, `created_at`, `updated_at`, `is_important`, `media_id`) VALUES (99, 99, 99, 'Non commodi ad molestias ut odit iusto. Commodi explicabo repellendus iste quia. Illum labore iusto dolor deleniti tempora. Aut ut consequatur accusantium mollitia quis ut.', 99, '2011-10-28 19:07:15', '1975-05-13 21:44:48', 0, 39);
INSERT INTO `messages` (`id`, `from_user_id`, `to_user_id`, `body`, `message_status_id`, `created_at`, `updated_at`, `is_important`, `media_id`) VALUES (100, 100, 100, 'Hic fuga ab quibusdam omnis maxime exercitationem. Qui enim dolorem expedita. Quae velit voluptas est perspiciatis sint eos.', 100, '2000-10-13 14:46:52', '1989-06-20 23:07:16', 0, 40);


INSERT INTO `profiles` (`user_id`, `gender`, `birthday`, `city`, `country`, `created_at`, `updated_at`) VALUES (1, 'M', '2014-10-19', 'Lake Judd', 'Cameroon', '1984-10-06 22:44:14', '1986-12-02 11:20:28');
INSERT INTO `profiles` (`user_id`, `gender`, `birthday`, `city`, `country`, `created_at`, `updated_at`) VALUES (2, 'M', '1970-07-16', 'Port Ellis', 'Gibraltar', '1971-08-19 16:57:38', '1970-02-28 08:09:05');
INSERT INTO `profiles` (`user_id`, `gender`, `birthday`, `city`, `country`, `created_at`, `updated_at`) VALUES (3, 'M', '2017-07-21', 'Morarfort', 'Russian Federation', '2016-04-12 00:39:22', '2011-07-15 14:34:17');
INSERT INTO `profiles` (`user_id`, `gender`, `birthday`, `city`, `country`, `created_at`, `updated_at`) VALUES (4, 'F', '1970-08-15', 'West Sabina', 'Palestinian Territory', '1970-09-14 14:16:02', '2003-05-03 20:46:38');
INSERT INTO `profiles` (`user_id`, `gender`, `birthday`, `city`, `country`, `created_at`, `updated_at`) VALUES (5, 'F', '1982-10-21', 'Lillianmouth', 'Saint Lucia', '1971-09-28 23:19:03', '1997-01-30 17:15:38');
INSERT INTO `profiles` (`user_id`, `gender`, `birthday`, `city`, `country`, `created_at`, `updated_at`) VALUES (6, 'F', '2006-01-16', 'Hughville', 'El Salvador', '2009-08-23 01:17:13', '2010-08-17 07:11:04');
INSERT INTO `profiles` (`user_id`, `gender`, `birthday`, `city`, `country`, `created_at`, `updated_at`) VALUES (7, 'M', '1999-10-05', 'Willport', 'Armenia', '1989-08-18 20:48:19', '1983-03-25 16:52:21');
INSERT INTO `profiles` (`user_id`, `gender`, `birthday`, `city`, `country`, `created_at`, `updated_at`) VALUES (8, 'F', '2011-01-09', 'North Gideonhaven', 'Niue', '1985-09-22 08:42:56', '1978-01-05 20:24:36');
INSERT INTO `profiles` (`user_id`, `gender`, `birthday`, `city`, `country`, `created_at`, `updated_at`) VALUES (9, 'M', '1988-09-01', 'Lake Nyahberg', 'Ireland', '2005-10-17 21:12:35', '2018-09-07 15:34:06');
INSERT INTO `profiles` (`user_id`, `gender`, `birthday`, `city`, `country`, `created_at`, `updated_at`) VALUES (10, 'M', '2013-07-20', 'North Tiffany', 'Solomon Islands', '2004-12-05 01:46:37', '1998-02-06 01:13:08');
INSERT INTO `profiles` (`user_id`, `gender`, `birthday`, `city`, `country`, `created_at`, `updated_at`) VALUES (11, 'F', '1973-06-07', 'Flavietown', 'Bulgaria', '2009-05-02 01:14:00', '1977-10-11 22:44:24');
INSERT INTO `profiles` (`user_id`, `gender`, `birthday`, `city`, `country`, `created_at`, `updated_at`) VALUES (12, 'F', '2001-08-03', 'Einarchester', 'Norway', '1977-08-18 10:01:29', '2015-05-09 16:52:40');
INSERT INTO `profiles` (`user_id`, `gender`, `birthday`, `city`, `country`, `created_at`, `updated_at`) VALUES (13, 'M', '2007-01-18', 'Sarahside', 'Guinea-Bissau', '1995-01-13 19:47:28', '1974-10-01 09:31:19');
INSERT INTO `profiles` (`user_id`, `gender`, `birthday`, `city`, `country`, `created_at`, `updated_at`) VALUES (14, 'F', '1990-05-13', 'Feltonburgh', 'Cote d\'Ivoire', '1978-03-22 07:42:13', '1979-07-31 05:31:59');
INSERT INTO `profiles` (`user_id`, `gender`, `birthday`, `city`, `country`, `created_at`, `updated_at`) VALUES (15, 'M', '1999-09-23', 'South Wayne', 'Sao Tome and Principe', '1984-01-08 12:55:02', '1979-12-08 11:07:49');
INSERT INTO `profiles` (`user_id`, `gender`, `birthday`, `city`, `country`, `created_at`, `updated_at`) VALUES (16, 'F', '2000-04-19', 'North Ressie', 'Tajikistan', '1974-01-17 21:30:22', '2002-01-15 07:50:00');
INSERT INTO `profiles` (`user_id`, `gender`, `birthday`, `city`, `country`, `created_at`, `updated_at`) VALUES (17, 'F', '1998-05-18', 'Port Alanisbury', 'Niger', '1993-12-02 02:49:25', '2017-04-17 23:27:39');
INSERT INTO `profiles` (`user_id`, `gender`, `birthday`, `city`, `country`, `created_at`, `updated_at`) VALUES (18, 'F', '2003-05-31', 'East Valentina', 'Niger', '2016-10-31 16:57:55', '1986-04-18 10:48:55');
INSERT INTO `profiles` (`user_id`, `gender`, `birthday`, `city`, `country`, `created_at`, `updated_at`) VALUES (19, 'M', '2017-11-28', 'South Estelleberg', 'Korea', '1970-04-19 14:27:00', '1982-12-04 15:02:19');
INSERT INTO `profiles` (`user_id`, `gender`, `birthday`, `city`, `country`, `created_at`, `updated_at`) VALUES (20, 'M', '1990-03-21', 'Hamilltown', 'Iran', '1975-08-16 10:16:52', '1977-10-26 21:25:30');
INSERT INTO `profiles` (`user_id`, `gender`, `birthday`, `city`, `country`, `created_at`, `updated_at`) VALUES (21, 'F', '2015-01-19', 'Port Keegan', 'Lao People\'s Democratic Republic', '1988-05-06 18:31:17', '2005-05-11 13:55:48');
INSERT INTO `profiles` (`user_id`, `gender`, `birthday`, `city`, `country`, `created_at`, `updated_at`) VALUES (22, 'M', '2004-08-21', 'Berniceview', 'Uzbekistan', '1989-10-18 13:11:09', '1978-04-23 19:34:51');
INSERT INTO `profiles` (`user_id`, `gender`, `birthday`, `city`, `country`, `created_at`, `updated_at`) VALUES (23, 'F', '2018-11-27', 'Port Gennaromouth', 'Reunion', '1994-09-15 12:37:31', '1979-02-12 01:33:20');
INSERT INTO `profiles` (`user_id`, `gender`, `birthday`, `city`, `country`, `created_at`, `updated_at`) VALUES (24, 'F', '2003-05-27', 'West Albinafort', 'Burkina Faso', '2016-11-30 23:27:31', '2002-09-07 15:52:19');
INSERT INTO `profiles` (`user_id`, `gender`, `birthday`, `city`, `country`, `created_at`, `updated_at`) VALUES (25, 'F', '1999-07-18', 'Bergstrommouth', 'Guinea', '1977-10-29 06:02:57', '1998-06-08 08:34:18');
INSERT INTO `profiles` (`user_id`, `gender`, `birthday`, `city`, `country`, `created_at`, `updated_at`) VALUES (26, 'F', '2012-12-31', 'Effertzfurt', 'Hungary', '1991-09-01 12:07:52', '2015-06-23 23:18:19');
INSERT INTO `profiles` (`user_id`, `gender`, `birthday`, `city`, `country`, `created_at`, `updated_at`) VALUES (27, 'M', '1981-11-22', 'South Groverchester', 'Christmas Island', '1990-11-23 01:53:37', '1994-10-09 06:04:56');
INSERT INTO `profiles` (`user_id`, `gender`, `birthday`, `city`, `country`, `created_at`, `updated_at`) VALUES (28, 'F', '2021-02-04', 'Baileybury', 'United States of America', '1972-10-03 19:43:17', '1990-09-07 23:47:51');
INSERT INTO `profiles` (`user_id`, `gender`, `birthday`, `city`, `country`, `created_at`, `updated_at`) VALUES (29, 'M', '2006-10-15', 'West Jarenburgh', 'Bahamas', '2013-08-14 06:36:13', '2017-02-06 15:31:54');
INSERT INTO `profiles` (`user_id`, `gender`, `birthday`, `city`, `country`, `created_at`, `updated_at`) VALUES (30, 'F', '2001-11-13', 'Seamusburgh', 'Azerbaijan', '1995-06-15 19:15:10', '1976-01-20 01:52:36');
INSERT INTO `profiles` (`user_id`, `gender`, `birthday`, `city`, `country`, `created_at`, `updated_at`) VALUES (31, 'M', '2012-02-05', 'South Emely', 'United Arab Emirates', '2013-11-28 14:55:09', '2016-02-28 19:56:55');
INSERT INTO `profiles` (`user_id`, `gender`, `birthday`, `city`, `country`, `created_at`, `updated_at`) VALUES (32, 'F', '1978-06-11', 'West Elvis', 'Mauritania', '2021-03-02 00:53:32', '1984-08-10 05:53:48');
INSERT INTO `profiles` (`user_id`, `gender`, `birthday`, `city`, `country`, `created_at`, `updated_at`) VALUES (33, 'M', '2015-01-28', 'Adrielfort', 'Bahrain', '2015-05-10 02:36:41', '1994-09-20 11:17:21');
INSERT INTO `profiles` (`user_id`, `gender`, `birthday`, `city`, `country`, `created_at`, `updated_at`) VALUES (34, 'F', '1998-05-13', 'Vandervortmouth', 'Tanzania', '1986-03-21 07:24:55', '2005-12-23 17:50:18');
INSERT INTO `profiles` (`user_id`, `gender`, `birthday`, `city`, `country`, `created_at`, `updated_at`) VALUES (35, 'F', '1984-03-01', 'Kshlerinmouth', 'Ethiopia', '1979-01-31 12:34:53', '2012-11-21 08:46:52');
INSERT INTO `profiles` (`user_id`, `gender`, `birthday`, `city`, `country`, `created_at`, `updated_at`) VALUES (36, 'F', '2005-09-16', 'Huelsburgh', 'Andorra', '1986-03-06 02:19:34', '2012-01-19 02:09:40');
INSERT INTO `profiles` (`user_id`, `gender`, `birthday`, `city`, `country`, `created_at`, `updated_at`) VALUES (37, 'M', '1993-04-16', 'Lake Constantin', 'Wallis and Futuna', '1973-08-22 07:52:50', '2003-08-27 07:04:38');
INSERT INTO `profiles` (`user_id`, `gender`, `birthday`, `city`, `country`, `created_at`, `updated_at`) VALUES (38, 'F', '1998-03-25', 'New Sarahmouth', 'Comoros', '1972-07-20 13:33:50', '1970-11-27 20:17:21');
INSERT INTO `profiles` (`user_id`, `gender`, `birthday`, `city`, `country`, `created_at`, `updated_at`) VALUES (39, 'M', '2012-12-27', 'Wizaville', 'Tajikistan', '2006-08-22 22:08:54', '2011-04-11 22:12:18');
INSERT INTO `profiles` (`user_id`, `gender`, `birthday`, `city`, `country`, `created_at`, `updated_at`) VALUES (40, 'M', '2019-01-18', 'Kellieport', 'Kyrgyz Republic', '1975-08-08 02:26:15', '2017-02-17 21:01:16');
INSERT INTO `profiles` (`user_id`, `gender`, `birthday`, `city`, `country`, `created_at`, `updated_at`) VALUES (41, 'M', '1993-09-23', 'Pourosport', 'Vietnam', '1996-04-15 12:16:13', '2011-11-27 06:57:22');
INSERT INTO `profiles` (`user_id`, `gender`, `birthday`, `city`, `country`, `created_at`, `updated_at`) VALUES (42, 'F', '2002-10-07', 'Maximillianchester', 'Tuvalu', '2016-12-15 18:58:55', '1971-02-16 22:53:58');
INSERT INTO `profiles` (`user_id`, `gender`, `birthday`, `city`, `country`, `created_at`, `updated_at`) VALUES (43, 'M', '1980-05-01', 'Bartonfurt', 'Switzerland', '1997-02-06 19:37:07', '2005-09-13 07:28:32');
INSERT INTO `profiles` (`user_id`, `gender`, `birthday`, `city`, `country`, `created_at`, `updated_at`) VALUES (44, 'F', '2017-09-13', 'Port Maxwell', 'Chad', '1985-06-07 21:23:26', '1995-03-12 12:44:06');
INSERT INTO `profiles` (`user_id`, `gender`, `birthday`, `city`, `country`, `created_at`, `updated_at`) VALUES (45, 'F', '2009-06-12', 'West Lorainehaven', 'Liechtenstein', '2006-02-11 08:30:33', '1992-12-14 15:13:41');
INSERT INTO `profiles` (`user_id`, `gender`, `birthday`, `city`, `country`, `created_at`, `updated_at`) VALUES (46, 'M', '1990-05-27', 'North Kianachester', 'Aruba', '1988-11-25 06:37:50', '1975-03-08 15:53:15');
INSERT INTO `profiles` (`user_id`, `gender`, `birthday`, `city`, `country`, `created_at`, `updated_at`) VALUES (47, 'F', '1986-06-26', 'West Akeembury', 'Jordan', '2011-01-04 23:03:14', '1970-03-13 12:27:36');
INSERT INTO `profiles` (`user_id`, `gender`, `birthday`, `city`, `country`, `created_at`, `updated_at`) VALUES (48, 'M', '2014-10-08', 'Brendamouth', 'Togo', '2000-12-31 17:37:08', '1991-12-26 20:32:18');
INSERT INTO `profiles` (`user_id`, `gender`, `birthday`, `city`, `country`, `created_at`, `updated_at`) VALUES (49, 'M', '1988-03-16', 'Lake Ulisesview', 'Korea', '1987-02-25 12:30:12', '2009-11-10 18:52:36');
INSERT INTO `profiles` (`user_id`, `gender`, `birthday`, `city`, `country`, `created_at`, `updated_at`) VALUES (50, 'F', '1992-10-06', 'Waltonberg', 'Vanuatu', '1999-03-12 08:48:47', '1999-03-05 02:35:33');
INSERT INTO `profiles` (`user_id`, `gender`, `birthday`, `city`, `country`, `created_at`, `updated_at`) VALUES (51, 'F', '2009-09-08', 'West Marielachester', 'Maldives', '1981-06-21 18:12:42', '1987-04-30 02:07:00');
INSERT INTO `profiles` (`user_id`, `gender`, `birthday`, `city`, `country`, `created_at`, `updated_at`) VALUES (52, 'F', '1984-03-01', 'Makaylamouth', 'Malaysia', '1980-07-13 02:28:58', '1984-10-19 07:06:27');
INSERT INTO `profiles` (`user_id`, `gender`, `birthday`, `city`, `country`, `created_at`, `updated_at`) VALUES (53, 'M', '1986-03-26', 'Naomieburgh', 'Mauritius', '2010-12-09 15:19:14', '1973-11-30 02:22:31');
INSERT INTO `profiles` (`user_id`, `gender`, `birthday`, `city`, `country`, `created_at`, `updated_at`) VALUES (54, 'M', '1998-07-28', 'North Clotilde', 'Tanzania', '1992-02-07 17:25:18', '2019-07-05 12:55:45');
INSERT INTO `profiles` (`user_id`, `gender`, `birthday`, `city`, `country`, `created_at`, `updated_at`) VALUES (55, 'F', '1996-05-02', 'Desireefurt', 'Israel', '1985-06-01 08:13:09', '1975-01-11 23:46:25');
INSERT INTO `profiles` (`user_id`, `gender`, `birthday`, `city`, `country`, `created_at`, `updated_at`) VALUES (56, 'M', '2005-09-12', 'Aiyanaland', 'Colombia', '2003-01-08 08:14:22', '1975-11-27 22:41:55');
INSERT INTO `profiles` (`user_id`, `gender`, `birthday`, `city`, `country`, `created_at`, `updated_at`) VALUES (57, 'M', '2019-05-27', 'Paxtonberg', 'Indonesia', '1983-11-05 05:37:09', '2017-01-17 16:24:00');
INSERT INTO `profiles` (`user_id`, `gender`, `birthday`, `city`, `country`, `created_at`, `updated_at`) VALUES (58, 'F', '1980-01-04', 'Altenwerthport', 'Colombia', '2019-09-05 00:16:49', '1985-07-14 14:30:59');
INSERT INTO `profiles` (`user_id`, `gender`, `birthday`, `city`, `country`, `created_at`, `updated_at`) VALUES (59, 'F', '1999-04-29', 'Spinkatown', 'Czech Republic', '2013-06-30 01:09:27', '2017-02-02 22:29:01');
INSERT INTO `profiles` (`user_id`, `gender`, `birthday`, `city`, `country`, `created_at`, `updated_at`) VALUES (60, 'M', '1992-10-04', 'Madonnachester', 'Svalbard & Jan Mayen Islands', '2017-07-31 20:22:51', '1979-04-19 14:39:14');
INSERT INTO `profiles` (`user_id`, `gender`, `birthday`, `city`, `country`, `created_at`, `updated_at`) VALUES (61, 'M', '2005-05-06', 'Macktown', 'Serbia', '2000-07-27 09:41:56', '1981-09-16 09:32:32');
INSERT INTO `profiles` (`user_id`, `gender`, `birthday`, `city`, `country`, `created_at`, `updated_at`) VALUES (62, 'M', '1980-04-03', 'Muellerfort', 'Somalia', '1992-08-12 08:03:04', '2010-12-13 13:07:58');
INSERT INTO `profiles` (`user_id`, `gender`, `birthday`, `city`, `country`, `created_at`, `updated_at`) VALUES (63, 'F', '2012-08-17', 'North Joshualand', 'France', '2020-11-03 08:47:22', '1977-01-30 13:05:07');
INSERT INTO `profiles` (`user_id`, `gender`, `birthday`, `city`, `country`, `created_at`, `updated_at`) VALUES (64, 'M', '1983-05-27', 'North Kacey', 'Reunion', '1985-03-20 23:32:26', '2000-08-16 18:56:46');
INSERT INTO `profiles` (`user_id`, `gender`, `birthday`, `city`, `country`, `created_at`, `updated_at`) VALUES (65, 'M', '1973-10-18', 'North Mariellefurt', 'Italy', '2007-02-05 23:58:08', '1992-03-22 05:02:35');
INSERT INTO `profiles` (`user_id`, `gender`, `birthday`, `city`, `country`, `created_at`, `updated_at`) VALUES (66, 'M', '1994-08-29', 'Kemmerberg', 'Norfolk Island', '1988-06-17 00:42:53', '2009-11-06 05:40:34');
INSERT INTO `profiles` (`user_id`, `gender`, `birthday`, `city`, `country`, `created_at`, `updated_at`) VALUES (67, 'M', '1989-06-14', 'East Brittanychester', 'Liechtenstein', '1983-04-28 08:30:08', '2017-11-03 12:35:54');
INSERT INTO `profiles` (`user_id`, `gender`, `birthday`, `city`, `country`, `created_at`, `updated_at`) VALUES (68, 'F', '2003-05-11', 'Smithamview', 'Bahamas', '1975-10-03 04:39:23', '2015-11-08 07:35:12');
INSERT INTO `profiles` (`user_id`, `gender`, `birthday`, `city`, `country`, `created_at`, `updated_at`) VALUES (69, 'M', '2005-05-07', 'Daishashire', 'United States Minor Outlying Islands', '1994-04-12 15:16:41', '1995-09-11 20:40:31');
INSERT INTO `profiles` (`user_id`, `gender`, `birthday`, `city`, `country`, `created_at`, `updated_at`) VALUES (70, 'M', '1995-01-06', 'South Katlynnfort', 'Lebanon', '1984-06-24 05:36:32', '1981-08-24 08:52:56');
INSERT INTO `profiles` (`user_id`, `gender`, `birthday`, `city`, `country`, `created_at`, `updated_at`) VALUES (71, 'M', '2013-05-12', 'West Estellstad', 'Rwanda', '1997-10-13 05:12:29', '1986-01-30 16:48:41');
INSERT INTO `profiles` (`user_id`, `gender`, `birthday`, `city`, `country`, `created_at`, `updated_at`) VALUES (72, 'F', '1999-03-29', 'Johnsport', 'Faroe Islands', '2009-10-11 01:02:01', '1991-07-14 03:15:39');
INSERT INTO `profiles` (`user_id`, `gender`, `birthday`, `city`, `country`, `created_at`, `updated_at`) VALUES (73, 'M', '1979-12-18', 'Jamaalberg', 'Kiribati', '2005-10-21 02:06:29', '1996-06-05 15:37:47');
INSERT INTO `profiles` (`user_id`, `gender`, `birthday`, `city`, `country`, `created_at`, `updated_at`) VALUES (74, 'M', '1995-08-24', 'New Lupe', 'French Guiana', '1989-03-07 18:40:19', '2011-01-10 06:03:55');
INSERT INTO `profiles` (`user_id`, `gender`, `birthday`, `city`, `country`, `created_at`, `updated_at`) VALUES (75, 'F', '1992-07-05', 'Jacobsberg', 'Romania', '2003-05-25 19:54:31', '2015-09-20 12:11:38');
INSERT INTO `profiles` (`user_id`, `gender`, `birthday`, `city`, `country`, `created_at`, `updated_at`) VALUES (76, 'M', '2006-01-25', 'Windlerstad', 'Vanuatu', '2001-05-07 13:31:32', '2014-03-17 10:42:41');
INSERT INTO `profiles` (`user_id`, `gender`, `birthday`, `city`, `country`, `created_at`, `updated_at`) VALUES (77, 'M', '2007-06-28', 'Lake Dejuan', 'Albania', '2017-12-01 13:21:13', '1979-07-03 07:45:41');
INSERT INTO `profiles` (`user_id`, `gender`, `birthday`, `city`, `country`, `created_at`, `updated_at`) VALUES (78, 'M', '1991-10-28', 'Millerburgh', 'Czech Republic', '1980-11-16 22:32:46', '1982-02-13 14:50:29');
INSERT INTO `profiles` (`user_id`, `gender`, `birthday`, `city`, `country`, `created_at`, `updated_at`) VALUES (79, 'F', '2016-04-16', 'Kassandraport', 'Turkey', '1985-02-12 10:46:02', '1991-09-21 03:37:40');
INSERT INTO `profiles` (`user_id`, `gender`, `birthday`, `city`, `country`, `created_at`, `updated_at`) VALUES (80, 'M', '1974-01-13', 'Ornview', 'Anguilla', '2012-07-04 09:21:04', '1997-05-04 00:40:08');
INSERT INTO `profiles` (`user_id`, `gender`, `birthday`, `city`, `country`, `created_at`, `updated_at`) VALUES (81, 'M', '1981-02-22', 'West Theodore', 'Pitcairn Islands', '2017-10-25 09:43:06', '1988-12-18 00:19:50');
INSERT INTO `profiles` (`user_id`, `gender`, `birthday`, `city`, `country`, `created_at`, `updated_at`) VALUES (82, 'F', '1976-07-24', 'Funkfort', 'Kiribati', '2014-01-31 03:55:56', '1989-11-08 10:02:43');
INSERT INTO `profiles` (`user_id`, `gender`, `birthday`, `city`, `country`, `created_at`, `updated_at`) VALUES (83, 'M', '1972-06-05', 'Ratkeville', 'Hungary', '2008-03-23 18:01:08', '2000-08-14 00:36:38');
INSERT INTO `profiles` (`user_id`, `gender`, `birthday`, `city`, `country`, `created_at`, `updated_at`) VALUES (84, 'F', '1971-09-04', 'Dorianmouth', 'Mali', '1983-05-26 07:33:07', '2017-12-14 05:36:54');
INSERT INTO `profiles` (`user_id`, `gender`, `birthday`, `city`, `country`, `created_at`, `updated_at`) VALUES (85, 'M', '2015-06-02', 'New Ulices', 'Paraguay', '1972-06-09 08:25:06', '1981-03-10 13:24:54');
INSERT INTO `profiles` (`user_id`, `gender`, `birthday`, `city`, `country`, `created_at`, `updated_at`) VALUES (86, 'M', '2010-12-19', 'Jastmouth', 'Montenegro', '1993-10-24 00:38:46', '1976-02-03 18:43:46');
INSERT INTO `profiles` (`user_id`, `gender`, `birthday`, `city`, `country`, `created_at`, `updated_at`) VALUES (87, 'F', '2005-06-22', 'North Lowellton', 'Mauritania', '1984-10-18 19:37:45', '2011-04-23 19:59:17');
INSERT INTO `profiles` (`user_id`, `gender`, `birthday`, `city`, `country`, `created_at`, `updated_at`) VALUES (88, 'F', '2007-11-01', 'Jessycafort', 'Zimbabwe', '1977-12-26 01:16:08', '1990-07-11 03:15:48');
INSERT INTO `profiles` (`user_id`, `gender`, `birthday`, `city`, `country`, `created_at`, `updated_at`) VALUES (89, 'M', '1972-03-25', 'Gorczanymouth', 'Guernsey', '2014-10-14 10:21:31', '2012-03-29 12:13:22');
INSERT INTO `profiles` (`user_id`, `gender`, `birthday`, `city`, `country`, `created_at`, `updated_at`) VALUES (90, 'M', '2011-04-08', 'North Vallie', 'Gambia', '1983-03-24 15:03:46', '1985-02-10 10:22:03');
INSERT INTO `profiles` (`user_id`, `gender`, `birthday`, `city`, `country`, `created_at`, `updated_at`) VALUES (91, 'M', '1998-12-13', 'Boyerland', 'Somalia', '1993-11-11 21:23:13', '2009-04-27 14:14:28');
INSERT INTO `profiles` (`user_id`, `gender`, `birthday`, `city`, `country`, `created_at`, `updated_at`) VALUES (92, 'F', '1999-10-01', 'Lake Willy', 'Malta', '1989-03-17 17:09:07', '2001-05-06 19:23:57');
INSERT INTO `profiles` (`user_id`, `gender`, `birthday`, `city`, `country`, `created_at`, `updated_at`) VALUES (93, 'M', '2021-02-26', 'Klockoside', 'Montserrat', '2003-01-12 09:18:15', '1996-12-30 16:09:21');
INSERT INTO `profiles` (`user_id`, `gender`, `birthday`, `city`, `country`, `created_at`, `updated_at`) VALUES (94, 'M', '2011-01-06', 'Jayhaven', 'Estonia', '1982-03-26 07:28:41', '2014-09-17 12:04:21');
INSERT INTO `profiles` (`user_id`, `gender`, `birthday`, `city`, `country`, `created_at`, `updated_at`) VALUES (95, 'M', '1989-11-09', 'Port Cliftonside', 'Greece', '1971-09-08 16:22:00', '1994-10-19 20:37:28');
INSERT INTO `profiles` (`user_id`, `gender`, `birthday`, `city`, `country`, `created_at`, `updated_at`) VALUES (96, 'F', '2020-11-28', 'West Skye', 'Argentina', '1970-04-01 09:49:43', '2009-02-11 23:03:09');
INSERT INTO `profiles` (`user_id`, `gender`, `birthday`, `city`, `country`, `created_at`, `updated_at`) VALUES (97, 'F', '2016-04-14', 'Lake Alisafurt', 'Guyana', '1983-03-26 04:12:56', '2003-04-23 20:45:14');
INSERT INTO `profiles` (`user_id`, `gender`, `birthday`, `city`, `country`, `created_at`, `updated_at`) VALUES (98, 'F', '2006-12-15', 'North Anya', 'Oman', '1973-05-23 14:08:40', '1999-12-29 05:13:03');
INSERT INTO `profiles` (`user_id`, `gender`, `birthday`, `city`, `country`, `created_at`, `updated_at`) VALUES (99, 'F', '1983-10-12', 'Eichmannfurt', 'Burundi', '1977-03-27 01:56:11', '1997-06-02 10:30:21');
INSERT INTO `profiles` (`user_id`, `gender`, `birthday`, `city`, `country`, `created_at`, `updated_at`) VALUES (100, 'M', '1993-10-31', 'West Chasityfort', 'Armenia', '1991-11-29 07:16:53', '2000-01-28 23:54:26');

COMMIT;

-- 3)Повторить все действия CRUD.

-- DELETE FROM media_types WHERE id = 1;
-- COMMIT;

-- ALTER TABLE media DROP FOREIGN KEY fk_media_type;

-- TRUNCATE TABLE media_types;
-- INSERT INTO `media_types` (`id`, `name`, `created_at`, `updated_at`) VALUES (1, 'photo', current_timestamp(), current_timestamp());
-- INSERT INTO `media_types` (`id`, `name`, `created_at`, `updated_at`) VALUES (2, 'audio', current_timestamp(), current_timestamp());
-- INSERT INTO `media_types` (`id`, `name`, `created_at`, `updated_at`) VALUES (3, 'gif', current_timestamp(), current_timestamp());
-- INSERT INTO `media_types` (`id`, `name`, `created_at`, `updated_at`) VALUES (4, 'video', current_timestamp(), current_timestamp());
-- INSERT INTO `media_types` (`id`, `name`, `created_at`, `updated_at`) VALUES (5, 'file', current_timestamp(), current_timestamp());
-- COMMIT;

-- SELECT * FROM media_types;
